m1_a11,m1_a12,m1_a22,m1_b1,m1_b2,m2_a33,m2_a34,m2_a44,m2_b3,m2_b4,m3_a13,m3_a14,m3_a23,m3_a24
0.7947278746918998,1.9790808719355284,0.8580288958006459,1.4175918527277427,1.4569017729786344,1.4581581463250297,0.9957048552635982,1.6702264507018318,0.31777975498367284,0.34640643218913275,1.9865415903233812,0.9936901668140353,2.0083870050032,0.9981501546859592
0.808570701716282,1.9790445377408943,0.8776276975834894,1.416852958473806,1.442743061260704,1.568289019858057,1.064227118323298,1.6645635718098932,0.33461035903655917,0.3639559377003023,1.9958326917289388,0.970982357860568,1.9928545997463303,0.9604851177972203
0.8354694570737964,1.980701896926957,0.8679370499801551,1.4051112435592967,1.462669850617531,1.4682650172537206,0.9943334947251102,1.631812029208288,0.31079901801510207,0.3344398934086263,2.0021481560021503,1.0117145288162301,1.9944931525700962,0.9897600304987908
0.7875615147614325,2.1246048790136505,0.8273679888421107,1.5051740240705378,1.5364233639085458,1.5466557637075362,1.012092916013931,1.7165246220465764,0.2914001718277032,0.32053280857872263,2.0082888533820547,1.0322536224694527,2.029446646712619,1.0308426765792857
0.7805961535305636,2.022916127133893,0.8399176757529808,1.4497076894910252,1.483432735742037,1.4124744964481584,1.0550238785721684,1.6024838686221952,0.32646681844979875,0.3407548035351979,1.8550782042752882,0.9755016091053704,1.8830083987300925,0.9956831230492187
0.7879578309539712,2.0258024988314642,0.8300611558407257,1.4615451096102823,1.4750506472614875,1.5141081179619713,0.983836187526704,1.6619818221896372,0.2993386399727646,0.33631781895802976,2.0008793545922074,1.0384380893620402,2.017467440498909,1.022005898377998
0.8219696508248499,2.0618170072419106,0.8714958858406568,1.472847343763519,1.5068774593465109,1.3809187235132454,1.0814212582687839,1.549440872635447,0.30441683540580705,0.34469787957452214,1.8662254655532873,1.0034056448943383,1.906008353635168,1.0031426784217694
0.8078900266318325,2.014327349541591,0.8547623522531704,1.4498680748592445,1.4627689458019209,1.4839717508434946,1.079683776299898,1.6032411479764104,0.29914351241848963,0.32617977863470604,2.0439330843854595,1.0072323692921743,1.999782056236754,1.0033933095774465
0.7872857551095911,1.9844574712507579,0.8472860894601698,1.4078362110703755,1.45727883690972,1.5264212396326748,0.9947555464527807,1.68296246177577,0.2410619156143197,0.2928192917910949,1.9666924906517833,0.9490171144117745,1.9883745095002063,0.9634973368782738
0.8123184183947206,1.9882190090549012,0.8860215494672175,1.419046910607926,1.4492274650000438,1.4687418869261342,0.9768986294392314,1.673979740521046,0.33209470024589705,0.3375376489003615,1.870577796486599,0.945782130713028,1.8476417678552803,0.9692899692058133
0.802329861184353,1.9957039244351562,0.8621872234072488,1.4069810703632764,1.4541278281739318,1.436973742274642,1.0278895218556126,1.5930923436653666,0.3098200789191551,0.34032444311767984,1.9511477193568774,1.0043234908833905,1.9229013694409554,1.011642637485206
0.8232474797727893,1.9977666658094095,0.8873630844283843,1.429466072424015,1.4674273092724062,1.550767108157756,0.9860990022992456,1.6589671418138885,0.30659646121737016,0.3253980996830989,1.9657954796489208,1.0236919637389603,1.9831460600568627,1.0065397984436766
0.7831507257469436,2.043657772618219,0.8465028678221587,1.4530338966413423,1.4890660384496146,1.4937922326091846,0.9537377913173065,1.5889151106169697,0.2987644787545888,0.32163546178046587,2.0714419770533,0.9798585866906514,2.0623784456015852,0.9749275665780011
0.7921361084816536,2.003116753148438,0.8502020812852897,1.4432198974263468,1.4591551128956135,1.4706257611781597,1.0512495461409193,1.600216210982207,0.3032685564077226,0.3284186305126252,2.0117982645050145,1.0501028170174926,1.9850711133596781,1.0333800744107802
0.7905894043248283,2.0439584046329347,0.8661402743961968,1.4550120370098993,1.4985401609114317,1.5025137552692567,1.0486578954910832,1.6552092833160181,0.288054421283075,0.32511076115480936,2.020666696661035,1.0220480792276294,2.025091745610043,1.0154414322198846
0.7648756412448292,1.995157005193485,0.8261509040510078,1.4325570965801502,1.4541093583369535,1.6582001485167353,1.0062204641505423,1.8023046569438526,0.3123315870461454,0.3368607454906686,2.070873298053236,0.9727497624487604,2.0048983979471116,0.9990637414273092
0.8071068866495499,2.0047181114189656,0.8845631177050585,1.443998795101568,1.461158928423692,1.5692101709868926,0.9494854098508729,1.72239424836382,0.27385803311201734,0.3232052036653212,1.9942313427245306,1.0009254600116053,2.015488973232392,1.0009614161284868
0.8062653265323174,1.8801079589280736,0.854420287047741,1.3439680815534434,1.3729735714792777,1.5697544200912703,0.9508189499513046,1.7027540340907605,0.3037213686494109,0.3335906172327602,2.045251277661944,1.0743078740117022,2.031741102717955,1.0510278885993136
0.8001227229594191,2.054979660482149,0.8417146570666706,1.4638743386663005,1.4988579609612853,1.5261327791395418,1.0042891715367661,1.6591857024888328,0.3112314694114221,0.34172478142714824,2.0410316668359196,0.9627230799160088,2.030419895095998,0.9597836607156219
0.7943699087989965,2.0207893085538795,0.8563845071076027,1.4483720210457294,1.47139586586193,1.5099891163546288,0.9800051586197988,1.6431931830090682,0.2960266173235419,0.32934467936212597,1.9228118303858353,1.0158480981674531,1.9467694075984188,1.017996578842712
0.7660311021907901,2.0598806065915793,0.8385093671301324,1.4728189141632988,1.489975811920884,1.3562350627001751,0.9863562827143356,1.584419528702064,0.3074173558494205,0.3145751274874187,2.08837901465779,0.9903176634182997,2.0748323169972003,0.9755158805284304
0.7899045122536315,1.8262246773083786,0.8441776602263745,1.3159990332958331,1.3348373061027734,1.459261179212212,1.0408785262024,1.619027476683864,0.280173312155315,0.30850410589677313,1.9147818931957583,1.0212068887275554,1.9386581409760708,1.0043651048334636
0.7917748516033576,2.125302482286844,0.8469286560335764,1.5288502486793136,1.5501510698638064,1.4711655352078514,1.0293271726969022,1.5799076399328527,0.2806834645820807,0.3206032654651131,2.055041998968671,1.0380182093895514,2.0071624762739457,1.046522498220493
0.7807453455386812,1.9916246223106895,0.85516167415569,1.4309514876535379,1.4612040013252383,1.387506476157148,1.0551257072199045,1.547957262203351,0.3047343424205278,0.33787061147782343,1.908975617785662,0.988412887338659,1.9813278892652249,0.9905254617531825
0.7961291429200158,2.066490969004251,0.8497518195587805,1.474167242761765,1.5016910689707161,1.430555052587074,0.9603750710649097,1.5825830224044175,0.31357099309242104,0.33859572512807756,2.0360742072891003,1.0335673681512152,2.0436104783826234,1.0293580569726792
0.809697220563549,1.937605644372468,0.8796339618104717,1.3895007194900124,1.4230969602769712,1.381149811744642,0.9862723372525315,1.5430512863783974,0.26250268688996575,0.3081353205098464,2.1117148926890104,1.0666361018281587,2.0562826421295686,1.055348994771381
0.8452684616290528,2.0367664343037544,0.8739075159423038,1.4428277933761913,1.4956601877057507,1.4977005698581576,1.0303592678184046,1.6526423205760994,0.31044041270221534,0.3455617774742468,1.9872212806069873,1.001988242120327,1.9754031150902007,0.9952937212178854
0.8041898675079642,1.9367950662095805,0.8679316271078021,1.389421284321926,1.419592262653165,1.549125958250929,1.0179231336405157,1.6859022371947883,0.28913596999247326,0.3368398922499003,1.9846186614288113,1.0235466606248256,1.988496962672676,1.0110437043821672
0.8061812093773464,1.9625738623582516,0.8495318920155351,1.4011368808333626,1.4352706274958846,1.5664064711174597,1.061295215303505,1.69190556773816,0.29614387825385174,0.33366260784414165,2.036626399959011,0.9822867768939018,2.0548310848857816,0.9913734519608143
0.798213298021612,2.114841881232007,0.8659468486493265,1.499575831539716,1.538146659890804,1.5248870677247546,1.0168214682361627,1.6940050129109727,0.27320964152869925,0.2981531185298647,1.9802362126422475,1.0005777792709363,1.9410763277750738,0.9883256259805502
0.753949490832823,1.9885590559541992,0.8179711164125352,1.412617396397024,1.4640722909017807,1.442196219528086,1.0739243641642222,1.5991765156201574,0.2829676551962658,0.3170900392787799,2.109096722224569,0.9946997472187528,2.0669286504953224,0.9893202026422157
0.7993636669892188,2.0130459723907834,0.8589062325123814,1.4501302554070001,1.4581416597190469,1.3840760904888025,1.0216007120689257,1.6152321830501002,0.31932250651060623,0.3457563236690504,2.0115315349675216,1.0239080777697578,1.9807830250017606,1.0156696303673938
0.8014455250385847,2.0522040638413253,0.8679505150131938,1.4645382142873242,1.5082985135880476,1.3945878780359098,1.0424866979035463,1.5644605834098997,0.30065726747960425,0.32654317665650784,1.9807898295067565,1.0361402780727078,1.9815782487371523,1.0262562606063301
0.8591178106996469,2.0297409132783564,0.8876190369113796,1.4365405798510287,1.4672709260019425,1.42386104536473,0.9870594021286218,1.5980122781124086,0.29234443196580884,0.32520683091742497,1.967582868326259,0.9967103545264763,1.9696284895103193,1.0037665707508867
0.7953833368452531,2.0090251343086147,0.8687420361930189,1.4379805653387587,1.4750605238572152,1.4466684181178595,1.0005714884753596,1.6193171498623353,0.2976702329473793,0.3136456946255589,1.9440230917896189,1.0460086853719877,1.960295660258004,1.0410517891638882
0.8072371362160068,2.0218976601479737,0.8582801254195298,1.449433997485414,1.4679371822241332,1.4904150901205049,1.036437776153579,1.6432300529855777,0.309784236493286,0.3430950542498197,1.9623347007945506,1.0459014232468489,1.9606057901085805,1.0354685854810415
0.7991669175270742,2.1442049351142964,0.8661254170412198,1.538144659518899,1.5635990144475342,1.439150146912382,1.0645191268237222,1.6267977884672218,0.30880988992326674,0.33990335253551746,1.9789595963804842,1.025405612295397,1.9713198256533826,1.0016220539224154
0.7719517270971312,1.996542872177985,0.8295913015305243,1.4200979995239458,1.4420550477252938,1.5203385536200957,1.02916947797243,1.6743422030957005,0.29849945999206395,0.3398509229147121,1.9707416555900852,0.9845192040483481,1.9908813364754931,0.9886816056718292
0.8274277475483606,2.012065942802898,0.851935955427161,1.4368262628504096,1.4684772129544215,1.4860635898320316,0.9966731291226152,1.6138971449729644,0.32185918221793336,0.3368047799516735,1.9605094835517738,0.981645135497803,1.9746335415153216,1.0050887964464306
0.8180463927844827,2.063039263760457,0.8743494173377128,1.4881441123680044,1.4961681553048467,1.5006327427044615,1.0550934011811337,1.6259072113631217,0.3194092527381333,0.3343079428233567,2.125930473821146,0.9756285593592988,2.0977463919150807,0.9492597979209126
0.8189847667290332,2.066331555977479,0.8928239268567213,1.4666277267516579,1.5022138492530002,1.5684150331602722,0.9123208537488048,1.7595404590012034,0.3082674405826079,0.3280602698059596,1.9381942954106306,1.0284749821071448,1.961394474852153,1.021998273413299
0.7781747010849263,2.0712218183336226,0.8475764817798855,1.4740014941230692,1.509770186575803,1.4291860959479779,0.943110619939725,1.5835580339419753,0.3010922356582014,0.3288203524894736,2.0087979552587707,0.9636469537753191,1.9937716052331413,0.9719040693144787
0.8336670634624664,2.038323813321751,0.881004401752598,1.4584858128901426,1.4887642956537688,1.5251222746975421,1.0272653689467355,1.6797555944307334,0.3131464219023908,0.34541826268958054,2.0355512605856525,1.0203051296233303,2.0165602628192096,1.0152745277839232
0.7663555744929853,1.931419705236171,0.8338598520213002,1.3794974501203374,1.414291249341428,1.4991616062914357,1.000564334250125,1.6107062447360232,0.3062853484360237,0.32950253203173385,2.037806479735024,0.9675667195652766,2.0347283727358167,0.9884309877936437
0.8140845702512065,2.0980058919380657,0.8767722928673771,1.5012135634380381,1.5381018570988247,1.4799908231418182,1.0242205460449667,1.6310316099978004,0.32121600143611895,0.36096078574208335,1.9964835754530517,1.0247063835952592,1.9547834041390213,1.0380677841434864
0.8525709350194395,1.9312192764188787,0.8920532878228866,1.3828732409921312,1.401389903230978,1.5531153792519576,1.0025763008972777,1.6717746638463948,0.31799122753476616,0.3376640252152108,1.9855578456891614,1.0005165874819169,1.9902927976024787,1.0144240729635972
0.7762271281968636,2.018158127914342,0.8328470776947771,1.4298859067541616,1.473285215718792,1.5527408492734205,1.022837827784155,1.7035317634322813,0.2796349219716454,0.3156657993621893,2.0270928494743705,1.0400091568557948,2.025225324312749,1.042679842916757
0.7864088544895336,1.9547434489988385,0.8636396113679635,1.406158876483556,1.4466032525767338,1.4432105522406944,0.9674238871602724,1.5424359973156048,0.27828073658516583,0.31269695708292694,2.015991298998692,1.0342436373496382,2.0087612154228722,1.0156872630628655
0.8023916327621035,1.9961516992044204,0.8690798176474026,1.4284902623766642,1.4488142082893747,1.4890703649685246,1.0228194434431876,1.6396778927698563,0.2859750091119185,0.3286564142992049,1.9844624699139493,1.0430519623600634,1.983312516511808,1.0385400269717997
0.7879165843012113,2.0197257446182086,0.864554606389387,1.4418281982389125,1.476469997719637,1.516872700955044,1.0397765811283033,1.638922428496961,0.3195227738013384,0.3306267869405133,1.9062872856965343,1.0438245615486734,1.8889780879427174,1.0435988929875153
0.7627840776544128,2.0192814329270163,0.8375234093585839,1.4451416269996955,1.473548440356485,1.4836195951186448,1.0488220241572492,1.6461999237546372,0.2684738200645751,0.32315826771200357,1.971924576660005,1.004308925019646,1.9647639719493843,1.0045129327941862
0.8016455113953447,2.025315245254117,0.8604056506850575,1.4517144453562136,1.4749973616809087,1.5351012799372679,1.080542171785948,1.6557798241158828,0.3078951477821599,0.3410281944908507,1.9312069901775526,0.9652362080072618,1.9753469416724239,0.981923096770427
0.7745047108705735,2.096822676143519,0.8511706964681696,1.4893518360580484,1.5435410803576577,1.5168715210746164,1.0097639377400955,1.6434682413649164,0.30725086182185923,0.3356144908261316,1.9599704269960203,0.9684243083500786,1.9755658831899534,1.0011984529386784
0.8113662183352444,2.027212058090839,0.8737792491131002,1.4602859976458527,1.4868538328977183,1.6099536744213607,1.0109564434738871,1.7203929369307738,0.3232529611737238,0.34339154151930806,2.0019933943110177,0.9373945441205219,1.9862099909179471,0.963390623278321
0.7779338183783888,1.985350601882561,0.8394152627750006,1.412082259277684,1.4450695489159424,1.4081832518442128,0.9390731014330461,1.5597087192955714,0.3036067738132777,0.33102955697388076,2.021524168639797,0.9674900249971572,2.010487841091943,0.9891930031709619
0.837198425720421,2.0578452300973016,0.8834572022461545,1.4734008123466238,1.4924264051919234,1.4926538406151562,0.978743543954463,1.6358584255117417,0.27313581218832195,0.3166185622518569,2.1068271650775445,1.0020647097311395,2.072165729512643,0.9873892247976589
0.7812019209839304,2.0713682293354783,0.8444954098800259,1.4880645968982869,1.5150717626391557,1.4454898493092685,0.9922767170397355,1.5811342197774019,0.2808129007870375,0.31852330125661577,1.967755617265771,0.9832103745752452,1.986857014156206,0.9834750683540214
0.7922705236110639,1.9263435310917805,0.8654746621311048,1.3759582029917365,1.4076122970632179,1.5362464473263426,1.0420127820910543,1.6271135593439379,0.2763600895620435,0.309571208458897,2.046477538116509,0.9945959318677045,2.0305547274829694,1.0047030309877463
0.8195244132168721,2.0358440041909915,0.8598751554620973,1.4544698804567364,1.4906577690522145,1.4029696865972674,0.9755599550364148,1.609559295489665,0.2892411206733372,0.30503931476403845,2.01835760146627,1.014781462583842,2.0210605636131374,0.9989460521741917
0.7704592564055851,2.0420703645386538,0.8328790978929695,1.4545482122572215,1.4942536480565847,1.5207787626134932,1.0318536007899533,1.632717525994449,0.29634196865152146,0.3351145469247856,2.0777598602383875,0.9908780422580272,2.096570983563862,1.0064948104576539
0.8054590384304992,1.9821461897984005,0.8491990926925496,1.4197124541337611,1.448794358887365,1.4621970941190996,0.9999351313214648,1.619417462821123,0.27669116947557887,0.3059845560384495,2.0345737231757375,0.9663451359876225,2.04774869870175,0.9900059609682845
0.8313714261027784,2.0825424087986972,0.8843959817624637,1.4776983911364356,1.5273802004090127,1.455950288032739,0.9929132753954095,1.6426814867595412,0.32941323981304577,0.3411033255318949,1.939491114362821,0.9984029899730971,1.9951133946886175,0.9929385928145855
0.7614204023705305,1.9909966647780484,0.8347257157097061,1.428272504817807,1.45590268096911,1.4132101077875587,1.0099557587653303,1.5739190339522275,0.27349437256095116,0.3174699497061281,1.8966172382425261,0.9730452853968147,1.9098249252953055,0.9876169380971702
0.8044312126047753,2.0075345872082924,0.8568930753083286,1.4296199865746428,1.4705607507394136,1.4720954432279396,0.9843537451098863,1.610737998293374,0.3269220684772496,0.35823791572637037,2.01867570198005,0.9918764050906281,2.056777842225949,0.9913745764794656
0.8062371870619622,1.9896156905429678,0.8639058445473404,1.4298643726520175,1.4465712401070887,1.5650700318174555,0.9828385100762934,1.6979804888429824,0.3237032606287868,0.3378807485939253,1.9682929401259766,1.0402833089326902,1.9688857925982437,1.054939689920572
0.8187637489226555,2.0009347428548883,0.8889221551524353,1.4340919841684538,1.4437693705211732,1.4984886789882312,0.9318085637683954,1.6779261867071227,0.3179660509937807,0.3371248081863892,1.9411811752429642,0.9918848408771148,1.9681378613477511,1.002809297543369
0.770313182938926,1.934223494786288,0.8277592884077466,1.3790892620956572,1.416604946033265,1.5376608250724684,0.9900818317068845,1.650048150752053,0.28612466785006496,0.32108249223056096,1.9239453377280153,1.0531287266004323,1.9603205729969746,1.0366027505355697
0.7683090412859774,1.9135969470443424,0.8171007153619372,1.3641878985968934,1.3970900224857368,1.5998785093179766,0.9808012741540509,1.7208152842131177,0.306849017583538,0.35164748040607496,2.0096585298552294,1.042949079608139,1.9989345892817552,1.0368670747000692
0.8125265975748056,2.0956703037934985,0.8746712725202948,1.5000382772671155,1.5164924545713632,1.5158253350893545,0.9793607604260368,1.616602220098298,0.27445257732898765,0.31386343826491314,2.090462461958802,0.9826208407426287,2.0574967139882863,0.999484457681697
0.8071276321575965,1.9491823191009003,0.8465119596865058,1.3906756590906741,1.4271768088827388,1.4664720256762596,1.0166749225036016,1.6148045090370584,0.318218140700675,0.33714947989718314,1.9754796592576376,0.9666662870075268,2.000009257175463,0.9708850141761026
0.8060118284083011,1.9405164590326216,0.866058428979688,1.404792550633786,1.427460057751819,1.5280351329109674,1.0263452781116205,1.6744061924623184,0.2985203043692746,0.3148106230285351,2.0354162186645195,0.9984233751423942,2.0123626338828444,0.9954012487097458
0.8083147570279274,1.8707965931837771,0.8844789303145127,1.3330812488109725,1.3719057010289921,1.4673422312211426,1.0092877801856932,1.6078896354694925,0.29181359570826626,0.32145550929927486,1.9938640189869445,1.0345998329019066,2.0212330213472116,1.0201668670335158
0.7836794066821162,1.9616622951386298,0.8443800776440487,1.3883121857912608,1.4298151232585812,1.46973463900217,1.039816607617979,1.61331535265875,0.2755251030668746,0.3257720762749808,1.9226370746537964,0.9852942728131393,1.9182305807447226,0.9892056399215249
0.8055740887318641,1.92061461239555,0.8692804700255308,1.3695352912880967,1.3955950501082455,1.4088064320228608,1.0230224770332146,1.5588998303152966,0.25044987762741966,0.286116939721105,2.044088680610625,1.0272427089478642,2.0733524043637663,1.0165924439615301
0.8070337393591684,2.0985209096081823,0.8516546684603029,1.4883869388657205,1.5385285930530987,1.5555754494650635,0.9881977524077743,1.682260448456699,0.2792291828592849,0.32254628914003347,1.9343184773583577,1.0362531996740827,1.9714209299757688,1.023657642911071
0.7828555659673673,2.060589025360558,0.8320947576081109,1.46257032717445,1.5033519585736954,1.4768398454610336,0.9814857485714248,1.663045977562238,0.32225596391225814,0.33813611980681146,2.001297597835614,0.9767792304891219,2.0096491146236954,0.9732851333489543
0.8447785882674742,1.9587109792893367,0.8938069539919553,1.3943598880702355,1.4334642171424872,1.5109258947489517,1.0125128894706739,1.624990613269784,0.2919433314305039,0.3346975506188491,1.9795087750996816,0.9797184673513424,1.969704717585079,0.9830251815347075
0.811371990101883,2.1351461483206586,0.8612257323854308,1.5398496224307592,1.5471477442791093,1.4378422842836016,1.022950684396076,1.6009744191836914,0.29661342285769904,0.33558758822321094,2.0535846460739413,1.0213798609638103,2.0257720925903917,1.0209666055064819
0.7714087160671365,2.058905929219496,0.8472484280883392,1.4782852663447204,1.497797073098862,1.5261568577829283,1.05591377228126,1.672647911728422,0.313111087165769,0.3414485724684259,1.9365109404517589,1.0045554264892471,1.9453769440353703,1.0105533115709997
0.8157572866072119,1.9805101169894828,0.8740339908313909,1.4125852950884044,1.439038980637073,1.454283525711895,1.0476469217976039,1.6528498985214357,0.3361133775623253,0.353380223504368,2.0234521944681174,0.9794181542036896,2.009496498350344,0.9843322641597612
0.7766076399145443,1.8500356571075856,0.8349834099543847,1.3227509932334873,1.3558190646708594,1.4914974766978906,0.9783410797397133,1.6078035063954528,0.32650009309891276,0.35135019771172404,1.949612155559078,0.9894345865564124,1.9831815528024805,1.01005785259283
0.8188900304898189,2.1374565543554445,0.8751552122946508,1.5185818130321032,1.5634561721914517,1.5526695618743476,0.9959197487949095,1.680984846764867,0.2805532999236762,0.319055314773229,1.969333687260273,0.9978844134181775,2.0155459030229665,0.9895148204274542
0.8278062938961778,1.9166256519941842,0.8866887360873313,1.3684236306215936,1.3937700861929019,1.5474455587339517,1.0268407121967107,1.6909340141317737,0.26114858857125184,0.3047660891304484,1.7818879863475938,0.9530543672513362,1.8522445598704897,0.9536095374873641
0.780303624359559,1.9012760751825866,0.8497764315657395,1.3568057768243076,1.3722125025410399,1.4986781956489836,1.0427199111223588,1.6497848852749852,0.34719228518200207,0.37154888402707437,2.1255259142970746,1.022969293194481,2.0692503756260052,0.9977662338633274
0.8231210271018637,2.0613542259205784,0.8866976532982663,1.469994784049733,1.5082485043013487,1.393912138037597,1.0375587787481917,1.5117734845096134,0.3453798322331891,0.3659021070403021,2.033033415969574,0.9856392343318243,2.0021613246605674,0.9776147697833363
0.809906742246476,2.1463851443803565,0.8572188864844748,1.5268267394728783,1.5641737136715894,1.6795686342036384,0.9974448866867461,1.7836452655401147,0.30376907192858565,0.33762842586074676,1.9539591508437102,0.9164885132860571,1.9718642358327547,0.9453313787125098
0.8197294438398678,2.083056369110631,0.8760023295503079,1.4832820680435466,1.5220349411317022,1.6047515382163882,0.9498390939028594,1.7630381735032117,0.27459023508836355,0.3102610796576904,1.9325206587000203,0.9992838709507165,1.9327934396144906,0.9928610605988017
0.8455230315836948,2.0338345472031416,0.8799788586862861,1.45387943390857,1.4814358943011228,1.543360489493298,0.9600425449501764,1.6746155099051288,0.31926453067787874,0.3455700099737326,1.9702610748272396,0.9777528622331948,1.9523803562896291,0.9844911250808143
0.7941106852159312,2.035685260499917,0.8591974122374971,1.4505693361767993,1.490088167300671,1.4548077731045417,1.0109053405727766,1.5906977504281565,0.29784032627974777,0.3257789132198781,2.043012772089167,1.0506646657690804,2.069231884190482,1.05057400996503
0.7819103320554203,2.0512049335268183,0.851727233652733,1.45770733912705,1.4937636776027023,1.493184470297882,1.0136890231769737,1.648117510066572,0.2977403775378678,0.33933150221629915,1.8864749044649045,0.9824366493724009,1.9270017024450816,0.97823197532358
0.7786516536889875,2.045535715387206,0.8515238750444052,1.4577499983037665,1.4781981871778545,1.467394774213409,0.9560528250626246,1.6648141907501741,0.31788917686210255,0.3511948200364155,1.9915049348423397,0.9670706990926417,1.9774436756583917,0.982564523368394
0.7804205531608295,2.0168714854381626,0.8443772058792258,1.4390915892138407,1.471508738807039,1.5758313563457833,1.001782784435571,1.7306600643815004,0.30668749493746594,0.3442007847556545,2.1062385123477605,1.0152379800988605,2.0898084779880786,1.0243484657714632
0.7981495589740616,2.0062520662371126,0.8549839650124051,1.42440052034344,1.4595639555843658,1.51575017345111,1.0252489742788713,1.6734560064134318,0.2762837017797011,0.30725850385312026,1.9319632198419319,0.9801865789597725,1.9253888744407888,0.9777217397770849
0.8081876473955995,1.9962444123260286,0.8701154038019621,1.4270513863117846,1.4449711434926755,1.45295016849841,0.9539509336997143,1.628164245677698,0.2935051612983605,0.331701263026569,2.0048231023258194,0.976616313962433,1.9874475189822771,1.0008423074365311
0.8066405791839205,1.9547621246679994,0.864005175651957,1.3950686010854902,1.4289686269058393,1.471754694052513,1.0441998880721766,1.6176327735971567,0.3132230585732269,0.31972077298274487,2.1321985889154655,1.015285041484732,2.0730999135478854,1.0092581025242457
0.8198523979768646,1.9831594953879936,0.8945009313174899,1.4227041858438099,1.4498441416206864,1.5672712885541942,0.984898754057607,1.6979209773281123,0.3102050444481004,0.33082058413194665,2.037929097781446,0.968785980763313,2.0533037592260657,0.9735051881966097
0.8003120454050698,1.8984225911482768,0.8516848709331951,1.343587162746083,1.388054958292163,1.5960058708092286,1.050304524503066,1.7143326947761117,0.3052403314871695,0.3292040859584683,2.0075554292291273,0.9562817902540164,2.003980968357136,0.987805975793817
0.8348848178517756,1.994099622392315,0.881258089018156,1.4135962303788188,1.4516608173936671,1.5916998938091746,0.978661902168964,1.7373241324457434,0.3186684590895173,0.3284531827631,2.0303981872945402,1.05177994006283,1.9833478001669846,1.0406567266794413
0.7936482360022891,1.940684533570945,0.8716930686305989,1.393706613823779,1.437316621529568,1.5454219239032387,0.9589349806846328,1.715062717371747,0.2927656602436547,0.30777933848755146,1.9759480798994178,1.0173849621280193,2.012873715566985,1.021895926975424
0.865284059998151,1.9337846409670538,0.9021385279287072,1.38682150618739,1.415975546439523,1.4848425078718417,0.9816745204063312,1.6674009728613222,0.30357339550438145,0.3323647989873144,2.0779778771182063,0.992073721450169,2.0543486406201548,1.0018490375727198
0.8150160163463602,2.0107936490692087,0.8703730830818129,1.4445193835544006,1.474046425577174,1.3055091704802528,0.9961940750769072,1.48101757945816,0.23248841799644798,0.2837050977163982,1.9760401986259872,0.9998956837089419,1.948318434013371,0.9867460106839016
0.7794282186460093,2.0835201371806757,0.8405879523210156,1.4893653487259049,1.51388159233867,1.5178296014284933,0.9844608037291408,1.6622467596538233,0.29100699612314374,0.33348379649943694,1.8824491034758415,1.0151759307434847,1.9043089043042454,1.0251430283612937
0.7742985800465334,2.055098996360139,0.8440343455818827,1.4609440819867878,1.4848452246852584,1.499890274469354,0.9913599431370754,1.6661761511376818,0.3152780581715129,0.33914100281399606,1.9765218137635725,1.0292001234884027,1.9999686177014036,1.0204136585698094
0.8115793379658365,1.9057699637826093,0.8758061642900121,1.363891791354564,1.4002941156397675,1.5083989257792811,1.0133586059870476,1.6715394634651601,0.29219211065765716,0.31312749521881084,1.9419959282073977,0.9773207412605497,1.9735235146872967,0.9829510875423542
0.7946368931521797,1.9406223118057797,0.8365542228711667,1.3889565779525652,1.4152575792948865,1.5032338408219923,0.9931528252081441,1.6350014730384494,0.29067545216565777,0.328110894419971,1.9831283592681543,1.0109843957789704,2.0172014403459073,1.0060159373872883
0.8171360118582103,2.056446271279293,0.8892304011674754,1.4677205954681478,1.4979252457006875,1.4204242702830505,0.9973555042419198,1.6764402302038588,0.2791709409645036,0.32930098845324124,1.9844549564551621,0.9847988747136929,1.9783745931814773,0.9875967519223469
0.8113577029897652,1.9410507563877015,0.8448082638455813,1.3797101003976757,1.434913992064011,1.5334445134110712,0.9316309440318962,1.6385680115238053,0.3200673178545829,0.3487085970806987,2.0718453919882944,0.9943305626646213,2.049471847586922,1.006997946889235
0.7982521060962351,1.9865220110001784,0.8669847598409058,1.426996637806165,1.4521047510224863,1.537932978841911,1.0156679206404189,1.6564536848100546,0.3109692654708114,0.33423300719390586,2.041717563599863,1.004820786023947,2.024116431923051,1.0097175929078432
0.7796769507663583,2.033003125941473,0.8404949063293635,1.45387003085663,1.480487183544911,1.5409403269235795,0.9964318680923333,1.6885468098625276,0.3165082919564617,0.32321197074329977,2.0157959292545238,0.9997996428084198,1.9807233550707777,0.9911410261276293
0.7636436666075392,1.941899332708182,0.8297223464848331,1.4089631022648605,1.4253436706567568,1.5567946202144032,1.0644117192193148,1.7404901967966935,0.2654757207608422,0.29579652276249807,1.9998232753200442,1.0220670069490772,2.025709041863281,1.0160326911769741
0.7892836411503915,2.0063225303687577,0.8389058991312044,1.4287906023012098,1.472215564042973,1.5362430986952973,0.9624173933098417,1.650975447400547,0.2967909991346873,0.3375732927600508,1.9364685194685203,1.0146125967734678,1.9677974186106109,1.005809329571189
0.8205535710637634,1.9199584703049077,0.8787142710792376,1.37803839873588,1.4001703281481537,1.4753982353076653,0.9276681868600194,1.6225576073378791,0.2943977798449999,0.3334524987421792,1.8691294857400593,0.9547549237188346,1.9224845763360507,0.9652888927221889
0.805138249859125,1.963917941362927,0.8814060896131067,1.4212125804574935,1.4390781831894401,1.4957497891250346,1.0247227397572016,1.6702900640438185,0.2943885658680289,0.3260245825604168,2.006789600683567,0.9592653037880368,2.0101159576089027,0.9707142619800782
0.7701022693109123,2.019186916048552,0.8317589780409367,1.4367685672283748,1.463660174627174,1.5054674920352027,1.0138610807325201,1.6444698462976048,0.28767944912564086,0.3317657808680544,2.0476784722144195,0.9889084994572213,2.023061567223923,0.9870236411643615
0.8041563422204284,1.9044203759880998,0.8683540199199287,1.3446511564674535,1.3652096211514435,1.506461966946397,0.9596626791787541,1.6414755572247544,0.2930779145643997,0.32375002649739854,1.9934999670053246,1.0548587578732547,1.972501069340278,1.0505182224163507
0.8092476171134921,2.026428484277624,0.8620048733343942,1.4350766061563074,1.4747773914964508,1.5598930593583038,0.9388100417998363,1.6980879486192757,0.316992895654133,0.3438074926376436,1.967908740632798,0.974452245024952,1.982433717402603,0.9774770989327621
0.7787874215311729,1.998821732064399,0.8512349580972917,1.4385986873978824,1.4586048575622181,1.5386201251813494,1.0614958692273717,1.6903038944083433,0.2617429729330434,0.29995803150743305,2.0278701299128525,0.9937533187116174,2.0449061038465914,1.0041148460479716
0.8036894025426927,2.0331493972650287,0.8622331195294363,1.440221201203243,1.4714279208887189,1.6246406063741972,1.0565644156242713,1.765071267279162,0.3355458953606091,0.3537187803078041,1.9950000679625393,0.9839096191913044,2.0374305556029477,0.9929579310280114
0.8013970092427041,2.0134348480438797,0.8640819785346943,1.4329383078057933,1.449864499147407,1.6323881387930803,0.9005017296517548,1.7775968209870523,0.3096768225005292,0.33218732304158566,2.1011446515184375,0.9833786684773576,2.087529243771538,0.9707453461890658
0.7725687128520651,2.0818484257984307,0.8377929694684964,1.4945461382286487,1.5189297526066792,1.5047789749568354,0.9816710788297399,1.6636575156676232,0.2991533620867957,0.32857345752139683,2.073963700524097,1.0053471923171517,2.055920201061224,0.9879723704235415
0.8085868966483588,2.0075134701588744,0.8829482190130113,1.434716607852076,1.4639600661928651,1.2698006670924378,1.066567682191356,1.4966968904904565,0.3181366829274585,0.33768414399669305,2.0575704834214,1.0420233182858696,2.04280129724166,1.036329342761201
0.8134588286328377,1.9742356675324848,0.8680281690733845,1.411966832389593,1.4299379985837986,1.574209947967636,0.9809574976888853,1.714389028812858,0.2709633050966313,0.3206544058213583,2.045464046852594,1.0136790519964176,2.0347404191278486,1.0080052968559854
0.8259932298362067,2.007337850181937,0.8887394843950013,1.4372175147104775,1.4706828138571235,1.4675774196607767,0.9803755106389339,1.635989513843468,0.2867059818969797,0.3061940365241157,1.9225899551329126,0.9758940711571872,1.9254465324350112,0.9841562680830559
0.8252912492488377,2.0325978817421833,0.8618451484662214,1.4643454631475026,1.4863373649225269,1.4519109646901396,0.9886896268948253,1.6181951188688481,0.2975784913521889,0.33202206535796364,2.039779622123156,1.0825968853240961,2.0288686920882086,1.074465719960387
0.7669359351690299,2.002931604219542,0.8195288642149762,1.4382467923279096,1.4569050057572417,1.476093283500638,0.9551641210492736,1.6369859890138323,0.32731120740864356,0.36487594385654265,2.0225795574587946,1.0023571966288338,1.9926513858122923,1.0007206759344394
0.7774921990420371,2.002435501472233,0.8492803109108403,1.431779060738099,1.4658575431299827,1.4732014171911236,0.9318089702308783,1.6533539967743596,0.29907006837746886,0.3324970184728807,2.03638548370347,0.9826833713085366,2.0214749241558283,0.9802989430228526
0.8123608464130079,1.9578804987315948,0.8834157892070222,1.401679592272433,1.431483405173605,1.5367361886063235,1.0421018924293899,1.7275850648336601,0.3090010934237029,0.3354410224036874,2.029556569208783,1.0423628912403278,2.0504542159195918,1.030517651547221
0.812330862821893,1.960225944946943,0.8792801211616342,1.4046094813390964,1.415676338852092,1.4064338532524265,0.926282523750093,1.5484652554193843,0.28820842008127745,0.3246371244020762,2.0271657552708837,0.9859278814616854,2.031951018851152,0.985924305761175
0.8123611444713452,1.9158436836920183,0.8594834686236078,1.3713636295849356,1.3956330975941613,1.4353367552525038,1.0098908580843502,1.6056861835714042,0.3097368413793498,0.3404459403638047,2.162051988172976,1.0498874096496233,2.0949215907796566,1.022157059983563
0.8924655557757133,2.1049746045912165,0.9304929805253932,1.5065012318778583,1.5234271562421153,1.520589513251845,1.035463179710306,1.6541683830319804,0.33354479185948915,0.34992903030612554,1.9954288598028849,0.973880716271,2.00087980186597,0.9873331009762274
0.8137013722566361,1.925368205876523,0.8701743627940534,1.3853945556912035,1.4111389617613617,1.5373766418247985,0.9419509480439536,1.6732751107467443,0.3199105338334823,0.33488186995000185,2.0561802428497598,1.042900911667641,2.0251844645923787,1.0094539675786867
0.8272535753643344,1.9584256881322455,0.88262931625462,1.3884371727814904,1.428299127794514,1.5384924986961608,0.9630292638961971,1.6867955282179425,0.2983708802444424,0.33737042758664104,1.9717406113841598,1.0060314299284507,1.9808285115027235,1.0144613592545018
0.822896042323837,1.956895564065848,0.8775135160901305,1.4089537668658805,1.4322312004093722,1.452777823264002,1.0485271675356636,1.6336616443923109,0.3135098169453094,0.33230484721867304,2.0474384950332603,1.038731566981073,2.044660363375797,1.033181661502249
0.8156333900313392,2.0536954626166666,0.8648396881945729,1.4787228435705357,1.479907855982704,1.4413040610440255,1.0213156688090816,1.5987010654294056,0.31155033909214425,0.344703709667162,2.056359193413947,1.0570529712610464,2.0533228699384933,1.042205132348336
0.7924335381286317,1.9823030193024784,0.8505431221970636,1.4238278124702997,1.4434170873011236,1.4696019099727249,0.9753085717248445,1.5800188400583104,0.3101317534339455,0.34799456391659994,2.0218655646281207,0.9660217812843623,2.062672606012977,0.9562507408310453
0.8182152612918384,2.0748645243604242,0.8779625263461899,1.4956173997718445,1.5075482850135564,1.5143923651370834,1.0480899601344469,1.639499612742925,0.3222390672172082,0.3410010616757243,2.10015481654259,1.0382731546227497,2.089581271711505,1.034231689330475
0.7814521948510983,1.9595905625453678,0.8401290851222132,1.393228478186378,1.4429143961432052,1.589128642156353,1.0482614289381722,1.7361255057894656,0.32208955407674933,0.3434078486995873,1.946943437818375,0.9577328828672379,1.9769575617135644,0.9658142082919239
0.7943163534382398,2.0167396497334282,0.8632022465458722,1.4360360226994735,1.4628438310254168,1.377153768853755,1.0107621077206284,1.5043432328188104,0.2974568280625023,0.32597852381109604,1.9707667434999068,0.9685844693425532,1.9802792836634138,0.9734494654144416
0.7883512748521015,1.9498791768044146,0.8651707269239294,1.3879340998657541,1.4255343728266126,1.486756274582498,0.9639935908850534,1.668625138557,0.31283758122955535,0.343130710562575,2.0127428051614094,0.9758977162062269,2.009197822156539,0.9812883698023183
0.8019649793452718,2.128708947666403,0.8504562284741123,1.5184303823190566,1.5461235958791597,1.4200392935384878,0.9834620518611282,1.5996005926852561,0.2923381015768041,0.3325646560024765,2.0528484112090535,1.0151090990853358,2.020262835423555,1.0201263194146868
0.8555518056001643,1.9287440948582293,0.9011947546733606,1.382743897159073,1.4017656270394903,1.4008654393587907,1.0114554697582157,1.6174776856617525,0.28153855207368844,0.3244196201288075,2.010765771277696,1.0009904763080457,2.0337479329635597,1.0137608377088223
0.7551856353777981,2.0185892426136216,0.8114289633577113,1.4476246925486562,1.477919731613712,1.558017398720689,0.9924562068341005,1.6930269653502492,0.29461012488592025,0.3298010123085201,2.077145542190634,0.9949859174751149,2.0730447896464064,1.00332795993703
0.8164702445689884,2.038026612855926,0.8772062500974277,1.463717580584154,1.486149843606544,1.5326774744699603,1.037558287129394,1.6278917248167035,0.2984744369652083,0.33920643288269126,1.9602986077420208,1.0043870583706709,1.9706234461698484,1.0144096360463868
0.7612948190914484,2.0248279458470897,0.8468637614510912,1.4469068190862044,1.4938500109788584,1.5269660109568357,0.9388090367956266,1.6783867427116534,0.26676838021644017,0.31216983242593355,1.9315652906306868,1.0177386876788042,1.9613674241040244,1.0165128830238315
0.7886736352210536,1.9888827404673375,0.8461669695450451,1.438598713980744,1.4465812815951111,1.5552615503838596,0.9402294588373504,1.724496690505005,0.3172066511883344,0.3327064443605469,2.0184877001921904,1.0200474437182405,2.0316488575882996,1.0178137002283363
0.8261348143272168,1.9922107580159945,0.8845822680660277,1.413253650404677,1.456027911148986,1.471216866194032,1.0072348444592973,1.6691896820581855,0.24465349154795202,0.3077729776874736,1.9953691834331782,1.032825005068454,2.013488732185834,1.0141819948188027
0.8015427204582911,2.0026286883187465,0.8735693440424926,1.42461473639834,1.4659228982807835,1.4740417490199884,0.9803382234477238,1.6165003902824815,0.35429633878972644,0.3688799493695657,2.032571823221493,1.0546010443830232,1.9955478695224342,1.028021445732521
0.7741341253296967,1.9911798799022906,0.8362360716960416,1.4334028135448136,1.4583135156725706,1.6311438370033544,0.9749180554120903,1.737324268252226,0.33003758267592637,0.34930391499165275,1.9983558625480098,0.9993591288267557,1.9977654221692962,1.0060800352251469
0.7828327109777609,2.0578327470076947,0.8319872878239527,1.4781600817575395,1.5062890308018466,1.4852057367444256,0.9292777312330242,1.623924520022619,0.29477982551655374,0.3302938926919595,1.9795988125625925,0.9843673311360726,1.9862876512080907,0.9936888407770453
0.8163103459744323,2.1326313800954813,0.8837961803014329,1.52739750922665,1.5497350449292149,1.5441079267832454,1.0007818337919272,1.6643405336092474,0.3001885272112755,0.32885558868299686,1.9955037456965765,1.0184060838755558,2.0140648324486796,1.0239053370430333
0.7824712008387887,1.9665504928995299,0.8363726163134734,1.4131159302939218,1.4286160700626056,1.5003828924577989,0.9978897956799694,1.6651733288742856,0.30605943747174563,0.33885300428674237,2.001730933687591,0.9656723555120614,2.0122811295055043,0.970864892425829
0.8051950061499674,1.9178118212252553,0.879189874973626,1.3628442158963139,1.4087838459973656,1.3891044881952952,1.0261391592780695,1.544479381640903,0.2882167922402211,0.32400206180638397,1.9817011220091,0.9796388760366517,2.0082301730100665,0.9874530722900742
0.8010937241576915,1.9947030770989247,0.8442602439728406,1.4145868854573074,1.4517068461344218,1.377322259771924,1.0027562453248389,1.5445756707579674,0.3038523829517387,0.3212833965803916,1.9878120772205943,1.0299814283917836,1.9673518614669867,1.00691861368611
0.7843615916574604,2.154782560259259,0.8607204604369252,1.5485315810787106,1.5589355814319676,1.4652609468036057,0.9946958368703801,1.60686165625825,0.29712000044596676,0.3290776399483614,1.9757843997807853,0.9962761487554689,1.974077467279488,0.9910932191915278
0.8514546581438078,1.9517795259218162,0.8819769663383602,1.390102096581826,1.4157585552872631,1.5633660751001994,1.0470800254716135,1.665141286291234,0.29811454565538065,0.33049834166838893,2.0513999071921645,0.9637542262492589,2.0567993845877433,0.9698076581538575
0.8152140565356323,2.0983470083266442,0.8836586273315189,1.5103209149635066,1.5266129943536446,1.5472974993981603,0.947501307862058,1.6909451165416935,0.3036292212696128,0.3328591335179292,2.011641260270348,0.9553059080390448,2.004411171241529,0.9840598946098829
0.7513965779202175,2.1006620488445864,0.8248208001106149,1.49951907063826,1.535916945808711,1.554844629853442,1.021455568753903,1.7054539190084042,0.2737294440329201,0.32716712379711976,2.135405148330126,1.0014615003818141,2.0640650290184652,0.9866493921943457
0.8044749035544663,1.9667847054975203,0.8559347402810242,1.4052326403663764,1.4349281119555937,1.440777229263821,0.933154113408186,1.6087122839750279,0.30079139448267295,0.3246197622753887,2.009642273076708,1.0342568961090404,2.020707177290231,1.049751235447252
0.7841171248455587,2.0341389847511167,0.8405531301896145,1.4559051240222,1.4888371886485772,1.5969523494073388,0.9664655247999677,1.6852562643018982,0.3032689549323495,0.34328786041458337,1.9669485517802803,1.0338563733259356,1.9812121688954483,1.0233208125702589
0.8204584000351094,2.0977037973877124,0.8755130880051761,1.5082093040726101,1.5297254825985116,1.442106401988817,0.9514937146950675,1.6309128722313724,0.3025769924271183,0.32977633108552556,2.160240522491784,1.003326415086785,2.1461647619454354,1.0015654365220896
0.7809795022776153,1.9772523355407507,0.8510797282046323,1.4136416572267891,1.4319426322530975,1.512769463920198,1.0312777014180767,1.6907443562102507,0.2956833848912769,0.31813393721875854,2.0248175826628603,1.0602672825728838,2.0270118741474104,1.0357243019990376
0.7972463254047945,1.9877851783938583,0.8611141104565716,1.4344478800590696,1.452105822770681,1.4993788626055358,0.9973835906561842,1.6301715184984213,0.32275715551938744,0.345643627412273,2.059407487213569,0.9968553890217862,2.047937496530175,0.9897018518294584
0.812119694695531,1.9650991451630815,0.8820026361099893,1.3993121699578943,1.4386928050459489,1.489567570781125,0.9994598702162809,1.6253778832978918,0.292926948902369,0.3202135793756084,2.0355261789921495,0.9958429712980776,2.011111558608292,0.9940058048603152
0.8207781246600829,1.939114596158428,0.8572505960465235,1.397004743625731,1.426217010259663,1.5803155282977364,0.955730680490822,1.7085216827328813,0.3045465181364638,0.33779441102502605,2.037380661757865,0.92297692270783,2.057730585728528,0.9355148035140032
0.7711928862306614,1.9610433472960396,0.8578846988947676,1.4065538175115475,1.4298570744928272,1.4576933687900424,0.9880122601626844,1.659295752342797,0.3259459506785109,0.3609779387382614,2.0321392430811485,0.9865791115251635,2.0304837320380686,0.9802964029612351
0.7919719703398173,1.9265635839942645,0.852174393369563,1.383159506548112,1.4018247409754168,1.4190236846572843,0.9694613878676356,1.57685144915548,0.29841247719959374,0.3482591268900224,1.933874926113436,1.025560451047255,1.9450607200356023,1.0132336745160755
0.788601312532137,2.0020450080955534,0.843343587679577,1.4310802384604837,1.4651043342732126,1.501199729172385,1.0153382005941687,1.6319875435780573,0.304289265349351,0.3421088918319853,2.0220517428536846,1.0469188401057912,1.9967225314076569,1.0183498325929157
0.7843200984182309,1.9538016061364816,0.8371263850125462,1.3854682521377577,1.4440499693235098,1.4760103959428084,0.9603563545867354,1.6475174640133141,0.29807230727370204,0.32335718747856057,1.9205083217689856,0.9750929609899814,1.946503226457769,0.9800217915917624
0.8423709017667463,2.0140271547074446,0.8783708032896776,1.4452898529906641,1.4643056475663225,1.7026429751449588,1.0531917746082031,1.8174964821362163,0.324747395871272,0.3524769888859263,1.989538229815248,1.0138675698787916,1.9702170991038341,0.9966376042074705
0.809719561063063,1.9066462612277824,0.8677429117245966,1.3556244215632778,1.399340309046578,1.5405904485863986,0.9329767820150362,1.6707149736974585,0.2948455087682741,0.3287582793168818,1.9564629526062027,1.0314063709696986,1.9987120887979724,1.0149170714677653
0.7697387850959589,2.0198528139328675,0.8393505969300114,1.4426875415921159,1.47750053535012,1.4754395654868826,0.9677392067017375,1.6167620496790145,0.3256670915457641,0.3652370459025854,2.0214482111509233,1.000336244595877,1.9830344362506507,1.0120127328113655
0.8220286867293146,2.0500117376965354,0.8853353282769829,1.464104298817035,1.494483087511587,1.4366333058487748,1.067088020398644,1.6299928930181231,0.2979282421070587,0.32149061115233496,2.020047574840294,0.9315015862741831,2.0054055146392775,0.9502746610245072
0.8509317487283032,1.8803758614457127,0.8878752674557504,1.3477612699641004,1.3907097171548766,1.387182695365873,0.9825944500815186,1.5791599811222239,0.28281080553103966,0.32695663523181034,2.028868753445911,1.0074186999872277,2.028620549832079,0.9986294432087531
0.8247791662532276,2.022443394190854,0.8820706513678974,1.4446441637242087,1.4706699918042483,1.4384868548557541,0.9474048534238235,1.5863873425693202,0.3135874634114824,0.3488871567234672,2.017237794364945,1.0228429187218269,2.0168339339259864,1.0204372112782678
0.7635351208171037,2.0736601395483976,0.8267988869040318,1.479679404742111,1.5110335734613798,1.506896506305548,1.0087628625015068,1.654916073434002,0.29390664332488686,0.32495926300048616,1.963590479492816,0.9715773131494463,1.9736641254003087,0.9725339270884754
0.78837838225121,1.9274215388785276,0.8642364134560347,1.3744144619497272,1.4043812658496913,1.5856397190956861,0.9809843103114183,1.6763372826711644,0.31241001798198326,0.3328200956223653,1.9843397906388993,0.9923753640737684,1.9964995654338995,1.011622994998051
0.830405867580479,2.1003543432102623,0.888850647178495,1.4928992351677761,1.532180488004315,1.5673013485432752,0.9665651897752677,1.7228479077999794,0.24541191230152531,0.30089023256878344,2.055223769675269,0.9653351187361371,2.022126843465485,0.976041715858528
0.7830159328251494,2.0251411405619626,0.8475687064639943,1.4396319863198317,1.4794197249668124,1.5137456898987827,0.9561651675680513,1.6552195086911168,0.30010410523789893,0.3432745782797026,2.064071400637664,0.9228955735425894,2.0417579147800975,0.9585071351374546
0.8106516662755096,1.9576992886544955,0.8410962368002324,1.399374885174877,1.4248220713957784,1.480609940057851,1.1107349442250378,1.6283674508779684,0.29080789402485036,0.3210174277738542,1.931193014082407,1.0308101323536296,1.9660645505812397,1.037209886008309
0.8185912172823041,1.9966538553405377,0.8870662349831249,1.4463886623254598,1.450674320173706,1.5161287413847293,0.9899379239926346,1.6631994051973775,0.2787348262693744,0.3200203261035277,1.9081443420492412,0.9998875439859445,1.9414240523968198,1.0111566219302077
0.777753668682126,2.033499614751303,0.8582763833052698,1.458283771363186,1.496517581745935,1.4688817201509254,0.9229773055866849,1.6322477207762593,0.288935179963204,0.3070782179472055,1.9563866370077172,1.0479302499011496,1.9516246603691532,1.0364079319656248
0.7985713914545168,2.004560323484745,0.8626980289854059,1.429573145815241,1.4653376609582205,1.6031018397458325,1.0597483903602214,1.7432351743802819,0.288525937114147,0.32102574304700865,2.062712454921935,1.0257196657571852,2.064477146844532,1.0235589654279915
0.7222095838383423,2.0323253595467823,0.818601679562765,1.448562172416053,1.4863956534584628,1.4886485891234953,1.024442836204423,1.6546364532808577,0.2990402841029884,0.3382934821940993,2.072893041810982,0.9893737071500366,2.051088662337766,1.0147512434476644
0.7754146966079771,1.944759584415238,0.8399472925055665,1.400455575611378,1.4211226176153096,1.4948197285051963,0.9693413427592085,1.6434540675602016,0.27265347077430085,0.3120894477818514,1.9445172871759298,0.9975045801968677,1.9715747965319355,0.9858870535481257
0.7939383643665642,2.0101616494421646,0.8611431024815784,1.447061084825533,1.4637522692839802,1.36705065449876,0.9626752364525544,1.5810475134869553,0.30632547560519424,0.3270560243688031,2.01843856122418,1.016985321723105,2.037736759182559,1.0026448600270412
0.7700532036328437,1.9151771301857012,0.8464866898012939,1.3781782706154728,1.4042836208038234,1.4882739092086341,1.0269389118463292,1.6570406214768247,0.32732429570411575,0.3481047559384435,2.1100658799884053,1.0290065025026722,2.103084964859232,1.016182612484014
0.8391778712943593,1.993326436319078,0.8757871704050273,1.425519100880188,1.4574405714927852,1.5501890482778964,0.9901232669004219,1.6736919501452205,0.30561856993895653,0.33308158403820554,2.02491868863442,1.0096801189222604,2.036006710286715,0.9823000165934667
0.7656766069289449,1.9457655415121127,0.8392426875139505,1.387028305143335,1.414906537854175,1.4359366453776872,0.9229608872621959,1.6060016344400458,0.31617977218458015,0.34940361606431525,2.0852901971139857,1.0331677943586846,2.057500738404688,1.0261240527974294
0.7894389323192724,1.955868203444614,0.848984606392648,1.39381710592554,1.427216170582858,1.4549567799304313,1.0714895985841868,1.6139394733038688,0.3218912490922759,0.34190996605335716,2.059923594204986,0.9910999378997658,2.0539267683008804,0.9691382662376387
0.8031377738548663,2.074165590512626,0.8572913809251517,1.4894155333817654,1.5199622601786114,1.5475626610640199,0.9826403815113617,1.695589487728171,0.32472979024368354,0.3384940962599683,1.9453880776263253,0.9700856935964294,1.965888070977912,0.9777276504181271
0.8345905589375868,2.065478607235656,0.8787541188663388,1.4809948113602855,1.5032304677438195,1.4114005665889169,1.059822869459297,1.5768042369511515,0.3374027738564261,0.3431488976006548,1.9886011145901754,0.9980557223931661,1.9635715916103547,0.9953581089256427
0.7655393083716935,2.0365482872544307,0.832673170832559,1.4632855794030328,1.4861505247334237,1.563468060452515,1.0511373983186285,1.6841495961481103,0.2900159600344814,0.3287699441725082,2.002085268697511,1.0061555467220855,2.015038966153381,1.0230229672997087
0.827915930051719,1.9344612341196452,0.8779845885312197,1.3834126827318418,1.4055115774611915,1.468071366589614,0.9599596182206874,1.6816067823868934,0.28563032029677765,0.31206070553436244,2.0062480032812804,0.9639539381578214,2.01332599739172,0.9624094332382539
0.8002455934644701,1.981015493018312,0.8593502534371411,1.4245322557134958,1.4348228553415976,1.4766859067705278,1.041327594574526,1.6566958920379962,0.3156693129664947,0.32337232094015006,2.054979737206314,0.9598983374756014,2.056143808269906,0.9624927873228091
0.7764437923748492,2.072785861998751,0.8409075888104235,1.4734034525767756,1.4968028725997993,1.4325672956924644,0.9739422980054527,1.5852191035812835,0.314165324393148,0.34861893360852625,2.0245210857365246,1.0134215888942029,2.0168214550891648,1.006247093437451
0.8110904833823186,2.008503014818394,0.8544713305805786,1.4480015607321288,1.4657670609795883,1.522682775625673,0.9253319765278423,1.6723444378962942,0.31551350599231376,0.3495789522735938,1.823827943373313,0.9878092944588873,1.8525048730889195,0.982942881563281
0.8047774326937633,2.1391597723989015,0.8641850401574133,1.5270805851782543,1.5583722941140683,1.6475923191017627,0.9830160733591143,1.7546088054087945,0.337785649085005,0.35819019671159036,1.9212295836144364,0.9950247728301399,1.964354486610452,0.9966931706737366
0.785594794948189,2.0235990703636624,0.8392410586113238,1.4410112793595575,1.4698021810478659,1.5468898343676378,1.015905500071051,1.6910135377448652,0.3002273981759699,0.32638409555397546,1.8687571451014375,0.9892092200289753,1.8801732586019164,0.9883600752659257
0.8016752500397605,2.011522946989402,0.8667565246592588,1.4346642759510049,1.4616113287853754,1.448142884283568,0.9814905340801465,1.6128504933608432,0.3085231311929237,0.3412936996498903,2.01052191443932,1.0456180270528963,2.02971315083293,1.0151614027371934
0.7907524736753178,1.98145301214785,0.861539896865084,1.4207362753585306,1.4494846407050954,1.5681372351294887,0.987718066362996,1.7263558151408056,0.2803922349703305,0.3104248289539994,2.0144292589680655,1.03785283481185,2.0067165818957333,1.0307771731535942
0.80272441628603,2.008012454286937,0.8425000167207858,1.4272330932466262,1.478735185794398,1.480999227243945,1.0457426417971445,1.642848435891258,0.34270642247951916,0.364312372770667,2.0169934975166433,0.962879389298825,2.023206104592012,0.9492874981185639
0.8158911361885052,1.9908518098171675,0.8718661846450072,1.4270717274665687,1.4454541544991517,1.5824690988856536,1.0042597592116036,1.7066382197390324,0.29326910157581776,0.329584689193708,1.942464303937123,0.9840162036075866,1.9750454951848166,0.9859496546234437
0.8380644035874885,2.0424865206013156,0.9072266519512097,1.4519607362445555,1.5012962082604964,1.5484005841298618,0.966268067548602,1.7095004977875903,0.2938356814367834,0.33041509083500364,2.0404486403071993,1.0255001280390879,2.043477838623115,1.0137391802505846
0.7702924280281557,2.057402139007675,0.8301784897046102,1.478438118884617,1.5111147228719124,1.323411506071696,1.028081212946693,1.5272081234471828,0.2930650021798351,0.32778037335886256,2.042975749788112,1.0180580871130973,2.003162172188174,1.0201548393450801
0.8511928009917504,1.952840632369523,0.8979038744343624,1.3957134215223193,1.4193428318604975,1.4397552220226983,1.00790702267817,1.6087506324073706,0.28710208282711325,0.3182439384863587,1.9246910559676906,0.9987562611301064,1.9604792599967196,1.0264852293032773
0.7531498928114599,1.9201260227865333,0.8260809876541628,1.3851878680684238,1.4022269143878445,1.5566631133701234,0.8991358079415183,1.6975875932325573,0.285411259023047,0.3133525419393288,1.9120377079130677,0.9658719938510729,1.9456128827898207,0.9727567834604018
0.7963571577191461,1.8898276776138023,0.8698766326928552,1.344814170214162,1.3749325812788584,1.5090994363287011,1.0171341165508578,1.6600444860250816,0.2895259143422095,0.3271097383686018,1.9999920988263837,0.9795237986153936,1.987909410049996,1.0012723834874446
0.8141196129556298,2.0304794796147525,0.8728562611373377,1.4568825164064314,1.4859438455642415,1.438574643137529,1.015673148308644,1.6085072938921405,0.2726840814389811,0.303682304500151,2.1075069364168018,0.9844969729736113,2.0662074399113814,0.9765943643183895
0.8067438048256408,1.9337980036295677,0.8636602580266731,1.3768664179261603,1.4299574891628133,1.4619846290703713,1.0008048451832343,1.605998894319388,0.28429364159473525,0.31604151224714866,2.1019845645319184,1.008309829933573,2.069526828017796,0.9928184965857657
0.7850552115243058,1.870826564422851,0.8622621613779492,1.3424024543508912,1.371636822852239,1.385625802794637,1.035668023242783,1.553905072481492,0.33897926222895236,0.36000260418340063,2.033804261626883,1.051111814640917,2.0032423393856926,1.046056834463729
0.7950050659914254,2.023314716271858,0.8573823984619658,1.4627001605439642,1.4781647988060762,1.4946976027484162,0.9731042566269399,1.6308603770949217,0.3147131028728274,0.33060940666792316,1.9562001997051954,0.9793935929563562,1.9877111464225563,0.9854906044555422
0.788167977568188,2.1495799710459673,0.857318671036507,1.5220625678466186,1.5694580365969442,1.632641383560946,1.013459991552836,1.7140249019724774,0.31851808353455435,0.3321547770253302,2.0532105595693153,0.9692189425733428,2.0646380573694874,0.9805708964740134
0.785855245833339,1.9996357453076063,0.8477369552779996,1.4299260199660304,1.4533684709918535,1.5482960034439395,0.9373216251533059,1.6654316183897062,0.32354417574833827,0.34898948405051106,1.9728545441114576,0.9967424056951617,1.988584515091924,1.009082106601388
0.8203904503285047,2.0503094464670983,0.8621076490448826,1.46265369258103,1.4961469817877318,1.6314250200713054,1.0162836153359533,1.741443056100119,0.3366826912872478,0.3638958649298962,1.9539495777995715,1.0309521694154218,1.9645836609743401,1.0258576064301392
0.8085683716631612,2.0049097615128537,0.8591350755279391,1.4328084255062798,1.4647218994583124,1.5529438253873988,1.0781223878215958,1.6967352699570177,0.2645715489711231,0.31140545226206273,1.8713619901026803,0.9565935109971789,1.902633826096271,0.96785925990872
0.7833701697137443,1.9940666208085314,0.8509669285194067,1.4185491467794624,1.450077267772831,1.5616487606011615,0.9602057459012984,1.6920211488753578,0.2754023376942692,0.3225548793499281,2.0061429319008592,1.0436090245262484,2.0113213054897368,1.0154341285290398
0.821590397010398,2.055144588979266,0.8747558018464517,1.479057438123446,1.487624994373877,1.6184447212647015,0.969607914720489,1.6792082230278227,0.2839255267821063,0.31494519245989994,1.9622079590517574,0.9948390591365299,2.0075021479271404,0.9995205095170521
0.8073751885010386,1.982583527348681,0.8724830185460059,1.4159295499452382,1.4428959746318064,1.5226357955605336,0.971599382284338,1.7089783405766201,0.290605404070208,0.31521946316345495,2.0057858227717102,0.9779703999305988,1.9920014280387954,1.0005448560333197
0.8195086908521351,2.0160435388443143,0.8759325695018938,1.437791988437846,1.463588690598103,1.4887663607095871,1.005199929032064,1.6628037199647598,0.29398861218829503,0.3295505409997885,1.8620385382257763,0.9519943213971352,1.8861838929593615,0.9659663606707319
0.8151110922061667,2.0193018683717607,0.8626575378877279,1.4517291941763482,1.4658272035602977,1.5619594509973207,0.9574785490858513,1.6965585258656342,0.29106044894387917,0.3396649047574016,2.0101896003550213,1.021195623202619,2.0316356822848056,1.0276546834123645
0.7801041197378703,1.9599145727814171,0.8522352871028781,1.4029281763486052,1.4282906109846978,1.587230414227313,1.0168498951476392,1.757626559353617,0.3043861782626411,0.3351491364621238,1.8541327301617023,0.994864864142754,1.872803969739135,1.0015751518637064
0.7865556550352728,2.0595225409721913,0.8390317193466948,1.4644748829926535,1.4862671660827682,1.4712021214372675,1.0338735978187665,1.606728149734731,0.3007059078149043,0.32624690336573814,2.065276415196113,1.0051211644826352,2.032545260301585,0.999459112807404
0.8179350465229583,1.9895024145982756,0.8668153030433835,1.4282409341976772,1.451601040673833,1.4567058550595982,1.0213738885381514,1.6622775511691765,0.28554330409643497,0.33502847478788805,2.031313474048105,0.9729756477696591,2.0189601253112075,0.9633876719277217
0.8146488863704032,1.9546552904304293,0.8742009898845946,1.3948720348547978,1.4381177022746066,1.5083313619458527,0.9292633829744771,1.6367960788692224,0.25648902446024857,0.29473817971342375,1.9832801137145248,0.9904271189724693,1.959141835112747,0.9894436953806464
0.7994983617448604,2.032190590614224,0.8798911080721007,1.4578518418174033,1.4649524823658668,1.5498899320158996,1.0398067066063443,1.681338344685866,0.280142625892426,0.30939402567605057,2.033763191604925,0.9854025626093579,2.047914961642957,0.9870410849938371
0.8028158571994108,1.9460919210925378,0.87473708434742,1.404043132118981,1.4175694009861401,1.5478854629196936,1.0374946965701473,1.6502738669602757,0.2890152269337485,0.31474462062207825,1.9413155442401868,0.9969822068386538,1.9763079149134095,1.0069768957940628
0.8306639574989222,2.0016908694421476,0.8920334538506092,1.433730475226786,1.4533508155831918,1.4145499439887441,1.0332064548938522,1.5881128413607977,0.2950584112638456,0.32483516992796435,2.0043425309368934,0.9799134302087257,1.993886414505603,0.975385491109055
0.7858022866679402,1.9994528602013477,0.8555946712702934,1.4275286576367534,1.4682936128409165,1.6146963640237992,1.014913689946233,1.7313739418431235,0.27740665081378924,0.3190349315209712,2.04768644230762,0.9539745711793833,2.0616278908083316,0.9520771733385738
0.8131303371480809,2.0651537339498947,0.8687508541531733,1.4823798890196136,1.5040838504536127,1.461530104236189,1.0088075725682053,1.6268321600544495,0.29018387067007156,0.3221179304667161,1.8143426450545166,1.0818549923588983,1.9032597960214634,1.0642847999773768
0.7951473763415866,2.0284818939727973,0.859730571048301,1.4450417395637385,1.4772937171326694,1.4840961001866853,1.041295575925056,1.6492043224455264,0.2773802522302883,0.3256107813691776,1.9731665384193486,0.9590978725798746,1.9729174493018953,0.9777529910953046
0.7947756511225468,1.9984983824752913,0.8512056802168767,1.4204955728971604,1.4582895322706912,1.4458407384007308,1.0769405395041383,1.6115231633816673,0.2974836129690333,0.33818445791107415,1.9986413521918176,1.0054437702082761,1.985684998801299,0.9895666176015083
0.8263706444476926,2.0490659779520173,0.8908363332193127,1.4732116494350869,1.4899325859904216,1.6618997301562253,0.961878381465406,1.755331756417323,0.27853817343274767,0.31451627779441804,1.988222382935254,0.9468391651472787,2.0285272009266486,0.9570615924210524
0.8198099923757127,2.083412452941039,0.8770572658654545,1.4968795234507972,1.5151590109187523,1.514524240217278,1.0431250158317908,1.6497936752419822,0.2830219068725907,0.3112312840709551,2.087426109573644,0.9400885769014607,2.066667066510848,0.9712517979482932
0.8195242312640154,2.0334686183811117,0.868414023254839,1.4482818547127534,1.488767844748875,1.4489414951591062,0.9965513160797019,1.6281801036717274,0.27382631738021723,0.30266425225624294,1.932565932504627,1.002934794755568,1.9570962538788326,1.004118580259563
0.8313314913717039,2.000621157190603,0.8823357241884991,1.4249825867051211,1.4634856100132954,1.5518354129977467,0.994813077918856,1.6740074264293587,0.2969299860886043,0.3295759300975319,1.9627304453932863,1.0052310276330492,2.0014557210910358,1.0119706090357268
0.8005040921991863,1.9212898260589903,0.871843130035835,1.3761000092635447,1.4145201257147737,1.546148146758602,0.9385387723847185,1.705722296415951,0.28267104460095205,0.3216468648938424,1.8850478584214931,1.0378449697240715,1.9248611608503379,1.0135777341758752
0.8163668713110792,1.9360931802154777,0.8743661745852418,1.3773915909968737,1.420123744128733,1.488736378585207,0.9886084236193842,1.6831257258481689,0.31813568533350856,0.3577783709132581,2.0906171990763887,1.0119864052304712,2.051660260598862,1.0160033650846978
0.792553597841757,1.98168651773872,0.8554493812008223,1.4101840497890572,1.4513032825630017,1.550436402767003,0.9601094016812634,1.6472760513209364,0.308117005333858,0.3411156508579387,1.985222591443472,0.9955056784376263,1.996730978484852,1.0236928222625281
0.8077799924597227,1.963429267870443,0.8621979699142421,1.4101631077476682,1.4401139736158493,1.450482482350148,0.9814458228197622,1.6418217618349857,0.29860296263632713,0.33889206409532013,1.9736954667177975,0.9715119926780499,2.0009853858902473,0.9669707051238353
0.7968765666951756,1.9887817218208732,0.8388658700169365,1.4387688893268933,1.4495974365586348,1.4704249035030448,0.956072544648874,1.674465067429207,0.2840502900531242,0.32430258797179,1.9968510390613572,1.0449703620470066,1.963651301985496,1.028226769145108
0.8023279031598253,2.0033989954938263,0.8687616892635407,1.4346724901660985,1.4684270854152317,1.3793870007260363,0.9820436645074797,1.5678977739422941,0.30761040610632606,0.33346694462706405,2.0381741497058194,1.0278655373815067,2.0273085255086665,1.0157486714321275
0.814283768610486,2.031781565261404,0.876420730047985,1.4408307253198065,1.4815650621095102,1.4205629349468263,0.9837555857190639,1.6046432294325135,0.3138140177869727,0.34224403789620833,2.0208418042109675,0.9626101156675473,2.0388680864278905,0.9859535343027709
0.7803627036023967,1.9957700733164545,0.8480965130357959,1.4231662793914148,1.462421369790712,1.6084578483402412,1.003870196737552,1.7576641156925883,0.3028537682440326,0.32893656611720556,2.1588730528134255,1.001138911846319,2.112298576112838,0.9981099386929053
0.8502172946164511,2.029190098629572,0.9114473235975036,1.4530324401291372,1.4805033552952325,1.598485717663339,0.9354100055083467,1.7124182763751232,0.3320740371093386,0.34868461065933165,2.0272361533042265,1.004321566945795,2.044656186381365,0.9878216980094777
0.7758555828440072,2.0038684648886074,0.8454217112491778,1.4403231570678101,1.4556750002920509,1.5039473189189378,0.9421792740901871,1.6599640842280388,0.3091927463614963,0.32805750630918534,1.9720852742498551,0.98963039030183,2.0159148217459397,0.9892795205194945
0.7708594732930945,1.8814720060187677,0.8491582653153718,1.349835498925184,1.3761845927710694,1.5997758868313903,1.0144765708292212,1.6958735700709229,0.3182721443513607,0.3434224693440325,1.9663185957485632,1.023155514574204,1.970369817035631,1.024316336597835
0.8277946609640017,1.9436398763708747,0.8755222190272873,1.387944703177988,1.41439046943264,1.4903955308035017,0.9681024753171961,1.6348117915361449,0.30267130831071953,0.3253655231794143,1.9764344628549915,1.0249519941504452,1.9758578410248944,1.0137688394882896
0.8189999046551105,1.991354746656703,0.8718567155001995,1.4215017044476999,1.4624466858566243,1.4853953818459256,1.0429811916091973,1.6581258240111187,0.31351328906513953,0.3117930025040775,1.9098897845222098,0.9942854290658468,1.9285377285868222,1.007057442563104
0.8149788756092518,1.9274183154295335,0.8698668823006364,1.3750177811840076,1.4263496304566612,1.5033906389079335,1.009010788880602,1.6650383443447052,0.2840643753466165,0.3233200564702593,2.0023918524494952,0.9915739226260702,2.055235188155578,1.0117628432100827
0.8150802922223428,2.0359957237997723,0.8758298962640724,1.451471036161062,1.4833418833746732,1.4925047042805861,1.0242704860082563,1.6724987282209545,0.2908320327357441,0.31958434643832956,2.047008086372535,1.0449687538800259,2.0642541374662806,1.0277250500213628
0.7997060774516741,2.091845049940622,0.8718637933635373,1.4970803605000185,1.5349706942540573,1.4870882205863891,1.0564276928168357,1.6182244860264783,0.30698727106964757,0.33123036762572083,1.9631981839626058,1.027985166770867,1.977950122219566,1.0130567410735507
0.77846589508434,2.073125711101839,0.8479041885942241,1.470638884199125,1.49747496947586,1.568603886428973,0.987611567527737,1.6814645363478746,0.3068419896311476,0.33451799463725096,1.9515571966229532,1.0021708116972516,1.9518905637266921,1.0024596946470086
0.8018193093966495,1.9871934277441876,0.8594590893615849,1.4318552863184868,1.4533474818852488,1.5090081392373722,0.977020531783349,1.704242103219018,0.3101522364588649,0.33370312890858267,2.090956708777654,0.9511237288275984,2.0704625606531537,0.9535857222521437
0.7837481189237093,2.089443568210997,0.852387590850333,1.5020214801026976,1.522364166077848,1.5427489058660282,1.0348681034239526,1.6882393421375481,0.32200785784557456,0.3440770828430825,1.9144110106027301,1.010320003189151,1.9411978357978172,1.0041526863332682
0.823402873602026,2.0089200474321265,0.8856044703508751,1.4407828970003793,1.468509465758087,1.5618828315166398,1.0203805425571875,1.703135359521218,0.27150057656369175,0.2912394758628526,1.875930897411362,1.02094250394753,1.8991882451346984,1.0150624119522438
0.7964706228439488,1.9797748417329177,0.8642133164846288,1.4052998134880423,1.4423894287220809,1.523291147739284,0.9925067876071479,1.6710231770231863,0.28051094904779406,0.3139003132925253,1.9308258833811571,0.9173643511480488,1.9480388756778777,0.9350029928456919
0.7801880672769798,1.9631958401875436,0.8504547383869325,1.393479472645555,1.4277251424248383,1.4417837204455057,1.0556583186782378,1.5885682581292264,0.30459145282148503,0.33064859014441034,1.9075740369725422,1.0075560834495407,1.9523769641357498,0.9980036676839501
0.7922867398003282,1.9818518188107124,0.8463596579656258,1.412394819358372,1.4480917513651432,1.4188280466621577,0.9915102276064027,1.6291433126019856,0.2855127273639308,0.32068262035821765,2.023173563846275,0.9874992403961279,1.9885908348208914,1.0147452120781082
0.809910354902615,1.9767093908875262,0.8670910531218252,1.4149773477070782,1.4320112981411572,1.5089268380884384,1.0013109455022313,1.6396799280179175,0.3675553648257872,0.37555111489640014,1.9783577299730255,0.9933743715961134,1.9967707041522706,1.0244500532576235
0.7864706107327046,2.0102249733425293,0.8506399100203432,1.4517896573772722,1.4650277639346951,1.489724621710504,1.0008489060333703,1.613311014004903,0.3103143923834027,0.3460320454632726,1.9868187772985697,0.9727785714171003,2.0154833210027374,0.979058576278884
0.7802667105064057,2.009634438862992,0.8494779531622008,1.4357114032101634,1.4677617488831585,1.5052434857352073,0.9626162442040611,1.6325887611935266,0.2984333830213968,0.3339238668257821,2.0691760506184864,0.9955543212878908,2.0367219974520636,0.9844170895290218
0.805848493075806,2.0001827612092047,0.8699424666478777,1.4308109171613355,1.4607109858162741,1.499036757645085,1.0031034155794556,1.5976601895956886,0.2896906145383228,0.32674134904649965,1.9585199083302334,1.0417597472854399,1.994896058142839,1.0290276731930335
0.8058791977066094,2.026216290184781,0.8728015632560279,1.4336836767332595,1.4893231613486,1.655014419609994,1.0558704070959397,1.7400774287871004,0.2903967543361391,0.32136993912053774,2.0465053647047386,0.9866080450355346,2.0197427198485554,1.005266865333644
0.7878333637910929,2.0714387764871804,0.8422006388731944,1.4845804569951302,1.5153323956315017,1.4201864246615197,1.017798732615047,1.5700186200426336,0.30060281322630356,0.33648028423640114,2.090679367952192,1.0289672067637956,2.077739624954883,1.0331510163704978
0.7886950806651603,2.0569732481264795,0.8304499558650527,1.4624455946329415,1.4961166806414894,1.3806032238107324,1.0012425370559572,1.581899294358505,0.30223963865242515,0.3199651252403806,1.9726602501191803,0.9758100634336117,1.980355951776009,0.9707042448089953
0.8055691984965833,1.9109061218930057,0.8686832559010057,1.3857793950183082,1.3981765333072795,1.5199426100111766,0.9935293087533732,1.6496101396015146,0.29086601710612975,0.32747733471187296,2.044221371333379,1.0227626857796812,2.026587989317568,1.0220033041186694
0.7652459758040643,1.8467647319058826,0.8272518179253222,1.3196549929127153,1.3502896122233146,1.4774146467247082,1.013234681136254,1.6554229202989734,0.294536955069602,0.3240036869608151,1.985490925248261,1.0000496756686585,1.9842936058833136,0.9821001538102013
0.7662208694149627,2.0560591946743565,0.8221516002958206,1.467778711340502,1.4961119493618291,1.5189640721837971,1.0299906651395674,1.693931250930608,0.32688569150469193,0.3394221566376299,2.055445887730447,1.0105607448636784,2.0460888871433585,1.018785778658635
0.7827573386899416,1.9179872780950746,0.8496692049832949,1.3666702378726017,1.391101298021631,1.53503298133704,1.02436955323559,1.6834545017905027,0.3276900992530207,0.3507280241742825,1.9057106487454236,1.0002145976829246,1.9476486807164375,1.00250668971429
0.7948772683589157,1.986514075886439,0.859983252495958,1.4199080281155858,1.4435904371362787,1.5770462817107338,0.9867254055271208,1.695886535222863,0.3050406795986975,0.3219160748201421,1.9012692652924792,1.0192487569732362,1.9317079108159971,1.0113910579271934
0.8074617815743521,1.9297932184364384,0.8701852894130145,1.3808077289534997,1.412537748009489,1.4095664507769636,1.0129912637644045,1.5852210102763737,0.27317480545526523,0.31331615681759395,1.9765239371055476,0.9229724464619873,1.958435253993697,0.9400793996903474
0.8354085492067893,1.8918811737451988,0.8909713340862463,1.3541486536456988,1.379411825656203,1.4665969261285703,1.019197589645931,1.592348543467935,0.3107700631327809,0.3399677349849974,1.9466645114564138,0.957405240596273,1.9686881043665256,0.9698623862588338
0.8205838309568485,2.0324877636922873,0.8780464618102434,1.4561491852678574,1.4744782301431338,1.5257256755328459,0.9597122004989209,1.669343704915951,0.3310856488322205,0.3403293981962339,1.968997453434207,1.0125124149402593,1.979891257211732,1.0150031699137598
0.7961614752808778,2.045549309618159,0.8509137609809942,1.468158753697546,1.485519537049848,1.5462278157412337,1.0067292216473478,1.6664018031205592,0.32739562203924755,0.35105722485428126,1.9868284050531717,0.938693849383113,1.9764723063890508,0.974393894331172
0.7995436110103356,1.9654093759563969,0.8771438350587306,1.3995257386173796,1.4278262410922724,1.631606973017303,0.9135478445479055,1.7625734779403346,0.31468851705619333,0.34275153673712283,2.043200811910175,0.9840825893305837,2.0679400636311254,0.9783155480130161
0.7759392952486927,1.8445374624713053,0.8498291113658842,1.324656988048142,1.3542950906481972,1.557342238266832,1.0193013483928475,1.7512179954513873,0.3284484591057164,0.362606479563058,1.975540365286044,0.9983697747689005,1.95594363679828,1.0066338407550581
0.7995556847361827,1.967225333104851,0.8578961578276258,1.3993691209265786,1.4491490646719676,1.4965926842468233,1.0264137221825074,1.6570008204087685,0.3010676854495804,0.32798577171502247,1.9505683213626148,0.975155795871613,1.9299967100603166,1.0002946204050007
0.7930721926659168,2.0235082403241527,0.8552857333880176,1.4291586244957275,1.4667866795648858,1.4465738548234404,1.0299018450314583,1.561078821033161,0.3125620593966741,0.34058471779375676,1.9789091973944661,0.9792531579191868,1.9698952302707764,0.9882895744932814
0.8077452454481142,1.9112653058735523,0.8434761811966388,1.3615995158255596,1.3915245445933042,1.4661426088368588,0.9841981259132173,1.6100928069728477,0.28638448867349636,0.31388677298708234,1.9538512832116028,1.0081474660046077,1.9769196504376303,1.0099203590768187
0.7801464573547443,2.0110015951867495,0.859498039857258,1.4304485627790746,1.4642865327837962,1.4644378306225736,1.0123618734009614,1.6330055321473278,0.30584530912311425,0.33032845448230935,1.9439596698762371,1.0302788486733943,1.94179930527274,1.0326541630093529
0.8124643163417882,1.9990814090496203,0.8556623127768503,1.422205685829168,1.4656932055947873,1.5393140177108255,1.0569581538216466,1.6787428354141742,0.32659068487941045,0.3602406064020986,1.9032189911853818,0.9712465185623558,1.918866815539362,0.9855591008778515
0.8367857339120619,2.0347574899760654,0.8768942129010157,1.444776684361714,1.4850064530805662,1.5154198467351498,1.0565507859316503,1.6370226762318905,0.28821153177026215,0.3286466325346267,2.004168686973265,0.9827482541143789,2.018879203857554,0.9801282464420973
0.7973897564370355,2.007174822104849,0.8497694246930808,1.4245684372506229,1.4641190360815688,1.4205810257494693,0.9988330920309376,1.5961612629693636,0.28277113141071425,0.3171177959921437,1.9658776576041768,0.9780621708001886,1.9884491488549256,1.001989137293153
0.8096410813303746,1.9416158635471066,0.8739865498216449,1.3763606528102421,1.4297200504079328,1.473845911854574,1.0055727852291825,1.5975372509299735,0.3019497787804739,0.32121540207815236,2.0579767243540803,0.9273586074436817,2.0423392633932025,0.9744891726334423
0.8165634558010667,2.0717942900998696,0.8711211111540915,1.4750506731020596,1.5136275053557982,1.5526528532070851,1.0444364457893773,1.6643943103255938,0.29546675592552,0.3249767440688953,1.9131562344764637,1.0042513537095252,1.9524678490180547,1.0006091704641884
0.79037070867474,1.9904882256183818,0.8708841114782607,1.4275740794149978,1.4748661260398108,1.5210997412984435,0.939967919389513,1.685606301562753,0.3129829544214084,0.3349474749722031,1.9674749866971273,1.0280415323748548,1.9692284468086871,1.013143055178802
0.80537821956345,1.9983617276294041,0.8675823597038531,1.4325140761608728,1.4544677473307712,1.5341186769607662,0.987076970292919,1.6477672085834427,0.29093480948105915,0.3190739766715457,2.108774433239525,1.0304992962194766,2.0754523396542295,1.0213167507794276
0.8003022176187631,1.9440039224556083,0.842498598382664,1.390351115992044,1.4094898292106168,1.5229753026034358,1.0534228182214702,1.6677371227803008,0.3343687923120543,0.3558658804090026,1.943623428974129,0.9738770087067778,1.9761505641780757,0.9917711267531579
0.802344226365172,1.9734030649285095,0.8451629184096838,1.411340603173776,1.4332428372618702,1.5975858440765316,1.0390080216673907,1.6844970585860322,0.27420647804077886,0.32363876320662704,1.9858080048742326,0.9624490585443958,1.9745880289493722,0.9639211228749947
0.7814477651874688,1.946911837158386,0.855608291434068,1.4015693787703858,1.4220438900517154,1.5141625838294621,1.0147705511059961,1.7014886603911394,0.3250746957243947,0.34596084114093867,1.927049361030478,1.0006481664277505,1.9036271714864235,1.0103315582680554
0.8005882441822146,1.9896232364045947,0.8600529550387919,1.4160603720511142,1.4409882413445128,1.476838632127758,0.9397667037867752,1.6140799631970557,0.2847030154338379,0.3174261208103595,1.9190943492331412,1.024878210596994,1.9362165238599538,1.0067355983626038
0.8119519589898908,2.1027025088085405,0.8637228492599335,1.489092058014223,1.5276762083680344,1.4450546975319865,0.9980035906783535,1.6030329847167295,0.26408034530831953,0.2998380576985169,2.0928386589852606,1.0046455134493115,2.082639770688767,1.0032971871785785
0.8348274465870811,1.9176859314241186,0.8838521871622591,1.3756046156622155,1.4014218977844448,1.5149765674925828,0.9764033841500027,1.6695055109146069,0.30475750312697736,0.34464845041367326,2.010262369558229,1.0086791390762129,2.014884199260457,1.0208126955574126
0.823022499826045,1.9031863161273956,0.8710858072088532,1.3727342442425068,1.3994145935099687,1.353557759113495,1.0132415561126886,1.5342527380951654,0.29490784027972233,0.3306852394551999,2.008020730294257,1.034254927832087,2.01697895859795,1.0086085999881462
0.8516763789802774,2.0882702196496163,0.9085824696099618,1.4838513597381833,1.526897469738161,1.4889426598900373,0.9676261326082047,1.6455774534181042,0.2778078126419394,0.31315522139660895,1.8982210258930268,0.9778259032230789,1.9008836522345558,0.9910313225361125
0.7815836584906869,1.987440579370888,0.8700067764079282,1.4187626113548923,1.4605768670625678,1.4876496084047193,0.9589710642010157,1.6572264940790014,0.2663724621656947,0.31074805519551923,2.0215244832864983,0.9934008973998091,2.0208109005577306,0.9776036900478405
0.8209356952812963,1.959855635680405,0.8737383250754208,1.4130800595094963,1.4194572956442857,1.4181317487829632,0.9174053888926543,1.6135977776124188,0.2998327842545708,0.32802035982018846,2.0694453167596296,1.049038165352836,2.054945945250629,1.0182709411770727
0.8044002081377205,2.0623942812437646,0.8541913941169336,1.4566416078301703,1.5162509446525152,1.4443040496806403,1.048872187399068,1.6275758448912963,0.31951673783247636,0.342444667845867,2.068968623649712,0.9940956663070712,2.023883557995738,0.9830913254487533
0.8525552703972242,1.9636630676157882,0.8959297293587231,1.410643618597409,1.440868547760327,1.5485794518088944,0.9840091795422777,1.6867827815828889,0.31169906986172885,0.34225870846070067,2.0400999937763697,0.9619798910210029,2.042021224658896,0.9837301001690016
0.7806008411514764,2.1095605828128163,0.8507483467146916,1.4995371218916707,1.532394673367203,1.5138427049444978,1.0062858313481013,1.6589675079326793,0.3011341329767853,0.3396958146735148,1.9322308653442757,0.9799193171124911,1.9644704413151253,0.9990998194937963
0.7798466757876614,2.0406755522803564,0.8418771725498079,1.468531147258645,1.4997047099956837,1.5061073000224396,0.9999104753410327,1.7147884457130225,0.3095769514643547,0.3357125299063958,2.0187874050315795,0.9718546044633627,2.0736849621486386,0.9750013320675349
0.7856145765093435,1.9707253155112578,0.8432927137284135,1.4135521517826726,1.4333728039589235,1.5183808520359214,0.95730264268158,1.6917944569897985,0.29945571735244286,0.3425256369097759,2.0400550976285965,1.0107148775710382,1.9890966258784173,0.9949438152305508
0.7490265026165647,2.1294384927959302,0.8258492569172778,1.5173385407869044,1.5440299981599814,1.5055576552769354,0.9496374035420723,1.6343963118452938,0.2714055151393926,0.3142014612576643,1.892333384894666,0.9731215898923367,1.948717844618416,0.9747633479918472
0.7873818794796618,1.9636571046197997,0.8467494999215853,1.4191445149867954,1.4351148787531425,1.574571753771499,0.9597873949601106,1.7092418869661032,0.27158212029553114,0.3106395796252421,1.932723224511093,1.0081310275858373,1.950566695732703,1.001706032109312
0.7817808161227113,2.0445257223205586,0.8462968759681989,1.4720148948056044,1.489720435350959,1.507405750902219,0.9710732624468242,1.6392438644905254,0.2959366294203064,0.3320421164628032,2.0532894393046064,0.9779180434437805,2.0131881874549453,0.9827024790027286
0.803609450875429,2.0179575548243895,0.857270805082753,1.4393025833415098,1.4764839188564478,1.412507213170875,1.0146642498805523,1.5865277969654379,0.2967869342726785,0.32857036918185406,2.052562746600316,0.9362986438480532,2.0127509804394474,0.9423395310315134
0.8082021434186518,2.0781044773639277,0.8620874791595896,1.4865309094499326,1.5104334665040378,1.5978077978924645,0.9681712934591755,1.6880439824306595,0.3170196535701353,0.3356995759391815,1.9070850179827166,1.0091985936094576,1.9431691047056425,1.0096231015011932
0.8450281001411813,2.093690671803611,0.8847732652160694,1.4884896838138513,1.5098762942765587,1.5222204160397308,1.0698596252637849,1.6640565540570478,0.3151460844754949,0.3292446812008248,2.0477012875561504,1.0044539104464068,2.052205134061369,0.9993689695993313
0.8228101721164652,2.001920248943946,0.8861746568501508,1.4298604653510951,1.4664317625643295,1.464644776152296,1.0410860414357261,1.6733669095222776,0.31210266031517897,0.3357073986555295,2.005718203949217,1.0155327344712652,2.0284423808418963,1.0063671249171084
0.7861543122641024,1.954794927779229,0.8637911597537364,1.388300973176407,1.435643039895268,1.424795896902299,1.0323343819866284,1.6081027330986555,0.29439434573845635,0.3223578167620584,2.0468605372764292,0.9798103834250423,2.0627975223882995,0.987828954448253
0.7784380478876395,2.027598328576347,0.8347049176053998,1.4363597784096802,1.472698838283004,1.5237548532574827,0.995213643901074,1.6087044942772488,0.2723869565977972,0.31250499506769164,1.9619287205939635,0.9766136657392187,1.9672041681108847,0.9846358649801438
0.8118060601161562,1.9593370778148735,0.860288681431972,1.3975275004402299,1.4364364853178688,1.4929696797015375,1.0605712294288194,1.6751185462782732,0.3082414227413205,0.35498954071809696,2.0387110097888543,1.0120440057544464,2.050224651047127,1.0111461381107072
0.7683144030315047,2.1208032348515973,0.8178124360005042,1.5146327201042136,1.5385575965028058,1.5944488071619445,0.991279774755155,1.7445369307289422,0.3105033862652434,0.34264086341865674,2.0506297264691375,1.0455705871759293,2.047986079967856,1.013350053613391
0.8439550103805046,2.0081921198649644,0.8831927713725952,1.4360271998348193,1.4592148754286633,1.4792455631599903,0.9987495434338302,1.6217548345617658,0.25222937075044627,0.29259924908623336,1.9789199038726573,1.0003350402851898,1.9824816737939603,1.0025627648582938
0.828306562897311,1.9780807069212736,0.8792839651370373,1.4194364637502999,1.4451804333966645,1.449757152619052,1.0067989815899707,1.6338444142103248,0.28331323626834676,0.3156250756735138,2.0010651527703973,1.0127375528814144,1.9927799055030833,0.9986638163453386
0.7887397843494871,2.0110808183518945,0.8298921982864688,1.433456418905002,1.4636577910984845,1.5537477730941558,1.0280729216217337,1.665857103359855,0.28617891245212207,0.3164285016248265,1.9610887022297208,0.9903523694672288,1.950697066464965,1.0071013649295693
0.758884771301819,1.9191724226282183,0.8298659241936579,1.3776523688819629,1.3986008184155387,1.5555169135630098,1.0254763231601194,1.6789879511239922,0.3023670040224687,0.34961825348039327,2.099098336921153,0.9536910843437895,2.0733208283162106,0.9861009742473488
0.83249293697997,1.9417031576893609,0.8744213290997978,1.4017921604398522,1.4069790549502328,1.5101190820566117,0.9809949888622159,1.6894265442700938,0.28393279134468613,0.3121747008221659,1.992783683640454,1.0290228825746217,1.9805766789848165,1.0281688629120593
0.7972510437139372,2.0720248344766654,0.861847900737248,1.484582271718252,1.5212980503032882,1.5405814228604946,0.9786802512229619,1.6689601591884902,0.29923730862350717,0.3228091974111343,1.9446785404893692,1.027252427172585,1.9359002177627869,1.0202063591550101
0.8297075914873632,1.9605863432617163,0.8882470453871116,1.4015415100380866,1.4308981422483997,1.4977387727554656,1.0255961182860833,1.60941279114374,0.29578930119294017,0.3252760365452228,1.957050445167515,1.0213232207552558,1.9781686062366712,1.0264991259666203
0.7617337361889353,1.9371853410390836,0.8235672632015076,1.3830394892440918,1.420604139101983,1.5140319060605547,1.0286094633556493,1.6530453191039354,0.2968170105692454,0.3320429703950676,2.007606236068527,0.9945416368497274,2.0202792519855954,0.9797366573227583
0.7856149994491095,2.032199165151637,0.8543920971180514,1.453971361486581,1.484900941450959,1.5698994529538353,0.9842659550070851,1.6921547236325298,0.2856721141259851,0.31762555848320617,2.0451998703066927,1.0179116829921562,2.027518304889214,0.9979211400862115
0.8001258487932364,2.07114224927978,0.8546186527784704,1.4836442893783475,1.5026954923887212,1.5375191000412902,0.9365124772128618,1.7047663094077883,0.28722029891866646,0.3242069970034339,1.9198503892909686,1.026812853921635,1.9645788578208503,1.0173527634765143
0.8011275342503539,2.043137198639904,0.8574239436472336,1.4600584358717765,1.4948089635072905,1.4898435337000424,0.9917073561596702,1.6393750958463182,0.27839465880438613,0.3226943025561035,2.1108596001765467,1.0486047605487012,2.0717964342651882,1.0311042903780114
0.7891984286844982,2.059762861148349,0.8636390069528136,1.4701921552419481,1.5036902032288428,1.5811417527555691,1.0249410319530343,1.6922561082930172,0.3076013488114766,0.3183040683097965,2.018520517643337,1.0296557831394233,2.0074170382115697,1.0216388913121006
0.81494839837634,1.9545922946858323,0.8908560443979837,1.3830524955496866,1.439980744271172,1.3581086776325093,1.0722166738567913,1.5762828016843469,0.31142205257182737,0.34215584824650214,2.027987358378165,1.0019146367510092,2.021832541233808,0.9688849813440444
0.7743771096948178,1.9146913599954893,0.8284902454536464,1.366718692361,1.399181338103172,1.623124398685316,0.9520816815063735,1.7315607153752295,0.28458764099749323,0.3262499996579609,1.9941686273705939,0.9607524023372689,1.9928205038645823,0.9833437202038385
0.796582892359489,2.090080019117329,0.8685729376470334,1.4995644177835934,1.5222786103664863,1.397642454306556,0.982937149886777,1.5553093624824437,0.3304128019203409,0.3398887209665059,2.0011555380410675,1.0046697489301522,1.9956135333904936,0.9994314735734973
0.8028870951610856,1.9806392096694718,0.8599484986658247,1.4140861772904796,1.4475042112679748,1.4623744305136623,0.984423857538985,1.6616525207271806,0.29370797105115903,0.31630790394397684,1.9911030117243558,1.0076973218754792,1.9516993454960112,0.9996482713217137
0.81234653201741,1.9849500190126972,0.8642081454618624,1.437338936204482,1.4556319777251494,1.4975449478882958,1.0542322135772602,1.655226721165055,0.33060371247593123,0.3459153170410189,2.0610677581421575,1.0212708932595491,2.0352429507468597,1.016879930687247
0.8170787570741334,2.0796916485109436,0.8845851845254724,1.479101891409437,1.513971513028622,1.4912111597563102,0.9986023399816547,1.6401852182683743,0.28715745652336794,0.33209667406093196,1.9995242847527979,1.0406167557797028,1.9718409334752305,1.0431230893267003
0.7730085897958912,2.0333738005640396,0.8554345706743233,1.4483253245184045,1.4825036571294414,1.5603846624015933,0.9637069376251094,1.6986301404663262,0.25946844446801126,0.2944854725364254,2.0460230131095627,0.9971454846382967,2.0081931735526446,1.0019034814316654
0.7631812599023451,2.0273532663248965,0.8229892663447521,1.4572756723074667,1.463777890205115,1.436529802883386,1.0223478113168727,1.582711473489305,0.308043956498247,0.33278464976008243,1.9739691485988458,1.0630296156943932,1.955027719787733,1.0483114025602804
0.8306642437255642,2.129900140694065,0.8752074452468345,1.5203186003152116,1.5375990868625422,1.5156460090489838,0.9838144591983622,1.6532605878064597,0.30497090210237976,0.33452616472998903,2.011738431698739,0.9472213893987826,1.9909226784120182,0.9442117831874074
0.8079755362875103,1.9613889061771914,0.8861857819072502,1.3961243868397721,1.4359977994992934,1.4653072741068147,0.9510245090656818,1.6251652941714734,0.30068787590615165,0.33733152317976633,1.9517647793456347,1.0125802561738488,1.952025803842447,1.000540173494558
0.7820363231226427,2.0556704076848744,0.8410527004887633,1.471310110000903,1.4992218501352,1.517708458760245,0.964289067708954,1.6626064809654437,0.2871553504311202,0.3158555434947241,2.072991693952972,0.9760443882344791,2.043731047457912,0.9766464691595571
0.8372276474125406,2.003420787493825,0.8949327766038049,1.4355266961501083,1.4575450169198354,1.4961136644121273,1.0693616781769049,1.6676256136516767,0.2993085554902836,0.31757058951861156,1.9499751655568531,0.942783340009336,1.9732790256929835,0.9780059745107736
0.8027761912230287,2.0161155367317956,0.8604505502929551,1.4326478742569186,1.4669629011582506,1.5055761391609788,1.0153683688659785,1.6538394972257544,0.2897748108426094,0.3295808399132539,1.9805012333443204,0.9939467687110253,1.987570171433825,1.0045329840543906
0.8283031324175318,2.0917081055847517,0.8832288639991269,1.4835883514874801,1.5245478048833392,1.4670045100521392,1.0043104022181017,1.6482402081884533,0.293953008673365,0.33832475609366647,1.9811023752527153,0.9562848190473713,1.9545790938048226,0.9875790962148694
0.8016204435538427,2.0304701453773775,0.8479566607374969,1.4422405493135866,1.466873610049249,1.4693961629942351,0.9900042505675182,1.630450970269824,0.3168326451153015,0.334395539133272,1.978762916739574,0.9951571630590155,1.9809404415248724,0.9923994824110643
0.8494579501971677,2.032297764742978,0.9019048332086217,1.449133822339223,1.4851414775502723,1.5172363508416455,1.011685953684752,1.6828574577607154,0.30368434459060184,0.32753138320173514,2.043349746166576,1.0010430774428336,2.0297517302462933,0.9890777771503808
0.842128180218637,2.064350440238588,0.8999637104396322,1.4686299432173007,1.4944199065321961,1.5566229303453627,1.0112094378400998,1.7004738173558254,0.31219902774663955,0.3247835815591817,1.9810005341158015,1.0335562422800786,1.9820273041255596,1.0242112596866213
0.7940248604365023,1.9781028362274269,0.8480820298825504,1.4218569228145508,1.4587173589998892,1.464103239948129,1.0116867531282931,1.6220751583695774,0.2953626298674842,0.31811822048347493,2.0836354718324643,0.9547724459570819,2.057314383435957,0.9831413124402476
0.8233177028229046,1.9496474199596596,0.8810770016083483,1.3968070492053244,1.4311167215382068,1.4478739473256255,1.0045938036111102,1.6118081735217855,0.2931596530839045,0.3286742732438049,1.9508914948321898,1.0272533549693732,1.9698930923637268,1.009921406039051
0.8154890227900435,1.937311448358738,0.848091630874036,1.3745739633530323,1.4079615364008966,1.5368076099403103,1.034751933532222,1.657982668930559,0.2769303493822271,0.30978832663112876,2.0101626481965624,1.0029424135083937,2.022514842678641,1.0080197758730198
0.8328471573807764,1.8820186046374399,0.8903201255348457,1.357076129860511,1.3731647596947247,1.4980497664165386,1.0009241738400292,1.6653455012592915,0.29259926774863604,0.33118909738490243,1.953452840641244,1.030865474608288,1.9393560264435763,1.0341701632594242
0.7768418369460776,2.1233724277964194,0.8473051235750088,1.5226956472038526,1.54439092981858,1.5498298880391572,0.9608824465778945,1.6789307063617207,0.23357770888821722,0.2770069644592675,2.025258366951888,0.9870474647490661,2.016323613290643,0.9954628748630893
0.8164652350399626,1.933807498056699,0.8651113209059428,1.3918719471664043,1.4161035195679927,1.4456521671977312,0.9755030843639653,1.5946224526839623,0.2881955606738873,0.3182058485075876,1.9990430163813937,0.9600326623970966,2.026967342666908,0.9653371073360498
0.8254021876843901,1.9867247825848537,0.8889126284709011,1.4195165362753952,1.4580862583368304,1.3932336644745942,0.9208392522604115,1.5997627806539392,0.2983625164561832,0.3236041238092496,1.9906962773180914,0.963475020213524,2.0089507781736504,0.971614166022225
0.7577902523258453,1.9833912020066649,0.8196617261157398,1.4161119310705192,1.4431440055038098,1.46801975509042,1.0810726846416956,1.597474912435954,0.3112734730854031,0.3414715230794754,2.0713084979902114,0.9612457763899865,2.056493390319803,0.9702058001524658
0.7716017956960215,2.018444401868546,0.8454012794288557,1.442280104391507,1.4590807795860339,1.454018843444099,1.0345101836781074,1.6043837964776173,0.29462644244950087,0.32607394162305037,1.9607394877366937,1.0143344245876196,1.991820231628098,1.0061623460403768
0.7510584277337576,2.048944232752358,0.8094495358263436,1.4692522562306272,1.4677874888184423,1.495272695995182,0.9667971801948305,1.6765593493813347,0.3069534708449,0.34028241270042225,2.03519090945708,1.044307660666441,2.054417421426488,1.0407690048631433
0.7935342359733306,2.0516284093015846,0.8575683562450525,1.4698086775921775,1.49009208814432,1.4617892871437765,0.988726206024116,1.6325620007912724,0.2564042267721951,0.2970569429036403,1.9538624052395124,0.9830514542003433,2.006976155955164,0.9982893572960891
0.8172210141391032,1.9650153536858637,0.8658637349080949,1.4031975216957568,1.425444052227332,1.544461017080187,0.9745249410317427,1.682004523241837,0.298863262955861,0.3323897713959487,2.0067611120096225,1.0188740589477334,2.000680819093757,0.9961994394663964
0.8360565692503047,1.9899726971728153,0.8850123996884353,1.440055161203909,1.4503383008244226,1.482710984254649,1.0617018884549647,1.637589079869133,0.2664099441417319,0.30278539833266455,1.9282654803065933,0.9542967382559314,1.932045976763456,0.9655777825651303
0.8017782747300747,2.016954797029298,0.8593887968912679,1.4441376642978343,1.4744123724328644,1.509028469926434,0.9432049134291628,1.6664623226405948,0.2758339296868133,0.3222549763983213,1.9602489712215956,1.005409637475319,1.9650421948665218,0.9964678044759466
0.839086773093711,1.9850785324289872,0.8823147772453416,1.4227122333920528,1.4498689489230094,1.5094580735064567,1.0045790423527512,1.6061199062324543,0.2962566890427228,0.3304670924054086,1.995071417265628,1.0200568784901138,2.0646201479911435,1.012867878695894
0.7668775650028427,2.0964407345611997,0.8439589000466219,1.4957706249095941,1.524467425652346,1.5116973055447311,0.9956588862974061,1.6539761058922076,0.3255252797574711,0.3430504455218463,2.1088789500393847,0.956556256741694,2.0492330629703366,0.9583307514885352
0.7591188214554764,2.029458497098295,0.8198831443774652,1.4446002283338,1.4811040414655838,1.4985522533727016,1.0330735452283646,1.692454655757575,0.30742413526940116,0.33516926868796487,2.0060482322275863,0.9938834959306043,1.9930897685202502,0.9993253387896711
0.7986668552264812,2.044092667162989,0.8477619827698695,1.4623209721985007,1.4965049219623536,1.5306360414246187,0.9958396308910122,1.6534594438261911,0.30036461994274233,0.32861589365095834,2.0992800989520024,1.021477514214567,2.0358099299543837,1.0200160269513476
0.8092175707745434,2.0397728761200447,0.891023123707783,1.4557044182609646,1.4702010484615393,1.4522606919704515,0.9296716449337826,1.6153078111270494,0.29960939221065797,0.33777372055078103,2.013219397501455,0.9119868805831157,2.0213679949964907,0.9149636094816128
0.7992153260457419,2.0704084314491196,0.8858448592797835,1.4724350096407588,1.5099835029404507,1.583965075599233,0.9899552866143023,1.6954611668352708,0.2857274221359106,0.3190009862578153,1.9767749453315036,1.0400635918510523,1.9612776312858033,1.041295392572775
0.750381389599043,2.0108612935222223,0.8140924491967118,1.434195735398468,1.4639975174116302,1.4858077569978878,0.961113511282267,1.6382892230555235,0.2891203317325463,0.3242311053208149,2.0923613913560417,1.0106103812767315,2.0664166011360323,1.0065415323015081
0.7978611190516931,1.9221900831226493,0.8686511742873778,1.3823597854252014,1.4141230829220617,1.421307051726079,1.0031831818622625,1.5826176321934935,0.30854752090941595,0.33340995249962985,2.0262210573244053,1.0215018294315203,1.987533013698279,1.0123494177020154
0.7686927319878836,2.0239812771051584,0.824655011092019,1.4547376380146342,1.4690871098403635,1.5112844014195064,1.0573670814608132,1.6855137516045031,0.2722927896311101,0.30341037705201507,1.961436704367037,0.987618421624157,1.9818087124112975,0.9768904123420966
0.816072141171921,1.9609185863724903,0.8811355553898521,1.3946875180457654,1.4235847427102672,1.4489291710531509,0.9304229902307088,1.625708111172587,0.3118610810056604,0.345351402615309,2.028234287564018,0.9483183255530393,2.0451284797881666,0.975348272245608
0.8087983579063244,1.9682829990950146,0.872688010219169,1.4003801810567464,1.4286982938375674,1.5399200720705326,0.9679910905840039,1.7000148492155058,0.2922298586576229,0.31955031405922435,1.9824443150055433,1.0160218886895085,1.97777934387298,1.0125582442347234
0.7774428851281435,2.0351818411253055,0.8396806821620973,1.4586383363678974,1.4829202752616777,1.6325763345625426,0.9778922818486602,1.713016823772239,0.3165111414973913,0.3300337208195683,1.8806579482297223,0.9975222902375046,1.909076091823246,0.9933721450969655
0.7876671939839194,2.074296984286018,0.850499048799911,1.4812815154574868,1.5036283895051636,1.452805674506529,0.9847347561834715,1.609513749692778,0.3192218691446417,0.34619965994936297,2.056158389555937,1.0009634636629696,2.042191865998553,1.0104753160808533
0.7745788754746652,2.0012762946041636,0.8347179629781926,1.4213769952265707,1.4715535095347931,1.519942339993439,1.0296050265642098,1.6544766743674841,0.2665383197498852,0.31157511967334195,2.065696043338516,1.0326282095559687,2.0484526755919004,1.017733841256233
0.7984957016654439,2.018529980755938,0.8484111380114067,1.4378958683973284,1.4686369709152474,1.3946696646777224,0.9930582232975445,1.5913148453529462,0.2883683847354556,0.31984361166347774,2.1102765217995367,1.0228619162158779,2.0790990768622932,1.0126797192153063
0.8229234156920298,2.102132896678114,0.8709366657374842,1.4945166473569815,1.533358468097664,1.5272343137664808,1.0166321090288177,1.6507290457822419,0.2828894462411875,0.3272268636168425,2.025328621531716,1.0576371225126884,2.0336107451853627,1.0484330874753285
0.776342574887947,2.014445190769314,0.8375184253119671,1.4478686659158975,1.4715176195619795,1.4468571720120187,0.974969078250729,1.629153103312544,0.2637454406985371,0.30744734046120936,1.9850765945550481,1.004615626866205,2.0149379803909273,0.9959948229630641
0.8120971163724283,2.1561009868508236,0.8671342653807028,1.5303664826831982,1.5679545376855084,1.4625099228939311,1.0091969738167175,1.652636543115267,0.2793493344758118,0.31637821440503594,2.050099365642715,0.9792636268662664,2.0126335892740332,0.9951843114879261
0.7872738171590614,2.0339305787378925,0.8519501915431222,1.4410549165732909,1.4838246878934571,1.4339228106096102,1.0311119052351085,1.5757659437348916,0.34882511690530676,0.35829181435672264,2.0509892219191346,0.9943474945927382,2.027198089816875,0.9957116014038271
0.7809710520257038,1.894354234450651,0.8548146778669001,1.3753632283973274,1.3827588793160435,1.5439290735632842,0.9707080180105164,1.669725483123541,0.3121901979242488,0.32453538815532457,2.0982968709881855,1.0124699011761582,2.083414583984893,1.0208953977740822
0.7974312713610907,2.045200497266272,0.8484329618383915,1.4650296944863177,1.4787877383937698,1.5604382614483958,1.0312543247922605,1.6752450402330405,0.3383457593721151,0.364444813586839,1.9973223426160134,1.0304756955697894,1.9683782036016393,1.037720087534931
0.775154184261935,2.022869503092967,0.8485600696757536,1.4423632797212256,1.4729897504306422,1.5014031128795104,1.0020949107491028,1.7142968860947214,0.3165819688003667,0.3446976644900779,1.9900652616459444,0.9559889814568384,1.9597177343190229,0.9577325757821327
0.7867124166716677,2.077385165244965,0.8521119808552952,1.47910098373305,1.5013692329333648,1.4481343976798569,1.0418184096192902,1.607128825160586,0.28516313677983046,0.31108714595494913,1.9570673348144885,1.000256128455375,1.9799552869102943,0.9951225485793093
0.7712509305778676,2.0403908810761977,0.8373836929209449,1.4502263849640316,1.4928668061856123,1.5953713821662316,0.991943203996921,1.7567577181684837,0.2923645760665191,0.3211641326968172,2.0322477252035123,1.0482862497111511,2.038233566318459,1.0389543721128731
0.8471534031899934,1.9916926409609736,0.8906625796445612,1.434176236067832,1.4594126125918945,1.4549753923347206,1.015249786206484,1.586129165415884,0.3117687236048061,0.32334089002566635,1.9071042999061498,0.9927937338699244,1.9202755827250908,1.0045301028312161
0.8008463252473216,1.926542105822638,0.8671163575849602,1.3932614562348973,1.413328320594101,1.3702780620043538,0.9983757507328588,1.5364594013203903,0.30875012406946073,0.3517029581180536,2.046565242371754,1.027930355646073,2.023639779998349,1.0059027733423291
0.783206587808178,1.9874586045628384,0.8466799896215287,1.4276121029185682,1.455438153072068,1.527503340597424,0.9961515095183768,1.6562597427578043,0.2884531596858333,0.31683059906167327,2.0352701073119475,1.0147935258164802,2.0132338308494777,1.007900746256001
0.8051355178576214,1.948968772747442,0.8466974951542175,1.3966788444652132,1.4342506890477373,1.433713519581509,1.0103572171290276,1.577767003882931,0.26980013658841584,0.30725994388145306,2.0351042121475023,1.0286758181957494,2.0120745746660695,1.0211944143956
0.7973041268074201,1.9651685930117166,0.8764917750151955,1.3968331104606753,1.4260991201495627,1.5593165276099505,1.0214722987689961,1.6863952804806874,0.36575522374777475,0.38669018974661806,2.0082935141901106,0.975707183752002,2.0138977093385972,0.9870353567220493
0.7946967296112027,2.0353147042652364,0.8599705012441732,1.4465937164560287,1.4818273620388593,1.477131738199595,0.9500174035230398,1.6235692439694875,0.2971770065531439,0.3215579551522187,2.091978694851865,0.9758379498980326,2.052239014971673,0.9756787100399954
0.8147400008010423,2.1001942702610843,0.8618332137792574,1.4991327366188203,1.530987860569876,1.5362227944326519,1.0573453443527152,1.6585600426936102,0.2934852221363476,0.3325746581922835,2.052319607925612,1.0006081567636687,2.03647691496386,1.0015271558661465
0.8181801850411353,2.023680291789379,0.8712313850438267,1.4486148604916222,1.4766673691356373,1.5840900207931294,0.9256134783780081,1.7369551132038865,0.302266689278106,0.3342765657359927,1.963575368517458,0.9540333463827907,1.9629699536654153,0.9632649155781208
0.7872679724573474,1.9282470162778889,0.8551307576165905,1.3754122588445161,1.4130709932556176,1.4274684681227567,0.9726075156104441,1.63179766215974,0.2951454282137794,0.32658124311806896,1.964649257018141,0.9919077818016503,1.955076578630979,1.003283571685662
0.7861803622245277,2.0266761600932086,0.8515491628808006,1.4479851528989554,1.4776803601629465,1.4660437721464556,0.9962292371694039,1.6512762387440403,0.30245457815410964,0.33542724592718487,1.947219571195122,1.00758629972547,1.981387586693357,1.0060044510385
0.7933987592683606,2.071797889198739,0.8697766486701067,1.487287349135824,1.512385509630546,1.495459735640576,1.016494238763438,1.6631657954282264,0.32573894572232837,0.36168582566006835,2.0330769999665352,1.053539068208493,2.008660478862196,1.034770291082996
0.744753892046346,1.963413025740837,0.8410728047263585,1.4058125178762058,1.4405185650337669,1.5922530791420606,1.063046901109655,1.706683330923237,0.2975090304062715,0.3201513314718042,1.9399916647256026,1.0120815456780947,1.96069122309772,0.998131817953133
0.7636354145072348,1.991958969999625,0.8212885244283878,1.4228179878177067,1.4627880325421583,1.4604970369235732,0.9256683404709957,1.6026519086022033,0.2767457912134448,0.3082523369427515,2.065003528615001,1.018756854126193,2.010101837218773,0.9902271828557367
0.8328049824186686,2.000881291683752,0.8769062874039287,1.4217522846947668,1.4519785307650508,1.4643297782430595,0.9796922348644116,1.607179210403436,0.29676712411042777,0.3278458905306683,2.0793783985007326,1.0349342754115,2.0442853313313916,1.0116548907746108
0.8394792251240308,1.9529061012150657,0.889893119491282,1.3918829121673897,1.4229606790098832,1.5286884345333485,0.9149266604880294,1.6712674051749212,0.2907119643718018,0.3213190609408632,1.947259023862973,0.9710602723331483,1.9758448302657632,0.9905650454123017
0.7940231350506469,2.0388968260306317,0.870961866155874,1.4577039724363956,1.493391988566225,1.4653662764573658,1.0012648789564098,1.599596957277629,0.328477978744937,0.3606510489507092,1.9888670879244288,0.9950475201288704,2.0385752358346814,1.0085952146421042
0.8138373671133384,1.9927431110835332,0.8563804301269081,1.4298705675089594,1.4573390663945107,1.509151552973857,1.0108673433800013,1.630791736501329,0.3234223812947514,0.3489379310879117,2.000997258881745,1.0727623777541169,1.971146197708624,1.0602722692004625
0.8074700037090449,2.025171946634422,0.8792853646726373,1.4348875092704494,1.4776073171759163,1.4069077547419124,1.06363182968685,1.6075244002402742,0.302150500008616,0.3237909777679661,2.05303898962818,0.9976263333284647,2.031222382231734,1.0063957356318374
0.8738931394029258,1.946750469331874,0.9092707770539199,1.397235302737532,1.4131382163583004,1.6328597965533957,1.0048253904357383,1.7903656833744446,0.27442528290361484,0.3117725625414642,2.096560602536593,1.0334929224634661,2.073752856748338,1.0122070620148493
0.8268697978744299,1.9737525019805955,0.8832788054421947,1.4254397645572034,1.4494236969647036,1.419137446181436,1.041761005177695,1.6038404631615837,0.2754821547312011,0.30595150427198037,1.8988704564278853,1.0289121363151932,1.9182293832210284,1.021512313409744
0.7969299778044616,2.043342881469666,0.8512707699596198,1.468326119780594,1.4866389673984635,1.4806948377605875,1.0233534832615623,1.6735930713479648,0.3003024652316911,0.3244963919759559,1.980909156948399,0.9556565885683693,1.9927278443827057,0.9664329908030764
0.7770670294255898,1.977630010874494,0.8608988802117302,1.4009752503323387,1.4359174409745599,1.4980511378494743,0.9825900721197933,1.6396113808532968,0.3067264593864256,0.32849254475564527,1.984038998266379,1.009314378310178,1.9718957924357698,1.0186797846225497
0.7614452883138183,2.103617831074004,0.8481503609037611,1.5007784828989261,1.523031356766354,1.6147612880614077,0.9436415701283184,1.7054292717772268,0.2925075436134789,0.31333967317261247,1.915959808706807,1.0044024241661567,1.9315121494172336,1.0000939124558363
0.8048831272608133,1.976021828863124,0.8549579201322556,1.4130140894023249,1.4448727172033837,1.4205092531440355,1.0110000919316724,1.6108107106195924,0.2903966083158553,0.3313801729540288,1.9708933988417563,1.009898763635213,1.96730047709878,1.0240119552713602
0.7818475821131767,2.013481083545113,0.8406582177850895,1.4214516352180768,1.4727489081121916,1.619022248128725,0.9403159193141855,1.7436734080408753,0.28814401533642703,0.31687315742902655,2.0256661366610365,0.9773766256062681,2.0441920004228757,0.9980230764226679
0.7658659109696558,2.0559554499123855,0.8407053249894455,1.4698032588972447,1.5020924316082973,1.5454306092661214,1.0518082829067859,1.687517704066997,0.29953212079512104,0.32543701611450676,1.9832792658296265,0.9664924146426352,1.9783572578173532,0.981699225674667
0.7844822507781795,1.914898056024018,0.8517976824476228,1.380280642489972,1.4018128083688748,1.5250257194653947,0.993517515918527,1.6645296851535232,0.2523447529585387,0.29842569740355607,1.9073227298835551,0.9857196999993745,1.925818081033061,0.970643963763782
0.7740428479132546,1.8943514712811536,0.8437266827393702,1.3621773031239215,1.3755436179252911,1.4409219787789227,1.0478070964604567,1.6319176555054824,0.27797346742460577,0.33033779848685635,2.1724449618805948,0.9970661500874739,2.137937867082484,1.0027818424948747
0.8404913992417415,1.9084606211257944,0.8898256164146173,1.356817739131369,1.4032206554989428,1.5342684745222843,0.980791422634704,1.6516618161455425,0.287458983091053,0.3162876487698609,2.015970671912251,1.0355495334280094,1.9872998266392523,1.024183040075617
0.8211593541667869,2.075755046205631,0.8615773445454226,1.4715206529314835,1.5196414654240518,1.456590802654812,1.0107540314560397,1.598057892809765,0.3241500638990384,0.3427632532490439,2.0067016478064006,1.0545193245917681,2.0059169374704773,1.0351807931779935
0.7998086566084013,1.9668885112464531,0.8584197407450154,1.4028047292843429,1.4397345543897428,1.5759996751919048,1.0083739542933876,1.6748762808458104,0.2837237271614214,0.32508555927525956,1.9341244182159771,1.0418979353866953,1.9357330759922877,1.020014715175097
0.8355186593333607,2.153491957140095,0.8747844924750104,1.541271744242329,1.5571657135422037,1.4417362782535361,0.9981982352795631,1.615051956749848,0.3036093628366241,0.3327152935031438,2.0156423697182766,1.0258055563234554,2.0005958631493295,1.022005798850618
0.8018568393835429,1.9661451440805566,0.8538485606438093,1.407384996797554,1.4375555771752255,1.4932104903326349,0.9826936194641364,1.618018213820656,0.30453085501861993,0.3230843926293177,1.9901471729575104,0.9698697921310123,2.000244494686378,0.9677002286077275
0.7793291791681217,2.011073078191822,0.8585320286544276,1.4449525560694183,1.4683170510101609,1.4666836147192097,1.0156982407388209,1.6098563029798354,0.32595833011321523,0.34282374710059915,1.8866885952370755,0.9877331147503151,1.9036501823188776,0.9789234382907017
0.8365549778544719,2.0925265971540727,0.8689838639077524,1.499991927555097,1.524778428668328,1.4407486222543804,0.9629534694606716,1.5929850100643348,0.325251548139283,0.3525112418293571,1.935784673599135,1.00629778157239,1.9403491321733934,0.9980694256990803
0.8129338410484318,2.1203655732895474,0.8738712303317008,1.5194884122430656,1.5562272919171876,1.544479189014475,0.9516225868416377,1.6762072740580365,0.29884994062410164,0.314897387094055,2.047695561060437,0.9810268288577147,2.0382535024394133,0.9889077808850287
0.7751060922961651,2.123690214598184,0.837483015024972,1.5208334248871345,1.546738447546566,1.532127524844578,1.049713075733073,1.6296456483226387,0.2904903051762111,0.32559579062677807,2.1166410590000266,1.0173161695758386,2.0730343123698973,1.0256628739744558
0.7954318717259935,2.0725019738355885,0.864907249840878,1.4772044750301452,1.5231219207656523,1.57254061193406,1.029086719555684,1.7093026085950105,0.2867233379434862,0.3367690568250161,2.0220299243025828,1.0216145832476287,2.02760764150152,1.015310495462586
0.7789851619187659,2.061443751548688,0.838533885707932,1.4609398109086615,1.48966031670118,1.39320749350751,1.0026356643440897,1.6057864438307126,0.29517873555068436,0.3284344734978477,2.066184996697602,1.016088701876964,2.0547321758373287,1.022494220498244
0.766812806456856,2.035551616952071,0.838931327563891,1.4607434477619394,1.4759305982289994,1.5638502421404625,1.0666056953017513,1.6969336961198154,0.29131933291352796,0.3203577736873077,1.9906546814850075,1.0307540381367275,2.0091490014590354,1.0150659083745501
0.8222282611407594,2.0467016645699982,0.8893237687375812,1.4732907233848116,1.4930748635722844,1.6503269343214135,0.9892893792510062,1.79437479152607,0.3110725481871646,0.3466796684218163,1.9948072303591637,0.9728622635886078,2.0203655459526133,0.9750181802545911
0.8458259993712832,1.966928857020288,0.9014010838253564,1.4057523558279903,1.4226843452626527,1.4729015346493832,1.0529081287995592,1.6642297416836889,0.30840619634970406,0.3298619848939806,2.0654587416571677,1.027984861122766,2.05208662031627,1.0149636083885842
0.7664343782283407,1.9509080669946615,0.8372893766782942,1.3967340014517613,1.4183270130121424,1.6137089167265382,1.007022963397033,1.7520971962899736,0.3118360238229003,0.33771785393890313,2.099766637350768,0.9791306364963941,2.089131999249432,0.9757583591504957
0.8135112616805737,1.999797532555343,0.8644468841413308,1.4232553723565644,1.4554861331247446,1.4842103236764104,0.9590099699969444,1.6434296051575272,0.32518567422872335,0.3453437877500014,2.0780658016079374,0.9717719214207134,2.0747868334465975,0.9970644487302381
0.7843845783410762,1.9897889226485044,0.8359661831936508,1.4174234549993066,1.4568947210288838,1.4176554157463217,1.073921607670834,1.5964880314852972,0.3372573824280035,0.3579443690517265,1.9360182154769108,1.0159634840255916,1.9400722505891221,1.0152185090569699
0.7883089907896473,1.9728063170403636,0.833178019110398,1.40693853251487,1.4419506267358293,1.4816620534555922,1.0396284338649635,1.6622496014842703,0.3024932678681511,0.3371563816590421,1.9959824665810852,1.0364762068659694,2.018374346313976,1.0132197544849684
0.7857825458182672,2.041783246847403,0.8776169103357471,1.4559300196659757,1.4997340250881486,1.5628922380605166,0.9951591587596175,1.6890425947591197,0.32198927542791306,0.3462225421900293,2.016651481068578,1.0146404045912802,2.0212035045861834,1.017936225187749
0.7792642215276845,2.0573183125142305,0.8528090382729983,1.457097948347575,1.504173584500774,1.449709411060108,1.029086850381358,1.5688136586052137,0.2929667963233157,0.3194756374502209,1.9844193221895483,1.0006241207131763,1.9871380815983397,1.0082508000495491
0.8011645190706759,2.0053044131775106,0.8446538170227744,1.435579002001972,1.4615435671308499,1.4639796804596108,0.9838518626400837,1.6309793678398143,0.3237001396716603,0.33750047971272323,2.0232714526049356,1.0093046147830451,2.01896842170248,1.0024637584280347
0.7800571972061351,2.0886518048633156,0.8316429801537069,1.4881458737955482,1.5287622083472534,1.5356123659375915,1.0331659614023816,1.6561219987028974,0.32123018314351687,0.3423314212483445,2.0492346087001367,1.0040928075420184,2.052441531254521,0.9908844653977895
0.8064909638187162,1.9314986531519898,0.8776047762616852,1.3900518020813446,1.412683323208697,1.5001836070043144,0.9043568573886416,1.6258485185597153,0.3201683193988598,0.3354822759872653,2.0601685851173084,0.9662214731159382,2.0468122269121922,0.9839882715016424
0.7987942853732207,1.9883804324432168,0.8761055706489261,1.4202482532405536,1.4626246202581725,1.5350773771492046,0.9592079466522162,1.6721940016895396,0.3018813968238305,0.3306105232820053,2.1011522091332915,0.9627213956516525,2.0976203486525997,0.979888741203125
0.7942652468752062,1.9569906607638317,0.8620116670181426,1.4133537332999455,1.4225508504128144,1.5142697724455,1.0391703897714786,1.6490222095617446,0.2866328367201822,0.31379914685147736,1.98023353371651,0.9976352236157964,2.0025470462332144,1.0066813802601167
0.7782184721110017,1.8880078029756164,0.8401344922161592,1.3424134920501813,1.3744618145185699,1.5287775191730943,0.9900137784712433,1.6379468143961515,0.27210943124269044,0.312980578833754,1.9181580101096412,1.0023957050730792,1.9440618375834142,1.001997689306831
0.7861574880663601,1.995039158849438,0.8432950212191699,1.4351136885223814,1.456187040026809,1.4740619288514276,1.0083016917955496,1.6365595807549635,0.299199255849578,0.3276764308587557,2.021494075640867,1.000339971351032,1.9999919403668074,0.994405718964893
0.8181293894198182,1.9926951494970029,0.8779841891190373,1.4201443398389952,1.4458911871354658,1.5139038565218235,0.9461285735153826,1.6753444767446941,0.3306602508449836,0.3531199291876721,2.113028661871088,1.0202830484094974,2.077857496083389,1.0229206845422492
0.8120220125029852,2.090806984594528,0.8781029738090553,1.4913144558809113,1.5295220397865488,1.444357619658244,1.073914679828084,1.5862365062850579,0.29380310197271853,0.3333229407749003,1.9713814484027565,0.9935356985150698,1.9840596148217975,1.006187685238865
0.7765386741248348,2.037848701073287,0.8223666665975308,1.4621731461951515,1.4892800466393115,1.5773060173502034,1.047621185748707,1.7321628524820056,0.3157025317092011,0.35131449143312937,2.0412108186238234,1.0168893754571457,2.03661491980572,1.0117309980424847
0.8023839753303015,1.9385487905402476,0.8477056058522682,1.3884634539663332,1.4055574635781134,1.4619435169909611,0.9919725912649868,1.5993679371269975,0.3168790280103786,0.35382152427575947,2.0417447475483588,0.9956623969802065,2.0347179652091754,0.9914665403905166
0.818033290960923,2.1112455539800514,0.8683108941233809,1.4870566217064998,1.5341816864512634,1.5677308492529634,0.9838121657254669,1.745380567981523,0.2943262755814565,0.3301898116620554,2.0114865228406766,1.0547007688610939,2.0113598647439708,1.033454751946293
0.7599342732530872,2.073262021731521,0.8384578926045878,1.4805701734246317,1.5066163959902856,1.4859835823410281,1.0411841744567878,1.628142290646127,0.3263268967503904,0.3509684848286847,2.000415483262623,1.0024214118017933,2.002777649585376,0.9936190266298971
0.8130406446171184,2.0349258622081168,0.8880665540534844,1.4361807714111248,1.4905194687937109,1.5121199406454393,1.079298818006757,1.6576048852543812,0.2418267851103899,0.28689783846180944,1.9445942476567164,1.0702216783457703,1.973447848333506,1.054498342888958
0.7840970297852997,1.98641095406901,0.8530576767572934,1.4184607763446797,1.451622971725782,1.470302126946558,1.0381504102324541,1.5901920657281445,0.2755449944252365,0.30877712608589003,1.8631002756547654,1.0105603477327258,1.887268224551057,1.0018095120359536
0.8136943680462358,1.9424336457965912,0.869020420537494,1.396405856328564,1.4361891743767385,1.4390402741299182,1.086872106695864,1.6039730473233555,0.2816873540728308,0.31979989888191557,1.9332889576001582,0.9935896848823536,1.9923754339550803,0.986205424490691
0.7816817802429796,1.9776675934357368,0.8551079231778363,1.4065948806132573,1.4570465233402319,1.395314376743682,0.9631059468375233,1.5785790652169867,0.2836056995426522,0.3200089941963813,1.9765817510532981,0.9730165607122098,1.9488883468633311,0.9943803067862093
0.7566828295840515,2.065324917182251,0.8300683170982922,1.465625993557649,1.5140084662502287,1.4366805504844524,0.9672245267800483,1.6071432698903314,0.3067252590237179,0.34530262526129607,2.0658453612453624,0.9567133427782692,2.0821425155081825,0.9528176335703942
0.7609389814908042,2.1130751783560764,0.8415178235754472,1.5135581601461163,1.529128857610828,1.4805654688070446,0.952442355277866,1.6159801176386084,0.30580075606107804,0.3278399942549257,1.9938123162589174,0.9702567314681153,2.0012001069967473,0.9766800656066195
0.8011540387198732,2.0925946116963314,0.8642525837130088,1.507288883088298,1.5291927042731865,1.512712750729733,1.0176704259859792,1.6393069297973903,0.30787981144350013,0.3462899672037234,1.968858456864911,0.9736118107250803,2.004763711092413,0.9907235593701916
0.8062333400413156,1.9706690346928235,0.8754462992988872,1.3975819756749557,1.4392476815576831,1.5606227587969959,1.0070241419921748,1.728475568609797,0.3119216298826497,0.34957515175267806,1.9465408734827943,1.0118446006123654,1.963755425423443,0.9937289282855775
0.7782964009974942,1.9328229540026594,0.8243821123519643,1.37611818083852,1.4056580267813077,1.4732545524121892,0.9939219550611206,1.6348505970926588,0.280997908617087,0.313702966233585,2.039408349710569,0.9842150388681944,2.0367803191487828,0.9690228275474214
0.815326219010657,2.0084531748146723,0.8812952895987596,1.451362114140981,1.469819957656322,1.4470823541439695,1.032370345124932,1.6531251965184808,0.2756364786638536,0.3113553624648964,2.081501429985836,1.005607811576635,2.0648687541135957,1.0104576948602901
0.760123518505545,1.893893638066229,0.8268323526664033,1.3631259020745705,1.3936970274733314,1.4134371128398373,1.0492931442085867,1.5811207035573454,0.3079263936401572,0.3322849710054901,2.0638061433120476,1.0384593508713005,2.0509103439652154,1.0231442735015261
0.7984140848324645,2.019390062851087,0.8643293409354511,1.4495299981047196,1.4842802397406694,1.5288038170742462,0.9389735036285263,1.6682761394544168,0.2873953585270712,0.3272952511269335,2.036368981985508,0.9973657494509544,2.0270193483590626,1.0033539710477943
0.7709356112057011,1.99114384482208,0.8291853760563619,1.4174188566549037,1.454806597468846,1.5829916709197607,0.9761211188839554,1.7337179013142359,0.2685904990926406,0.3191177648976931,1.9114632352170235,1.062374700954004,1.9551821863728607,1.034274009735603
0.7843559334127482,1.9720378098879054,0.8426478599954623,1.4221994310225121,1.441452845815139,1.5759798160773772,1.0328057437649223,1.6664328207774437,0.3194268856908296,0.3382255606540562,1.9788995454293736,0.9647256705898241,1.96043370242481,0.9703441824729081
0.801137568111594,1.9043178159639922,0.8527618052077666,1.385093628014961,1.3932984377948836,1.5425959648888343,0.9812904526456567,1.6552135117816937,0.3279020381300459,0.33278802688562126,2.1168382537333805,0.9954824935487522,2.0796180079772526,0.9968594772277485
0.7793500792331852,2.030816006394183,0.8521701277145326,1.4503666889535085,1.4781165362742414,1.538312599036056,0.9680717569456738,1.6987287840103895,0.33114321779397315,0.3572504817064015,2.0673170295149137,0.9838206122916706,2.0581882586834714,0.9771214010601474
0.7907706669384842,1.9680379496202853,0.8512051207768198,1.4009837218427401,1.4392861248340412,1.6018574267825605,1.0407414971060158,1.6970552524001723,0.30374015442949437,0.32997272325946686,1.9077498069059164,1.0280951981817101,1.9498666914291443,1.0260779517241652
0.8241510274211467,1.9298049898573828,0.8620139445394426,1.3744071606593196,1.4069672243959537,1.5199248876850087,0.9484199972110408,1.6152624171563261,0.31251864191945805,0.32459217551177244,1.9966645686080438,0.9328062510890164,2.0048513803434225,0.9679512687963561
0.7861545951314445,1.827664267203101,0.8492479360092543,1.3131651364085823,1.3388461787755357,1.5387677805614504,0.9879368076883558,1.7201469868136114,0.3273973644672382,0.33845844909791345,2.0217859059596623,0.9567065413246657,2.0168231462537842,0.9525324219820813
0.8200566106895635,1.9983491056969618,0.870702809025904,1.4392754264838248,1.4540034383824647,1.48075296828888,1.0131457610321923,1.587662643377519,0.2871716841995313,0.31749745833459886,1.9542704922184269,0.9967795953264711,1.9807984984808125,0.9996104456196248
0.7728870354882172,2.1063350958001847,0.8294947483288072,1.5214901895959405,1.5327329018650202,1.4182773977487146,0.9770472034435953,1.5992201922808138,0.32221355368108184,0.3480074807672158,1.8614477587154692,1.0465413316302847,1.8992611921177869,1.036780155228579
0.8127153002699669,2.0996755528728723,0.8709221723045354,1.511169133023565,1.5100914927232174,1.4589690659700254,1.031326226240527,1.6197170307488589,0.30550792468286414,0.332107923334939,2.0059294427009857,1.0067752550211193,2.039920157198068,1.0011959195793254
0.8345976468957896,1.9725742246048237,0.8881876832565175,1.4033495984224882,1.436328491704976,1.4994504576879206,0.9772449209921052,1.5877159668587328,0.3182742330468518,0.3422495825803416,1.9527345045427738,0.959453576372073,1.9673714348428781,0.9604441613289264
0.7406805319969451,1.9638672763782932,0.8456076712440916,1.411139867277473,1.4373405736376297,1.5036471223500782,1.0563447797378367,1.6480883401420543,0.3037218604175187,0.33461501505624197,1.9529694956549188,0.964085002219293,1.9431059846239953,0.9817724380915623
0.7808745138687087,2.0281264553645015,0.8528613473732352,1.4432114627327595,1.4813478099029718,1.6155771512913235,0.9949701481001691,1.7472864033649331,0.32592513419496005,0.3358763364740547,1.9787191784041545,1.0501896910853485,1.9636674007777974,1.05636620069038
0.813849731052333,1.9400968736487025,0.8573555676257489,1.402369574005154,1.4095677757370735,1.5048766300554641,1.0268508054682142,1.6564990834719149,0.3044704752508307,0.3343575087200666,1.9919794451207113,0.9813659560361128,2.001601447567648,0.9845977913072913
0.7951269107349682,2.0181075139891678,0.8466019314348714,1.4538193953388312,1.4682414563637154,1.5707306066415385,1.0298409581193126,1.7263878512461592,0.2703204188106516,0.3101724934550194,1.9994550323542588,0.9717110988265071,2.0049702788481856,0.994613325152458
0.8089075009609115,2.0459648167030813,0.8791274205883993,1.453046105670728,1.4965947188403095,1.473895365505421,0.9748983998902371,1.6329562460178808,0.32903853264629446,0.35125948092837744,1.94696060606468,1.0443211768189258,1.9900029146492682,1.023562135115695
0.7855043555188204,2.0736159934330582,0.8770477707301112,1.4879565263758368,1.5130536873915363,1.4812994468540859,0.9178605380537644,1.6578305109077316,0.2810493851805578,0.32126915222441915,1.9867874282219553,1.0303329101676098,1.9735394713377623,1.018613958424113
0.8020781548993496,1.9939907554112029,0.8488913888176552,1.4177409788958868,1.4640715007474718,1.420259541766593,1.0144302301865533,1.5815895266461548,0.3250611642048783,0.3465016547778071,1.8945545977758347,1.038221789298004,1.930818403745518,1.033394613399387
0.7962637463505902,1.987779574989382,0.8500515987212924,1.4140716561114879,1.4622659660831419,1.4554603192274056,1.0028915338849949,1.5858189938472522,0.29819514237119354,0.3198940690401113,2.0186623439220845,0.9714987435920255,1.992549049324976,0.9811797343970031
0.8280267694798354,1.9473210447946063,0.8888295666739253,1.3943418455503997,1.4303486625795543,1.5316188834818252,1.0222330411030052,1.6383643935181014,0.3235202197039541,0.3578524770019233,1.8286234751995305,0.9542468307695692,1.8717999246453998,0.9673039834816314
0.8061061002392291,1.9503871787576084,0.8620099808399009,1.4135337501392338,1.4157368065203122,1.500453610823648,0.9909389011046865,1.6190328385153712,0.3226953722973353,0.35382457502635556,1.9826305951739829,1.0039949946808813,2.015088623189664,1.0102330678337215
0.8081024638898049,1.9864112664859084,0.8621330976747175,1.4091295523771707,1.4486090457266434,1.556576317193834,0.9827828920479713,1.7063030707130622,0.3086028594863074,0.33087512798076957,2.055151169220617,1.01005378399221,2.011263638157306,1.022895969764727
0.7901149528130609,2.0220419304089705,0.8592135797950109,1.4379810281644263,1.4666122248079156,1.510875236900703,1.080338920439268,1.6191741259884826,0.3101707063525426,0.3214434487430545,1.9364395587635104,1.010938054111145,1.958322570413022,1.010076520683574
0.7882974506222602,2.054815077573995,0.8346553966672894,1.4725916937755952,1.4917962510957026,1.4788527761017356,0.9411058375395689,1.6329185914351123,0.3084525723438513,0.3275548647786738,2.042985812219444,1.04434551806917,2.0294770610805255,1.0236290886368917
0.7896186034923292,1.9518092629591792,0.8526860438003712,1.4022492739907393,1.4339879722712068,1.6288978118272175,1.0293580191345695,1.7303280057347386,0.25972350487437845,0.3083406987624239,2.0693439627272534,0.9479869872997525,2.051450911946982,0.9634492470495225
0.8094668514170792,2.0895613141375713,0.8652373094349016,1.4918680695519355,1.522893495773176,1.4943657858772172,0.9770159256726644,1.6468027098107048,0.30236660437796403,0.32015133420469655,1.8015260028501567,1.025790851538933,1.8579666526706793,1.0396253237484907
0.7898963724603137,1.9837325839374458,0.8601779257670348,1.4146930861834823,1.459555278364909,1.5697800581823182,0.9865688552903831,1.7340995826935177,0.27767871647856207,0.30404021917245916,1.9909182257854554,0.9671012486755804,1.9694299915400222,0.9790878428109369
0.8069545965655139,1.9987179623390938,0.8480797341706082,1.4252716466666364,1.4511669980410047,1.4759274476073194,0.9873158866970414,1.6228815249896344,0.30342374287491325,0.33847735436410653,1.8274535943423036,1.0256720596258253,1.9052030547538497,1.0176247336677888
0.8498096191674905,1.9551672992511306,0.8899949645043885,1.3939452216473465,1.4456618521254136,1.542575968763014,0.9678626290331497,1.6953336205816123,0.27714114907233567,0.3045308339209351,1.9929074932657433,0.9857512988643586,2.0282716665183065,0.9761735034084961
0.8209069928823607,1.8545455843836236,0.8711682933727062,1.3119198265632224,1.3518373919847444,1.5556809395491011,1.0228489684094495,1.6804488550281964,0.2763009611754785,0.31836840317827586,1.9995697273411204,0.9755808461232847,1.9912645359487704,0.9694569593438382
0.7921754352279718,2.053042723781663,0.8611851955329972,1.47803236417077,1.5058036460832163,1.512509518234535,1.0556257438379983,1.6532453976261354,0.332098690035078,0.35070041634661275,1.8510473608453497,0.9817029187915239,1.9413685034164918,0.9906303525181094
0.8288291341319347,2.044210633825546,0.8739372984151174,1.4668552164082442,1.4955893158029998,1.3587310246382038,1.0188005464498664,1.6029042181998419,0.3213889477624838,0.33261268861462306,2.115490301724792,0.9566316939767031,2.067294901468656,0.9856399317170165
0.7902061910474828,1.9831203465729073,0.8408660385759936,1.4219445768438246,1.4482965568888555,1.5010951476513668,1.0041352798484837,1.6128791030062153,0.2999171483011169,0.32609632549784057,2.0171609484580775,1.001212868195004,2.0248824675136134,0.9961972404744984
0.7510850111557316,2.004019443033492,0.8150051513783355,1.4396266103834678,1.4753039838055912,1.5738276028655984,0.9605423800360301,1.7356163791954866,0.30369537300498045,0.33217372738016504,1.949058594075078,0.9768197982801863,1.9870061905625516,0.9871149479496072
0.7758059285379824,2.030956353062246,0.8427993767097003,1.4615734480954723,1.4733272074138637,1.5316488499816638,1.020673010632978,1.6836054159263976,0.2950416794851398,0.3266334541520187,2.0879227656499113,1.0235889469270083,2.052805790553866,1.006054874724088
0.7551009938953795,1.9062472485868074,0.8421794220456145,1.3670847041229017,1.4041777251435814,1.5267503325137548,1.086253985269172,1.6541932286378287,0.31139752751959043,0.3247057722635191,1.892263206761461,1.0192016824309875,1.899735230955969,1.0076960113435713
0.7915636763830086,1.9682568393592224,0.8490643776706763,1.4082128315874665,1.4443090002672816,1.3966645839625489,0.9847722150481963,1.6063335069638354,0.28647891266902387,0.3081408741473801,1.926249737988901,1.0506447115870836,1.9205851146753943,1.037181310518467
0.8004420411005493,2.0476558807773095,0.8552248321711169,1.4615602927855391,1.489115632276653,1.4567726957594964,0.9849606568259254,1.5739156284324416,0.3198748052573591,0.3363886002270653,1.862032668579806,1.0109898245062323,1.9407028180435928,1.0072787542769959
0.8402344954946068,1.924742634609845,0.87527580494013,1.3825262946482562,1.3989202921797959,1.5246814578690864,0.9775564347607602,1.6493154329946147,0.2949382631797178,0.32127687674314015,2.10806271179236,1.0156203330124023,2.063985901799491,1.0239848348319127
0.80784625697034,2.017613475929998,0.8595945177630039,1.4425338277230735,1.4878979840402795,1.5246229966072136,0.9804234306202232,1.63862853936604,0.2916030600833754,0.32705676589858695,2.0199407822883204,1.0420029943548343,2.0123305285137616,1.0107668575334638
0.7947415873085873,1.9186050917225956,0.8632859891136541,1.3723152051137009,1.3971680101330286,1.5728800068079742,0.8901880178531046,1.7061504676887846,0.30043426036969684,0.31441568284685495,2.03956410739091,0.9811701191191992,2.0099958574163326,0.9892133577349876
0.8199057339484038,2.0279857989460117,0.8938470970954815,1.4370700648560246,1.4758876933803593,1.4913079946912344,1.0162014154342285,1.617724769083118,0.2881770634014878,0.32383795818867417,2.0180600740351085,0.9553522536153091,2.025886485516953,0.9709197510183027
0.7469327525838108,1.997861511062151,0.805849082280577,1.420438099923646,1.4629538715052588,1.524349445200429,0.9661779129458155,1.67671471755838,0.30657364698992967,0.32884137410635117,2.0344260656686752,1.0060028217738517,2.012162007596898,1.0041654584033353
0.8056547493946056,1.9030920910456695,0.8663713521462082,1.353832018985363,1.3820602215366928,1.5009824545158776,0.935589475248328,1.6545734530466087,0.289252748213732,0.33076972386733516,2.0046846628337596,0.9573209959235679,2.0003951309977364,0.9761841411834373
0.8185007646532872,2.0698843612674303,0.8817683317064263,1.476056253787651,1.5148029767687414,1.4407834358099065,1.0301275979893019,1.5995300003454547,0.3093704720563767,0.33751882426746527,2.0162552805624463,1.0736181601877617,2.0202995349237263,1.0425202033314007
0.7645139301012839,1.955924505392117,0.8348758281420203,1.3875140147774476,1.4270174727110678,1.3646525201343152,0.9567192885983226,1.5553861086360083,0.3243201307782295,0.3429471663821144,2.006456206173377,1.0436649487623684,1.9900283938391798,1.0504648167388042
0.8274500970369664,1.9513848537791372,0.887898129251074,1.3896503992363587,1.4219937163729164,1.5258605815278046,0.9864532378446497,1.6553310438744362,0.2856135662638365,0.30728791146187295,1.9634844916658434,1.0649192899990474,1.9720842675593717,1.0411069040771024
0.808123913779866,2.0120341518338565,0.8749818212056469,1.460673876823356,1.4682411964012465,1.5104368325047688,1.0586576956475433,1.6314545865648828,0.2973884908540966,0.32993852764546816,1.99720251408712,1.0018734092998938,2.0186007802416683,1.0054318436661613
0.7900330900663808,2.068918240965723,0.8598618215446241,1.4913460858241976,1.5035607576946912,1.4629094974739898,0.9436313680790195,1.686620360241069,0.3092266142607084,0.317463311655565,2.0164156743957005,1.016517207811048,2.0151513289337757,1.012394348874436
0.8151867647865508,1.9390506908612961,0.8700115600787415,1.4070753961613756,1.4159499958635051,1.402849616609048,0.9386960706160895,1.555460877082455,0.29128285290037187,0.32455474008096413,2.0066329471731277,0.9862157370414206,2.008592264124172,0.9812761122756342
0.8544966285873056,2.0037007909908784,0.9159813911737359,1.427208822960945,1.4595773156535505,1.5377843708645242,1.0107722475824936,1.6299741732506872,0.3092864112165333,0.34467309859588136,1.911333673534801,1.0264877441676026,1.9465149548704717,1.01212923931727
0.8043647901214039,2.0257289900198345,0.8762362563562737,1.4542753646282818,1.4848516147843862,1.484044795548267,1.0459794945604148,1.6222221084150006,0.3111079772130348,0.32866287084636003,1.9193007998834954,0.9635337036384682,1.9504356877608389,0.9799503188575596
0.8059572940712081,2.0415863364357887,0.8544247307547876,1.4477295661014884,1.496786803949904,1.5334124833420888,0.9370263312907214,1.6455789821859754,0.32166523552588605,0.3471040391257771,2.0649704860349836,0.9237072043157566,2.08631919170227,0.9433695471560223
0.7889753384110342,2.0105864933166333,0.8352134113163813,1.4300146747233509,1.4806953982671431,1.6118429118247055,1.016307589473487,1.7450809178349116,0.28788019907830176,0.3358986941649749,1.9815803572469959,0.976278681415343,1.9666352429357965,0.9920865381884233
0.7796037351328451,1.9779783296550006,0.8479856965787,1.3953803678273138,1.4487981386355484,1.3715141471808177,1.0232399815984676,1.5699179507118202,0.2811444951953905,0.316044138751577,2.0350835208221563,0.9563357957314805,2.0245187726290603,0.9695818964685727
0.8199280595970619,1.950344586761077,0.8687311294207012,1.4086094421416147,1.4180832101906622,1.4580239514778581,0.9176335806523072,1.6266640716563645,0.29384845220872513,0.311330227682751,1.9344728054166562,1.044337802084786,1.9675940105656096,1.0266510989741868
0.7794539881781872,2.0051686329827825,0.8458948093930461,1.4389422849184366,1.4584848930025345,1.4874374632012852,1.0319400535162888,1.6333499715618944,0.28064495320905797,0.320308927628927,1.9116112474012081,1.0544703236524096,1.9552136536493583,1.0418189711202785
0.8017175896932655,1.9356716592808636,0.8681067669830984,1.3886145512720323,1.4102097002327867,1.587289570448799,1.0350642351936872,1.699795377255611,0.31128996408094994,0.3242469243767325,1.9493842032480972,0.9579121278276067,1.9846636463457599,0.9848410875179132
0.7885362212776372,1.8247189709903235,0.8508993778335937,1.3096582464987714,1.33259191804727,1.4018158188476109,0.987528577069759,1.5799501689595237,0.27676497399647176,0.31887442011725037,1.9866460957537153,1.0387514682256371,1.9852738439447875,1.0020164587804
0.8114955158179135,2.02619358824946,0.8638839562250655,1.4583880337187958,1.4889591533497535,1.6161516615408362,1.0500938544919203,1.721506343388925,0.3466603283650538,0.36383703503380227,1.9600915820429352,1.0285415495050232,1.9851216213339606,1.0159679247807913
0.8080078905268868,2.0542360904651717,0.8656177947091279,1.4610018657441692,1.4818244837825874,1.5081513540939775,1.0454582229729938,1.6819153694620945,0.325918557231475,0.3662709432575679,2.077636011386343,0.9529066994584338,2.0627604995774944,0.9744466770579123
0.8249009586621896,1.8582240538674897,0.8923012697353151,1.3439368998724797,1.3515068265735943,1.4942399602959684,1.0041247170286882,1.6542283612473927,0.3002515153920063,0.3295829818846397,2.0107713980922477,0.9882919740720515,1.9627684221248758,0.9921225496644592
0.7877596064274861,1.9394161577174038,0.8279055493143281,1.3857560957551818,1.4251806760239085,1.4881164142068657,0.9819421843870026,1.6512368628789968,0.3173478898599595,0.3283788892478068,2.1109363171137114,0.9825950883362644,2.044084482690712,0.9860363593899384
0.7935230015529592,2.037149255660312,0.8421408521488195,1.4522113985872673,1.4818177233452619,1.4738242180691983,0.9610868842966818,1.6445013810548987,0.26726396271378416,0.30801528519289245,2.024264489244285,1.022439861958816,2.0076300157674933,1.0149866295549033
0.7765096708212247,2.123449728182702,0.8401955868460219,1.5210742508881345,1.5511233332989085,1.5628870055561492,0.9984974596253523,1.718914262422357,0.35046746662799116,0.3741610452089831,1.8552469509248113,0.9631366194728496,1.8887851203469863,0.9772200536585198
0.7893369617581734,2.0012476224605247,0.8683080779720013,1.433457177460358,1.4545770782327228,1.4358887547550536,1.022790356788167,1.6188714630089756,0.2881957077559902,0.31835085098142263,2.0633624963875135,0.9970338212302156,2.026927214962011,0.995454875216645
0.8090552118330765,1.956319823526252,0.8631851819424987,1.4003539889170273,1.4459897353498468,1.5207248508986313,0.9870329255583743,1.6746854644890037,0.2975900517220128,0.3332156168027487,1.9094269026518027,0.9794219648815115,1.9528261605066233,0.97597306714392
0.8181677267994885,1.9890262135337096,0.8551840475118212,1.4164337243579006,1.444575183415447,1.4769491000575814,0.9120999597895187,1.6579422394026313,0.2628813342562313,0.31818160573860715,2.0138320200326802,1.0142002355015542,2.0083981438573475,1.0019937438199789
0.777868032219737,2.082492585148891,0.8475395565409534,1.4829122186284995,1.5236619219627934,1.4542719930891541,1.050748555783063,1.6023074437491622,0.3097257460948179,0.3455095035263595,1.9535189565401694,0.9934962390493621,1.960879759747849,0.9898767261109649
0.8208705420825358,1.9612421492525278,0.8713179174961103,1.4140990012137118,1.4472430044566367,1.6551585105410338,1.0076089288737957,1.7471571016431993,0.27787311685845784,0.3139669895887637,2.1285626620678513,0.9839426288817882,2.0665833577648685,0.9870816334408629
0.8325353086113189,1.9520484796009847,0.8678221918411588,1.4012896136433755,1.4364126810813407,1.5251430440852076,0.9848150201329267,1.6458764029067239,0.3020331152313206,0.3318760097071391,2.086375875645808,0.9936011027310376,2.056907901162375,1.000179612326403
0.8099224376773688,1.9710353886690781,0.862854925709952,1.4165113518781807,1.4328736509478213,1.5367959326796685,1.0342863355369316,1.684690919793276,0.28911451134150923,0.3168644751927485,1.9554907614978945,1.0610812849852034,1.9209122297765273,1.0238326248048
0.8450430995013937,1.9428002835044773,0.8862131685880081,1.3863177198518155,1.4099298126964426,1.5682666068401196,1.0609855438593103,1.6572754860994368,0.2784451213013931,0.327601433892771,1.9923585399127333,0.9874930109164183,1.991799968987505,0.9878120791686621
0.7814290592215143,2.0073602189596875,0.8370693425478408,1.4241182769889902,1.459032540860246,1.4147190032808872,0.8879235372204843,1.6048922510550858,0.2839127699647476,0.3176091899039843,2.014675884178953,0.9687698434514864,2.0069207704969068,0.9967590206238516
0.7701282871205261,2.097480707508174,0.8160522692963516,1.5028355053951554,1.5321110241563922,1.605137514547322,1.017370545996883,1.7267694000876614,0.30451576068171043,0.33326508218061524,2.0518048442936965,1.017503007074679,2.043771260033864,1.0010847942067527
0.7573107140262973,2.0193847563869616,0.8363140583579725,1.4399652180032598,1.4737515804510253,1.3494625692902955,0.9429340315675862,1.5695720073703028,0.2743701805426235,0.29847678126051524,2.001749114739501,0.9956942599173113,1.971218410002675,1.0106716604230683
0.8359050634757405,1.9848587898724228,0.8963632706248583,1.4170983531688839,1.4453845941665355,1.4538740153976888,1.0199644202719576,1.5948103649983474,0.28502376657952844,0.328935416619848,1.938506306037148,0.9575429820740058,1.9567916937350234,0.9609343071131727
0.8157047757524974,1.9824913238650674,0.8780343199243593,1.4212457485199264,1.4515596748331245,1.472458099609266,1.0051170880949831,1.6261860483801513,0.31326546762528956,0.3516374709086627,1.956946481647997,1.066944890056074,1.9493587371546266,1.0410630551852795
0.7986659678981491,1.9062085514782006,0.8303851800377389,1.373846780647419,1.3870389364708042,1.5349034018982304,1.025429061057622,1.6972773533939138,0.35204959749748627,0.37707461013342386,1.9997310922173925,0.9894256316324006,1.986398598354014,0.9824620448850405
0.8067192470316757,2.0529865866288297,0.8588517963279115,1.4712090812761278,1.4996113838859286,1.5131230959684894,0.9800300954202138,1.6871063189237325,0.3095517763910601,0.3325051364431783,2.0740674187258814,0.9886639163811595,2.0651851490519917,0.9904694557261734
0.772988262864839,1.995329768179232,0.8390752422815421,1.4295715481005367,1.4646398225562969,1.4899911155580965,0.9250703955272339,1.6230687312296843,0.2816547671564542,0.32671747704720605,2.025670271632163,1.0047950605572429,2.0563338277375114,1.0140404511225778
0.8586980475108039,1.9891712051845625,0.9140030929566616,1.424022032313122,1.4565924239910315,1.4992801593223366,0.9819852723497333,1.6662854307303958,0.2926577165985538,0.3201238790274447,1.953595104403099,1.0519035030762651,1.972932761365995,1.0305775796425374
0.8031013083674055,2.1915864540706917,0.862785967213736,1.5557505951419606,1.5922440487972105,1.441318618588646,1.0162739054055914,1.6166697116468487,0.30063178012305153,0.34075990162403785,2.0389023666625876,0.9496076402044301,2.019048639428327,0.9616014454527844
0.8026254750705175,2.0179251745019413,0.8560442514508554,1.4357908746869876,1.4848714705168224,1.4101660563309497,1.040615693147009,1.5978934603483774,0.29301150098728584,0.3320529260149744,1.9767809096673103,1.0082795754826162,1.9885701356357377,1.014918459378796
0.8174183989735686,1.9548925369942889,0.8804059908378993,1.3950897828293454,1.4232267761076178,1.5435906973401636,0.953126747981099,1.6680998582795183,0.31806116333473866,0.3536850358092099,2.0534244803112105,1.0626181648538089,2.0489526491166545,1.0475455663098516
0.8115442215616812,1.9744185442276674,0.8656316360849777,1.4212133891026055,1.4347997184001273,1.5416223667521711,1.0410824170749207,1.7006700934875238,0.3043494696602845,0.34193954514781993,2.1516206250997163,1.0038618604221894,2.1159668397428595,0.9780502486968424
0.8053732165826992,2.068906742551805,0.8788335286365323,1.4828330767768332,1.5064734940288205,1.5950696625094236,0.9740851084141391,1.6671006169340854,0.3181570476981974,0.34723386182333815,1.978470417743387,0.9629399806208956,2.0292837322028032,0.978212373234685
0.7810286130693126,2.0067962246322657,0.8490492288372686,1.4249182752365157,1.4501433806176691,1.4525989741910874,1.0144979952637811,1.613903134224579,0.2937111241940474,0.3318417919071387,2.0480963095835825,0.9814480944111804,2.0292756108333654,0.9991737858620819
0.8113152405712639,1.913703321300958,0.8724990098748183,1.3628042096602475,1.4109129418477244,1.5415689126180554,0.9796042418853746,1.691519953749572,0.3265100043944251,0.35954779849496393,1.9552764000777363,1.0062064758927036,1.9831706511055986,1.0136768783240278
0.8451685879154008,2.0551537360745122,0.8883568970223782,1.4520384246101594,1.4951106097086497,1.4829775962981162,1.007286825108484,1.6520506883526878,0.2966702883143691,0.3224999084085003,1.9932641739685222,1.0399241174691958,2.026417000926975,0.9973152346686471
0.8322900811077195,1.9599113548676603,0.8916379025401557,1.4046028130237271,1.4363729148935624,1.571428499111609,1.035675105382811,1.7361589963088913,0.28057620261724014,0.312091969843433,2.001773737212326,0.9898199246675182,2.0322847765281566,0.9920313096478108
0.8382364790393456,2.112397866573053,0.90406296123071,1.5286446468572763,1.537543355478382,1.5613177666006886,0.9509194369084586,1.7187230991583216,0.34354640762084443,0.3371455519659782,1.988378980397337,1.024799553922973,1.9580185995668804,1.0145590348972684
0.7877308237656516,2.0648028839428787,0.8478840648047523,1.4691870355376728,1.5026835616942864,1.5126725639534675,0.9728037641301267,1.6589576236799208,0.26350044506077763,0.3182479602251009,2.1477808213265015,0.9569389351885933,2.1052164173451353,0.9554615321551545
0.7762494843137941,1.973160686260475,0.8615136580597137,1.4078455974772537,1.4390770142907263,1.4796281906000408,1.0073985034936834,1.6637726052686521,0.28522522549390145,0.316728824278437,1.9816044155192971,0.9566884489121483,2.005857193557139,0.9448152047911622
0.7969811139176085,2.076860981704107,0.8666278766293597,1.4931492566670759,1.5166820462177086,1.5576559307164957,1.0960633464412142,1.680253311447201,0.2874594429633921,0.32487957193988254,2.035211092327092,0.9855159793394516,2.0763096766298643,0.9944916495666349
0.8013373978949287,2.004071330631644,0.848917498394284,1.4195386526698917,1.466471258608348,1.5388142713953938,0.9654724115133269,1.7017227979444567,0.35016612546113124,0.3627285594888853,1.884194787840594,1.043140861656198,1.9271989120841992,1.026563759251852
0.8262605964433029,2.051166420507333,0.8760417706553354,1.4638540343922501,1.5005687218502297,1.458933575874829,1.0816053554398768,1.6557608168232525,0.3361371776829302,0.3543859690448187,2.0259197938021765,1.0020662391854132,2.0129290990626787,0.9885382802710025
0.7593808488868444,2.0290839690376683,0.8396004221995949,1.4502349746201977,1.463248432679207,1.4203320795912342,1.080176932147007,1.6196510668453805,0.32987856287284395,0.35899002603164143,2.0685232755411347,1.0086943358669986,2.0295025869079786,1.0126154199403954
0.8367092076670548,1.9492186007005476,0.8855981111541511,1.394971427596702,1.4235032557220664,1.4826880259590922,0.9961075539719364,1.6314954147115832,0.29338682675247335,0.31879557828971905,1.9683441594452569,1.0083423878672058,2.027512401858966,0.9977724265279192
0.7962078104341043,1.9613870100609523,0.8639477310303595,1.4023121023591594,1.4333222914770316,1.5909248289208926,0.988073898952004,1.711501100386065,0.3485235600768355,0.36204889330118295,1.8493866715375753,1.0332762394776018,1.9122711570763005,1.0196969392776114
0.7897548543212619,2.0617976490548697,0.8591518571351396,1.479215727670206,1.5044728499146738,1.5687892295239823,0.9723173920534123,1.6613425924525524,0.3073670400768194,0.32670567228816794,1.9976808938703605,0.9816933792238643,1.9845339809379232,0.9884121064807226
0.7757094949937561,1.9799134800736076,0.867556463090885,1.4145557195656515,1.4380622339262867,1.433260351819765,0.9972718987866932,1.5995934853840277,0.3195452674060624,0.3468068644062453,2.001031031023132,1.020648553254647,1.995730208686486,1.0116921139915325
0.7602834398752216,1.9757810922054801,0.8397533812202009,1.4181828367196623,1.4235931706947693,1.4299345550460048,0.9437312226976177,1.5760677094694995,0.3035939076221241,0.34058052004116396,2.0434445030446584,0.9750735200843461,2.044374616727977,0.9800326651657093
0.819756094015086,1.9426926452390387,0.8700569312205668,1.3982736825978617,1.4249363573602118,1.576481030980769,0.9969504393071761,1.6818156684478622,0.299010668573535,0.3386614772308263,2.120654182124806,1.0594981796776228,2.0940966740267175,1.051935652662234
0.8017596312125217,2.0254159439356076,0.8678953965288098,1.4449719689693978,1.4639084206092838,1.4318618457145302,1.0598752109540341,1.5663063635073244,0.2949644265214724,0.33014661770644754,1.9771967809639817,0.9759882668710993,1.9695029806471394,0.9919522258751019
0.7690409384062148,2.123751495154589,0.8362137967184207,1.514184855489376,1.5325364371616386,1.5305577194185205,0.9755565975009313,1.668730816794048,0.29580720013161677,0.32701789694704136,1.9486227125803832,0.9735283209076414,1.9531917193021435,0.9761230488941847
0.7689181094704732,1.9359480251447436,0.8326819906746428,1.3890684886317155,1.39796230316142,1.4630357270798207,0.990371027840438,1.6239901723386698,0.31216983297356155,0.333449825176637,1.9299849319177134,1.0164900944046416,1.9192158606911496,1.0336714809241614
0.791941167217037,2.0014531674003653,0.8603006956223688,1.4319676560895267,1.4604059062187826,1.597022695471301,0.9319543810293103,1.723015479766321,0.30734399597550777,0.33666451217079035,2.011884717021896,1.0023936529429698,2.0272175542401407,1.0006375422420308
0.8400565166069455,2.0847332333249255,0.8865241249609885,1.485420118054723,1.5290682940382527,1.4537745120517274,1.0149624835252418,1.601232875281344,0.2993705725959263,0.3294790228470833,2.02876125552911,1.009805572187828,2.00417391221512,1.0166603845738038
0.7937698075672736,1.9952215165252571,0.845797213475649,1.406550163361654,1.4510336458830997,1.5686016918123498,1.010579267398055,1.7161175958763404,0.3301904798539771,0.3397992960633167,1.967260676338245,1.0068194138647695,1.9777377311158648,1.0029232845826102
0.7639245691251655,2.027142307774984,0.8289170378561568,1.4555855172532717,1.4839865770520981,1.5110915192436218,1.0025480943906309,1.6462443927808557,0.24066493862518537,0.2921571786083868,2.0467209647435474,0.9672882340357768,2.060053481183205,0.9852978215534155
0.7941021664619374,1.9362563883111872,0.8507913780434541,1.3843159972339787,1.4143118801668568,1.5151316912540571,0.9913269179911143,1.6481114294038428,0.3101977449584239,0.339479094288035,2.0279230446091505,1.0484007678723846,2.0313447922417738,1.0358618951698622
0.793454634326056,2.025698425832459,0.8455925401244957,1.432589881729316,1.4966790987747431,1.3817814851189159,0.9882896832491018,1.570308639648155,0.3143547741331796,0.35894920946689896,2.0025939013786935,1.0268062661766733,2.001523367918723,1.0286112509660603
0.7352747205694024,1.988771344099727,0.8019927023566183,1.4206540637980432,1.4465480541798041,1.3678251988076569,1.0200760093480268,1.6047132456750959,0.32293925736510337,0.35838590497525086,1.9458551167553524,1.0407684985380135,1.9619873240381744,1.0290364893371322
0.7986969232035726,2.059143799740792,0.8566601508558928,1.480518010621337,1.4965103960436124,1.4867660435839611,0.998847335936455,1.6385584317246102,0.2987025711789328,0.3217442369858188,1.9710881410709167,0.9841500733266872,1.9736849148486089,0.9934482944526659
0.7944575712749917,2.071243163093885,0.8512747234608466,1.4918064386677001,1.505701091710331,1.5148143638049967,1.0125988748622132,1.6450710594275535,0.30415840134767913,0.3342318845315185,1.8542146821390473,1.0124957063414552,1.9243038837615143,1.010501350515298
0.8167089527555221,2.1553738185211166,0.8745215758828848,1.5408681196607257,1.5683888724450932,1.4324881303357366,1.0085993126981818,1.5691316812875404,0.31971896766629443,0.35196092694604764,2.014147223851882,1.0059210538670407,2.01266217209694,1.00367525706874
0.8443749462786884,2.0347779903928145,0.8884112568423725,1.4559123481861913,1.4841391652579277,1.4346783953714195,1.0449370914838305,1.6008975398572332,0.3298233280856036,0.3652642900546817,2.001580477324846,1.0338400787860453,1.9945232928677346,1.057344638615896
0.8270375607091462,2.01954777899493,0.8906774022039707,1.4474031678241555,1.4757207410762672,1.533688357789568,1.0270797638950022,1.6879870014484337,0.2939892802964246,0.3118201841750844,2.011308739465369,1.0348074439548887,2.0287267264401025,1.0261800863693604
0.7935466714266841,2.01166305809464,0.8597628495352532,1.4401781544876069,1.4646904440183144,1.5337712688274279,1.0077144737260075,1.671052728447222,0.3053395156625512,0.3308022856064964,2.0302591409338735,1.0057915240887434,2.045721619029435,0.9972643671021811
0.7734433781901999,1.9788100224313587,0.853099540624058,1.4158542925214825,1.4505962890269035,1.4917355363767244,1.0607368812260871,1.603092089283499,0.3335714792869751,0.34875058107259593,2.0231492891859335,0.9544614660447025,1.9922825596841527,0.9755580789676513
0.8617606352779967,2.0203090306077014,0.9027298492254784,1.4407332902865426,1.4757115260742462,1.5468121032711646,1.0168107411622624,1.6647196707652994,0.25751945848242297,0.2849760665454715,1.993377009161238,1.0533898566126307,2.0248722382635407,1.0324246547610287
0.8014212424163477,1.9822759153916583,0.8670182932691342,1.4157489842760675,1.469606490986335,1.4295478622567912,1.0521985075516167,1.634009409426545,0.2861997480037083,0.3405889697643443,2.0029200825897653,1.0166796230107042,2.008011597724307,1.0009945866456669
0.8003343030059108,2.010107658576177,0.8580063670301512,1.4421698047389515,1.4588371255453914,1.4786439049747817,1.0242777043354656,1.6797408066650714,0.32931671957205927,0.35966247933425727,1.91574101499823,0.9817468887582658,1.9429410369295586,0.9757629456625254
0.7994209979093599,2.0790558521364777,0.8569279268004066,1.4725984232677503,1.5173737441558108,1.5988726563470204,0.9263232368427383,1.703676592862266,0.32185075667216606,0.34458029529024736,1.9649767612586344,1.012196264148001,1.9887854809472012,1.0209599271834644
0.8047540342584285,1.9396074460832216,0.868673314223807,1.395580486779365,1.4186451197061647,1.504099327796389,1.0521933905327732,1.669864117804547,0.3104489042185339,0.3424166554977462,2.0030282632210077,0.9546671935464243,1.9799891652267736,0.9690564713076953
0.7965353501138255,2.068392713667743,0.8583563682694525,1.4877925247689006,1.5045566480746881,1.5075787508752199,1.0054070496537069,1.6280213527025515,0.2910280625378176,0.32836467970055533,1.9558487854452584,1.0316605920241313,1.985363563255095,1.0298984031890874
0.7862321118348744,2.0790269040403917,0.8466434834168284,1.4828847054140382,1.5283763862720405,1.6383567951580644,0.9979218091639689,1.787777598814823,0.2823636300202916,0.3183588633889789,2.0516090477523528,0.9558636476716255,2.0369412658861252,0.9813985351144053
0.7868753854102306,1.9929158883805353,0.8434673636008249,1.416060594355023,1.4501905671576814,1.4160394700490737,1.0112539338995832,1.6000111786193827,0.2881756876151525,0.32744002963789415,1.9604820751426981,0.9933749652388876,1.9494387408277907,0.98064684129635
0.7992139215148161,1.8726887060594843,0.8614602723646048,1.3431589990070252,1.3718098779578884,1.5477858219985265,0.9862006735217173,1.7140346114511158,0.3309601644163738,0.3448086063987693,2.012978324674899,1.0073336334881664,1.9922637598408843,1.0015760792579695
0.7869578054927897,1.963530680774334,0.8456495372720432,1.3989530111198392,1.4181058629382213,1.5998391767884859,1.0090811544155578,1.6677569437882647,0.2874311462168931,0.31480436716688676,2.00699393940892,1.0311651913594628,2.0114321256070564,1.0156997877940503
0.7828917012157481,2.0778196727936664,0.856658989215952,1.48919201484329,1.5151843278302866,1.4805085244100873,0.9763249573462763,1.6549253988407524,0.30202845928479316,0.33335899429920124,2.0447766556166247,1.0031963402930313,2.0193119249405287,0.9903607519718718
0.8025543254646056,1.998627916262067,0.852693258181375,1.4143110631233529,1.4534727454473526,1.5515778472112907,1.0509708903493749,1.6833431411960684,0.2849258471027651,0.3196479246436279,2.054047470441698,1.0190488862083764,2.0662180529675873,1.0048027985607038
0.7938805467818996,1.9400418660623053,0.8582014694631644,1.3958872039250199,1.4079117752609727,1.4410788301673456,0.995456475455158,1.637983368754262,0.31685548060198054,0.3431229944778839,2.0416419566580766,0.9991549927465134,2.0584311433915126,0.9935647845413458
0.8360958317259846,1.969713504726307,0.8717542867571622,1.4159249323747218,1.4477167906237614,1.458796056265959,0.9846966462911027,1.650846059976469,0.28922547439307117,0.33140171791435025,1.873639627917012,0.9990344214716715,1.9306442082140285,1.0108759345984608
0.7363767245985677,2.050437201590273,0.8204140424725059,1.455801848239126,1.492097771910129,1.523097984962858,0.963002967371229,1.667911601066901,0.2980481221969117,0.3294579832456418,2.071648888880788,1.0025643175104488,2.0486503890108816,1.0064487968329674
0.8261961644461391,2.0328040140920827,0.8837616952518612,1.4616643624994907,1.4866895063011523,1.5479140003866354,1.0107510315659456,1.6767980438263979,0.26633235733914346,0.2921994365994615,2.091638493451676,0.9943282623744287,2.0645521048063844,0.9851134006508767
0.8299060446199431,1.9856640740498184,0.8784120122452858,1.4386286723565622,1.4550830725305364,1.5672561907443747,1.0074842840050038,1.7247076144933327,0.2677326352759012,0.3088231730660201,1.9710725429407119,0.949402892707557,1.9508533748299313,0.9806878907618158
0.7502386344222045,1.9779905352911187,0.8203307770367727,1.4200572989176354,1.4314768967168128,1.5941777152163696,1.0155369845471003,1.7148527260253663,0.3001534638664301,0.3275220452629986,2.014198814760371,0.9769502951891011,2.0231780500891356,0.9895348992438501
0.7917754977420717,1.9764945110573706,0.8582584640622197,1.4034824705665938,1.4482728029377208,1.4959532064866892,0.9589099244997948,1.6385800745181782,0.27349685689604475,0.3120616070089346,1.9465500991921532,1.007343245233351,1.9699381529240045,1.0134152457973844
0.7910854192161011,1.94465538893009,0.8474603099733529,1.410301374326611,1.4155495546724346,1.5716167053103554,0.935952752047537,1.6778913343989157,0.34210173278669004,0.3542718154726305,1.883097289596071,0.9925263698953384,1.9248185988482571,0.9984304437885456
0.7662197193267724,2.0969225413681665,0.823084308290135,1.4908628048360086,1.5374627564824004,1.479461709393051,1.0250236521002625,1.5990986458319592,0.258769537757755,0.28962598895138997,1.9556770840674569,0.9953257275345428,1.9800816948071687,0.9867706125923354
0.7813323994978191,1.9806607718473197,0.8255566145345722,1.4170003172155623,1.4445713177362673,1.554125478695296,1.0593856744750603,1.6799702102001155,0.2839964940267179,0.3303906105469153,1.9675916576321835,0.9902993899168385,1.9717781931185738,0.998445018439878
0.7733461797088201,2.07302951124953,0.8434164878992816,1.4824579511838405,1.5154296541353671,1.5124493278711308,0.9589458551044041,1.683410184959865,0.300334017345351,0.3320915112534097,1.978708956118891,0.9740920482180455,1.9744052527386948,0.9698908004868438
0.842054490642167,2.091278963115347,0.8573494929849609,1.4997195543502153,1.5260440075477049,1.5267406744249155,1.063577651342468,1.6734130861693457,0.2926973412440843,0.3238551049159951,1.9424651545996408,0.9852070161707112,1.9685518262319406,0.9816987774582513
0.8224562814355391,2.0598986538888777,0.8730710469458913,1.4808779975804907,1.5038329260968508,1.5254104724413222,1.0113564423494552,1.662120077887027,0.2779170908667216,0.3266277199068907,1.9559944899909656,0.9907950476683421,1.952514378643767,0.9924037051899846
0.8305173222798599,1.9741027812369172,0.8746120175279302,1.4088764696278044,1.4406308999570805,1.4037176994121312,0.9997174838179668,1.6020150263659,0.28084144321009463,0.31254297813032783,1.9993396207022955,1.0001542942162556,2.006747819790726,1.0005296539799728
0.8173201295370377,2.0242238054201964,0.8809002917014833,1.4354834651718986,1.4739925264669778,1.4325526884683537,0.9840980521381689,1.5743323540416099,0.2801869184500152,0.3155382138481809,1.9537863810133915,1.0118013503340915,1.9815083507053926,1.0069925607658332
0.7729027574907865,1.998548263616545,0.8342858873355892,1.4249134962945322,1.4568655192115212,1.5061524863890514,0.9446192792230002,1.6584317439955685,0.2942655661035987,0.32980524630580516,2.0326114599530016,0.9945834912734278,2.0144474161049652,1.0033905362922795
0.7874115136092855,1.9457778883561923,0.8471474604485235,1.3880820533454714,1.4344466019448774,1.3987632552215299,1.039509140636984,1.5713416818143968,0.33903858179034846,0.3661443686901653,2.0408996390838463,0.9691103423292274,2.04868123892204,0.9764045758849625
0.81174498946947,2.019461556903296,0.8825197121055303,1.451237505137013,1.4691705250462244,1.5498726661919853,0.9689757455424959,1.7079363571349828,0.30155874593116416,0.3277301262904276,2.1428232647698695,0.9580575388024365,2.080293281630199,0.9806354035030538
0.7706689325865933,1.929257612530412,0.8474555326714495,1.3812779159816788,1.4043385562693707,1.5522933579772884,0.9688077329704959,1.652232818261165,0.32365800978775044,0.33746301188245487,2.0675407959274077,1.0779231162212568,2.0601090839878786,1.0584518545889299
0.8171119623241374,2.071260763307694,0.8793351342412585,1.4673091336764548,1.5145912794505827,1.5196302331726674,1.0396770523954781,1.650693419062148,0.3101395269165628,0.3495991101487231,2.0145861834997048,0.9661055490920631,2.023066066676075,0.9771593257031738
0.7942321904442048,1.9721229621620964,0.8576865794671659,1.4316729419554153,1.4331297261286868,1.4327319592345247,0.9246806621331309,1.5681321371498618,0.3222772479596444,0.32850091764145295,1.9627841421999392,0.9844412499620685,1.9630543826476905,0.9863433967710642
0.7910043006188097,2.0120695793523704,0.842598022720751,1.437548994795382,1.4581213632736476,1.5828083363321108,0.9390560875732733,1.7071867355273453,0.24400071394812828,0.28693115401718455,2.01762484110044,1.015510009075418,1.9939819041986446,1.0055027494209046
0.8170630392368838,2.0169972722927687,0.8775857365834335,1.4432097510080557,1.454459275545366,1.6222326383831014,0.9992746302596768,1.7612916231546607,0.2939108395770354,0.33878730137303464,2.0195957575949812,1.0108258182869705,1.9780395131283648,1.0070489058719476
0.810662319475665,1.9844657015777554,0.8719953767257033,1.4173744088305276,1.4427527852772812,1.5088246096467584,1.0117313771601941,1.6480664262004987,0.32614270846301424,0.3449925599515615,1.9692012146596602,1.0156259707768471,1.9650754993408563,1.0140937094366917
0.7913368120203421,2.0352016280885166,0.8468340469757837,1.4581831529600324,1.4865105767849216,1.5306321227070743,1.019389385918757,1.6690283278250577,0.2885652835450133,0.32095665503291004,2.047023883805173,0.9867184879140347,2.0540529021676335,0.9841593283127626
0.827823915280742,1.9715057806026486,0.8742950484913469,1.4063585238210692,1.4379980395976204,1.5121043192877626,0.9879280602641499,1.6759511601386692,0.33524946329739225,0.35622905171521957,1.9161141191190876,1.0071567421191865,1.9409652185721615,0.9957257087549997
0.7740544801376025,2.0522778378474347,0.8489493860298891,1.4755618930993584,1.5011132887718712,1.531822151339928,1.1012147867456676,1.7069193867995123,0.3296778030753552,0.3433019691910415,1.9853360098677493,1.001840309927226,2.0127572697795637,1.0086159543817825
0.8147824545666624,1.919241219185195,0.8683365964390584,1.3745772754184544,1.4089623974086927,1.4928264746024162,0.9908842976493666,1.6401060761512338,0.29061738567745077,0.3284477312075388,2.0333515075590443,0.9906360589737614,2.012655201984747,0.9847410225003603
0.8142344301912412,2.007582774772785,0.8760606436642839,1.4490962683873412,1.4667661565057435,1.4979261456093718,0.9907685539158911,1.6607216021985078,0.28993672961907285,0.321656828982625,1.9827449511444741,1.0073622922531402,1.9973522422469687,0.9990810435113324
0.7925708854564643,2.116335739943497,0.8749599232522922,1.5121643001336669,1.5348481796413393,1.554343056029842,0.968120533247445,1.6636742324565927,0.27972788315291064,0.3125301116674197,1.9875947357942436,1.0316609664025211,1.978421346519634,1.025207206054357
0.8078271925338109,1.9399801205236655,0.880373204195599,1.382556108164283,1.426032325962325,1.6407374497137863,1.0049562726608428,1.7851671508945044,0.28740811536272404,0.3311123758364875,1.991732848328463,0.9993339932969403,1.973260710919627,0.9861087929400489
0.7699732741667528,1.959335301768509,0.8201267236623917,1.3998045174483145,1.4448068826623048,1.4159957259358957,1.024598449281871,1.6473247098294774,0.2753482187166217,0.30807854399813234,1.9498639255587353,0.9995335853906928,1.9590745749583882,1.0134680845153496
0.8221766484609657,2.030834470979535,0.8833467633104799,1.4566580595819028,1.4766927655964808,1.493771250935822,1.0481431221813384,1.6533402425397385,0.3085762236086601,0.3331697965339778,2.0704340558944523,1.0320448310462795,2.035653691908768,1.0195938014640291
0.7955623487253684,2.010774906916376,0.8731076409558797,1.4392700643447198,1.4606084653679947,1.429172370886075,0.9404286294223912,1.552569401194297,0.27087907013307133,0.2992452908873658,1.938917739684631,1.0288408107945644,1.9288745032928927,1.012540650155764
0.7874546475075431,2.0210378059564134,0.8591588450522868,1.4509900253208496,1.474724721578707,1.595521493914565,0.990160186465772,1.7000397465852313,0.31207466032380443,0.3355659454228976,2.019089559644593,1.0475180932289045,2.010257153670048,1.0252352270058904
0.8251762214200854,2.02935122780886,0.8818757046501602,1.4581757659034347,1.471140360273452,1.4647357218408061,1.0178681444323658,1.6325782017282753,0.312561573938005,0.3436364577729651,2.0248188738969426,0.9473130929656127,2.0238709433604396,0.9686563416509207
0.7830957514269739,2.038083288113706,0.862992283825102,1.4514522276192432,1.4795570299745961,1.4134079523728524,1.0234823013837815,1.5746262931513404,0.26677591189632155,0.30096676045911036,1.943082685927462,1.0271535754950816,1.9804960147434483,1.0000975078325722
0.7661969288872746,2.0665819905173732,0.8505240273147632,1.4685665744831988,1.503076856980335,1.5382912199309144,1.0002619463121816,1.7035821174238632,0.3309963721265668,0.35089727786031377,2.0043862552628444,1.0180474013620653,2.0209171405047606,1.0212790198471668
0.7626408998354264,2.024589119415711,0.8322836053921607,1.4446541036033504,1.479429716615775,1.6046586668845866,1.021696958781284,1.739984816967434,0.3102721858883044,0.3326624770189195,1.945422069635318,0.973430428067402,1.9843445649006326,0.973868133283258
0.8145442388322954,1.9855245407228874,0.8780882831660481,1.4112838923206312,1.4432800085764856,1.5398158721136457,0.9676414442829679,1.6666767667765163,0.3149939604288974,0.3543887969768024,2.083462548503357,1.0075476375399652,2.0683470774861026,1.0084832674910704
0.7692696955400893,2.0403544220721637,0.8476721564234443,1.459969324522174,1.4946225850726829,1.512287872636915,1.0623162172927343,1.6520098331549744,0.28482669596914456,0.31827484620131846,1.9316730237814272,1.0315336524327399,1.9585268502391313,1.043732206535156
0.8421150603676248,2.113992916093713,0.8894566733949781,1.5194022462404106,1.537052311366508,1.5245484553665596,1.0397051241191773,1.647491726832294,0.31244758236946235,0.33751259639992215,1.960766174346082,0.975125232325438,1.9554289208016498,0.9654077773285958
0.7500336942107907,1.9920419752170455,0.8182269871369607,1.4231065046008755,1.4674722710953487,1.5848904397695334,0.9462028885173931,1.6991577798279203,0.3225278689944413,0.36984541835000245,1.9265464994986652,1.0132768728706842,1.9522127802963176,0.9954955628033618
0.8407149528389609,1.9415282417197615,0.8981831004324471,1.3988001264000536,1.4173850422527567,1.447548043799151,0.9569958780753298,1.6031188199340947,0.29802783201990646,0.33326125726419165,1.918538076387947,1.0261406102719306,1.9548518611086543,1.0235894954231683
0.8050644192128629,2.0664248401572185,0.8578428321034519,1.4683170133688037,1.5082099925198407,1.4932891737548213,0.9581231299957238,1.670383051928949,0.34003844918496723,0.3500039008043191,2.0954729174529376,0.9678694131240554,2.089538283651011,0.9699183326425389
0.7976788853151107,1.9927771301627841,0.8655007892002945,1.4118683783555077,1.4656429737680392,1.472838591089428,1.0271187988358612,1.6765146580364272,0.30088129269825875,0.3330133266357227,2.032566480434754,0.9957314292266456,2.0449940243115243,1.0010474260345341
0.7869219419165853,1.869639827239158,0.8541074566357909,1.3447176216764538,1.378377244126275,1.4299280815624973,0.9486108893433013,1.5705994596728279,0.32281571600904946,0.35317207809236095,2.0084176055420326,1.0090290512992723,2.024977443850708,0.9976350631084302
0.8095792667444498,2.0508453006290255,0.8557778838228475,1.4547863777659351,1.499157319962847,1.4802974844349919,0.9867590266316768,1.587116435208235,0.3058601761451731,0.3462322535445042,1.9606053821991847,0.9761160548337113,1.9455088881921176,1.003954558067489
0.7990967671418037,1.9678803088427645,0.8691723297389237,1.4155649405752206,1.4281874409830773,1.566463265758947,1.0181881758566709,1.689060328150066,0.3117104306571373,0.336055660746135,2.0544567086628063,0.9736254040271937,2.036545099394389,0.9818090773366892
0.8264792451683965,1.9945680030617503,0.8629729734508629,1.4231199010537334,1.4582743679799437,1.5339961289035635,0.9973533626181426,1.6262553680228244,0.26657335464730453,0.29305745821110774,1.9505466536379528,0.9959486619441168,1.9725368851942278,0.9894057445376845
0.802741463567889,2.0199188198341407,0.8639782710590908,1.465654210320357,1.4935154052801887,1.538658630006492,1.0103555006285083,1.6829028762997635,0.30742107476430724,0.33344981245410477,2.047618357659806,1.0240491915071108,2.052714789690495,1.0018084008309076
0.8036072422750851,2.011429980786744,0.8763842495272791,1.4505396926033118,1.4747011908947205,1.508788536699199,0.9573678915460496,1.678230985026627,0.2853004979748547,0.30958754614097417,1.9476493234036618,1.0193120200357633,1.958012641855405,0.9984908208461196
0.7912733069068675,2.0425671090283424,0.8470625360462014,1.4614879891625836,1.5028568570401288,1.5313994269637152,1.0237941749358899,1.7078662936304112,0.28307203388444624,0.32853013005526926,1.9613295378874598,0.9741576181244097,1.9808052223781163,0.9990087901719309
0.7986333050306944,1.9738708177658093,0.8539767276748392,1.4015468281508254,1.4466795351926238,1.4519645794591136,0.9754715243009602,1.6135707703237676,0.33488206368931955,0.35141093707007426,2.045496943167075,1.0195650365534705,2.0459893371180295,1.0062082210693626
0.8073872424534094,2.030786347890565,0.8818982798248117,1.4553545652925115,1.4904347536127391,1.4814294068443663,0.9870152130240823,1.6384117052863403,0.29572459503875304,0.3232281379658719,2.051829640649346,0.9749218067150047,2.018763829674155,0.9911049187280767
0.758955958576241,1.984427199344965,0.8339082966707397,1.4379288506900245,1.4576389117558533,1.5115202542181205,1.0095092691162395,1.6072516230231264,0.27993396338049004,0.31962811280530246,2.0358483760338055,0.951694906060197,2.054840223238397,0.9529273613903522
0.7676435498694629,2.04432862885325,0.8286465168754393,1.4473665285756574,1.4928541179702235,1.5166509515329134,1.004123128861234,1.6600173424029956,0.2928173674378225,0.3214318720260895,1.9370195530545924,0.9889856928685831,1.9414394855295025,0.9904070534185929
0.8178383382565452,2.036922049040783,0.8858844167233939,1.442107990048954,1.4715599958799757,1.5192112712953123,1.0009592007606236,1.6767190044417035,0.2739909954215617,0.3024795665421184,1.9731963880566303,1.033689081147572,1.9536959850683708,1.0031943730828459
0.8041007705150707,1.9438736778773242,0.8887198822988409,1.384739558988551,1.417730375730799,1.4916998830790174,0.9699749271209298,1.6560066994758718,0.3286776893639254,0.35249496698265187,2.009413924471911,1.0196788165642412,2.0055166799776054,1.0154777575999707
0.7955843999275357,2.065158926970502,0.8497855667606334,1.4730336436989513,1.4925745346003223,1.4773545959321803,0.9880180235520323,1.6208555525279607,0.2860863851166697,0.3377527359025901,1.9490431422853944,0.9999528457788042,1.9876177685149328,1.016614858553463
0.8004424143935694,1.9678421932931571,0.86298486182391,1.3994293729671141,1.434715183640504,1.6894662769826578,1.0000873436334814,1.774995592792613,0.3105859986788734,0.34416966707895386,2.0822577656077574,0.9874988354922682,2.072476865542574,0.988814982262084
0.8083419609286802,2.048483467896869,0.8698334235350198,1.4692041242650933,1.4898902085209613,1.554407236375944,0.9449965906733166,1.6545638723002607,0.3271221342842065,0.34899079951244977,1.8558831833629672,0.9883071359165071,1.9151213661893545,0.9830814315870033
0.7870457676725754,2.0220372388040806,0.8461129202103577,1.4389071791130728,1.4797579055830383,1.5247888485571572,0.9814986813474649,1.6137711693375651,0.2899969463757054,0.3250928431278326,1.9532756290778508,1.0032635471758238,1.968577783140449,1.0197075370329585
0.7813206865903446,2.1102910206077072,0.843389193730506,1.4930443259048882,1.5462393918262742,1.4860074901076163,1.015507195161314,1.6154832557056549,0.3106404486454557,0.3419724864697339,1.96942600982781,0.9679468754246251,1.9782091781363247,0.969080658697498
0.8047002861223445,1.986592041057689,0.8820817527404325,1.4250381211024556,1.4518881105102623,1.4729268703833673,0.9489025358461863,1.5947206926809878,0.2793982789019114,0.29311650978225595,1.829363380113694,0.989556779643961,1.8508922763254387,0.9996883592556456
0.7765190533372393,1.9790409922329082,0.859945841230128,1.4105747212794963,1.4406100691625632,1.4921519643763828,1.0462632660637696,1.6523278783596822,0.3489153913822737,0.3664666605837554,1.9162262521858286,0.9935329161592069,1.900792886802076,0.9880416758455316
0.8097980661371473,1.9988348236467361,0.8699037882401758,1.4221876567241374,1.4536441400442854,1.517569730615201,1.0507845305039938,1.6574200096911897,0.3187276026923324,0.33417606200015626,2.037517370752524,0.959467766246455,2.0291365603494027,0.9598968121446722
0.7591379934982919,1.9818092130299434,0.8234872406316764,1.4171846006670705,1.4467044233764148,1.387173867356215,0.9501939769615966,1.551540713223559,0.29614787122478387,0.3459530664470547,2.001817018193178,0.9748465524730727,2.021940356947994,0.9947741978210779
0.8246997352958155,2.047996514116523,0.8957619018046706,1.4654862011254417,1.4984179672627598,1.4058366242775189,1.0543047853220056,1.5655670144061349,0.2845433253822207,0.3169916017328158,2.0943881613225743,1.0123152037445915,2.078211983528232,1.0048017388296047
0.8113423395779131,1.9030213634938047,0.8548020932575906,1.359976984228495,1.4004104076185244,1.4617870566636626,0.9942567364515146,1.549781080777703,0.29772006894320746,0.319062240264068,2.092713586753089,1.0002853551982298,2.0690630090770097,0.9928913482235546
0.806144713623533,1.9367790548512187,0.8748367177276045,1.3858949818775421,1.415058575503752,1.5124283662067142,1.0167405823662823,1.6983913099212882,0.2932003255529696,0.3227724310725104,2.0259827827162367,0.9907371462641985,2.058499274581942,1.001091388767743
0.8235845836146923,1.9359318247052484,0.8821896041312008,1.3912562382935147,1.417015918109582,1.4856436111708888,0.9801339579148701,1.6215289324111801,0.3390588910799901,0.3495422803236452,2.018794294940043,0.9726571768738611,2.0234606208300017,0.9528370204456375
0.8399713866671019,2.0570184555184143,0.9030174559935171,1.4645487035926392,1.5063998191222725,1.588687273565969,1.0369217930890704,1.7017200128434389,0.27548930555570195,0.3204031470984437,2.003955866514734,1.0473054947676765,1.991671437081265,1.0491469282389558
0.8243448815604352,2.1026368023549153,0.8878030208026676,1.494252147911944,1.5309151115149353,1.4110561927802538,1.0162437607539467,1.5434770526000998,0.30269602846580407,0.3333586428242198,1.8406950789272307,0.9748606235596204,1.8726322770999055,0.9781055852209105
0.7558190184480406,1.9937330468877517,0.8363541573198187,1.4230168359691633,1.4501733431318842,1.4549192718237978,0.9674338697360959,1.6414083552206613,0.2996332386673258,0.3231605735445636,1.9163264292004354,1.0075477842178522,1.9769855969942847,0.9852037938377277
0.7692901527983432,1.9898706966085993,0.841969936302391,1.4210742770224585,1.4539188667486778,1.5912055044594662,0.9533919200013885,1.7123301765223993,0.2976517939931026,0.34367533939808353,2.006040530185936,0.9853639273577861,2.015665664299632,0.9845222220145178
0.7850043541353038,2.004203129786791,0.8467384742313003,1.4349743479350772,1.4551119637110939,1.5078671594805089,0.941587902591631,1.632014948740685,0.29782766690123313,0.33805347020759974,2.0369615425248604,1.00108837877915,2.0039413575271556,1.0142296380256899
0.80062618520506,2.0697126981564913,0.8684588387058172,1.4724788782586342,1.5038252147042463,1.5530905549680696,1.0075176710573102,1.67153777943623,0.2976785837975903,0.3298478500026686,2.0173801887282883,1.0137282922582111,1.991245240806221,1.0173053441774746
0.8124238164912589,1.9443588119485655,0.8478591850472899,1.3762350259541787,1.4256706297428576,1.6230748165961677,1.0228988564711894,1.7740419654560953,0.31746132132664195,0.3464283329450184,1.9464521019370606,0.9588923023237634,1.9844660214500496,0.9827908023393688
0.7825821484843168,2.014302138964087,0.8410885863119466,1.4407562103415081,1.463689987205451,1.4583717349258907,1.0260386271511777,1.6161258296130556,0.3121796889298487,0.33894275365867,2.0562443769481695,0.9998015126753954,2.0170090215155017,0.9873845799953066
0.8044824023474499,2.0585118577869457,0.8724047571143022,1.455976536465551,1.4970170810433723,1.494041139732478,0.9952807562157049,1.6295793437603174,0.3083782322274557,0.3511848951607144,2.088946641725278,1.0357218594693953,2.0912479028853785,1.0218678218093478
0.7818708096235203,2.0300656501963905,0.8384172001655036,1.4531282171588915,1.4771202920946118,1.4836543859441478,0.9537201417734255,1.6194660240499728,0.2393202127570946,0.27065253046066656,2.0562793760174802,1.05284505680476,1.9943732560981153,1.0359842510706911
0.7853235727281933,2.0113748969959246,0.8568525075813775,1.446446099258987,1.4602219168221304,1.3827244197310036,0.9727170080790487,1.5335387554903919,0.3059958974832633,0.33562863365346285,2.059375959775428,0.9960995808023461,2.058686972702806,1.0023587476052878
0.7662401336756427,2.0600627655540285,0.8414874570224745,1.4583171428522483,1.5017332427720174,1.4813761917746417,1.046093945558477,1.6361535920438264,0.2668872127965983,0.2990275517985508,1.9664464521226874,1.0012504362165073,1.987666017767277,1.0164017291304683
0.7778424020933383,1.8378060624200458,0.8603984068560004,1.312722406144304,1.3575590088467482,1.55286373124284,0.9806148574159967,1.6938016347831077,0.3129264032627165,0.33626475271891515,2.064556047362048,1.066339990858046,2.051311484302848,1.0452846395034263
0.767559569465208,2.0406725191718547,0.8530336361874998,1.4542798975674847,1.4831014658508817,1.5324353725087345,1.005736705227259,1.6988210559215973,0.3294899473514103,0.36305701615023284,2.0087455183596594,1.0340477284479759,2.001870819329318,1.0145630395056744
0.7765790419285441,1.9607554590123546,0.843463215420448,1.4170007389052202,1.4297905926392518,1.5371449901632805,0.9569739806570045,1.6199326469462387,0.281475217748229,0.310097993390485,2.0306933317113205,0.9814814629223434,2.0557803336712417,0.9780795096518344
0.8252874031185882,1.8901620261886125,0.8727193373599113,1.343644218909928,1.382500906795467,1.4774694611616301,1.0134633218183613,1.607676518883923,0.2947643855531459,0.3201304856408597,2.0219259105694825,0.9814304964734163,2.033892671848346,0.982927035573325
0.7772144266680334,2.030672155971499,0.8436548288913779,1.4463380808496107,1.468554130151882,1.4606341658396615,0.9816926175328369,1.608321089444042,0.28801288589894003,0.3162489709360403,1.9927107736735754,1.0286964838536181,1.9751156190577646,1.0137155180935933
0.8631771695560975,2.0824195127097775,0.9007868263370874,1.4706687621021115,1.5075389600863442,1.5761553403139172,1.0418685085510306,1.6990199557019938,0.324708635515136,0.3480382622265057,1.948399851492662,0.9696688860986281,1.9299312546918979,0.9667125055014428
0.8118396296211414,1.9917530891223385,0.8652626728326351,1.4276998970282895,1.4469742031585535,1.4701609712185397,1.0309423082482725,1.6340463132010348,0.30190055770544144,0.33664694273411233,1.9950718001867571,1.0326318025401655,1.9972641915618847,1.0315958067816569
0.804436066968677,2.0571724728321765,0.8678688922014549,1.4806160303669784,1.5101664398453583,1.5176449223275927,0.980171762137004,1.6519951459942714,0.3345665876113266,0.34518309319007034,2.059205697048969,1.0100289989125302,2.0472513355267212,0.9962019474372426
0.7793994132756509,2.0967366954793185,0.8283675840610559,1.4967865040092048,1.5340442537210082,1.5098000808406522,0.9949334389060934,1.6702460197101066,0.30827508405894777,0.33544517072098673,1.9735114516812253,1.0155316229208122,1.9605618602385222,1.0148351584591717
0.8168074371058158,2.078894867215043,0.8708790874707376,1.4893587409006854,1.5203483023424929,1.587703020975427,0.9779553503983749,1.6892070918875124,0.3048490036127164,0.33289805324980254,2.0536008357564888,0.9922979858955984,2.0295440503985422,1.0062456125180357
0.7861846921702935,2.0983978717622835,0.8625661836557196,1.5009581570565882,1.5253572172355256,1.5582847414603416,0.9432226721381997,1.7227228727111763,0.3013641356520567,0.33444289797959115,2.0442242402370603,0.9811052558726077,2.0256573485071647,0.9875721142478459
0.8029282355514887,2.0445276494643134,0.8583772543030849,1.4636860248310075,1.4942050321903666,1.4222844827599728,0.9657023028181113,1.6077063195290096,0.3163598419851467,0.35179691968303073,1.9820637561788101,1.0438597849260496,1.991706392086424,1.0366180070876323
0.8614420289184511,2.0045260183340954,0.9059377950323753,1.4233834969177186,1.4686860165886793,1.4287468099934977,1.0079286931088327,1.5906472649704584,0.2652462760350931,0.29134736164635155,2.0833280062171746,0.9925978815833958,2.0791642034139426,0.9894872419335989
0.7976945624066084,1.9038820512861698,0.8557384391976464,1.3606330306747476,1.403358932541102,1.534734589084148,1.0130103799291832,1.7114974681720652,0.30170687911041016,0.32921748975161186,1.9786671997285576,0.9876719477027841,2.013859559024975,0.9834559277997804
0.8275825598308563,1.985236250712203,0.8889255312489277,1.421555984447413,1.433078840277115,1.49613974115725,1.0059419161437055,1.6848513371363962,0.2985990711254407,0.33910384247377434,2.0905728117567577,0.9975958879636058,2.0795396702829847,1.0102343771380349
0.7831237657969787,1.9494052042810286,0.8554184168834122,1.3930950907308481,1.4281490134221668,1.4726896929627742,0.9879306778416546,1.6475583201236115,0.31450837654315533,0.3460693884927958,2.0260476188924583,1.0057906639815384,2.0109734831606354,0.998023334629003
0.799160276228073,2.1302565630498687,0.8721037947776905,1.5184595713335083,1.5547591906768885,1.5609376730396682,1.0373226642288393,1.6163766610085513,0.2962459678825193,0.3282924378178841,1.9990480448927892,0.9690752461984166,2.0094686227013865,0.9734891767473945
0.8424992152552523,1.9894468512540597,0.8852218098336067,1.4300343012061376,1.4525063874433115,1.5112475629253346,1.0025416761824375,1.6868432564270064,0.2792253113167466,0.3265251163561365,1.9467319171797408,0.9830538551737926,1.9750727622834185,0.9973783634326414
0.7849527906130936,2.007392288407069,0.8482882039034729,1.4401881950531201,1.4796039453068444,1.5031474432133667,1.0281301531238378,1.6666625302968125,0.30014701349839396,0.31696270250609787,1.9947043861918976,0.9814590377828183,1.9771082883757811,0.9738064997874838
0.8434987653919264,2.033089122562428,0.8945135782046005,1.4417279481197895,1.484796536608477,1.546789718445303,0.9290489947118993,1.7313761426251246,0.27834318942263314,0.3114551162237348,1.9877744291903348,1.0253584091382055,1.9993780304398148,1.0173336945208722
0.8169860464509314,2.0026161467823473,0.8744942171457553,1.447284436567806,1.4617621629320672,1.4774934603033862,0.8431039899352664,1.6654454476603977,0.26149475574825026,0.3088281043262491,1.9245022168849457,0.9734211229600033,1.9747011320001,0.9886703502166039
0.7865007973785376,2.101703062425845,0.842809574412886,1.4973855087426202,1.5255109277544974,1.5941111391283533,1.011351521113523,1.7438613731748003,0.31454244962970984,0.348347970353095,1.9869430746369399,0.9473269642672584,1.9885392452352535,0.9731444839336233
0.8151777857373326,1.962641038295933,0.8675812751380351,1.402644640703783,1.4266342976834046,1.4527171426060195,0.9430093738511405,1.6373036577133215,0.3115812314538934,0.3466926776705268,1.951771809194175,0.9409871631128154,1.930365203310725,0.9619860830622641
0.8233413067910416,2.0116764473142346,0.8646220759193917,1.4294348360639844,1.4624489114069015,1.5394157439805254,0.9915019318914777,1.7127767073079707,0.3093418188798715,0.3365476616158104,2.035159506138727,0.9558885959597285,2.02408118019676,0.9572870337547973
0.8149234390932127,1.9554517648581171,0.8701047960742304,1.38972987359324,1.4094099664143793,1.5860299703195906,0.9879161183590158,1.7572653880344589,0.32605856843891623,0.3523079168506679,2.0783768285436923,1.0408461460854432,2.03764729836523,1.0117877371127317
0.7623146067226291,1.9207986493267577,0.8340687124469252,1.3708740849936158,1.413365163876792,1.417362270643674,1.0634960240966214,1.5941819599427596,0.2866993621939215,0.32058594196061374,1.9263850594222856,1.0004861979845217,1.9639960852771505,0.9987307766638112
0.7825487077802032,1.9632938545456828,0.8506787671276509,1.3955791681032461,1.4385210667071802,1.4793998894488531,1.0159998621177442,1.5957855838310808,0.27137771714457487,0.30951155805943376,2.1027384637020154,1.0150374726042162,2.0864731207862635,1.0051848253086983
0.794059552746764,1.9977777921770952,0.8485738601245641,1.4192939211144426,1.4672793442253975,1.5685324435731334,1.0066343610719468,1.6878898321259441,0.2985994044638391,0.33146921557197884,1.9922869379368922,1.01609463181364,1.9932123442604741,1.0059413208982648
0.7982135977015989,1.9742418665289645,0.8570547856967599,1.3996617310354817,1.439518197941497,1.5694346728638615,1.033479646185347,1.7047793125943653,0.2930499940058818,0.30782067521472717,1.9414987169036892,1.0016855175517696,1.9510726835984076,0.9962148590788253
0.8148961303412163,1.9584547412075686,0.8700421852410072,1.4038917708392031,1.4110373489025132,1.4897102639767057,1.0147399034735616,1.6454636044348356,0.2831540856645986,0.3152341330343237,2.045465286812491,0.9977565611004607,2.028443609115514,0.9959390348113387
0.8042648240223982,1.9156209521796899,0.8689254666024407,1.3638700422080503,1.4086188280235517,1.4559197343793884,0.9816929202804627,1.6007647680164228,0.29840301693024407,0.34100763957190106,1.9732127313046972,1.0313357928945441,1.9837583362667255,1.0247069242404896
0.7679517353909576,1.9950136656422783,0.8367944321911074,1.4211269300174125,1.458302890222847,1.5573561493398458,1.0428590372101825,1.647285181948687,0.2877678970759083,0.3106404142685289,1.9950957994381104,1.0043798774293793,1.9833629462148477,0.9968227261554696
0.8091247484241432,1.9097167775581398,0.8560984358020239,1.3628328995281083,1.3869470347621928,1.5710129461548963,0.9556099948844691,1.6803304450978847,0.26327989433286336,0.3064823628936467,1.9757433053472753,1.0419729243779023,1.9587941794293262,1.0362962005642309
0.8146540578868118,2.0456033578213764,0.8739137366263292,1.4653800553270775,1.4847233900334518,1.4301201990892562,1.0129298875013424,1.6202113990092228,0.2911764661841248,0.32227298463772847,1.950995724088106,1.018624898358696,1.982348337364244,1.012552635681858
0.813434970750345,2.00494638517607,0.8659866850704357,1.4355582771312212,1.4834160284737505,1.427765181062017,0.9380972082345476,1.6339270090713718,0.27727249666592285,0.3146042204901434,2.0434398219441143,0.9814661117955692,2.0213057764577234,0.9892167286023166
0.8259387374133109,1.9125469100321042,0.8752882837318677,1.3684352060218414,1.3948431792544855,1.513515400919016,1.0081577543006397,1.6869495823915932,0.30463296143221846,0.3433534818037554,1.9828219158263487,0.985085979283902,2.002274420934262,0.9995984195094646
0.8200141317091737,1.9814474553770083,0.8676108421978456,1.41837651134383,1.4562811295081532,1.5377616380057335,1.0077195856709171,1.6899569746282206,0.28687930483518687,0.323059478824165,1.9138008924692453,0.9781760558063716,1.9509380323016046,0.9881258148490331
0.8110203219014825,1.954870615664565,0.8528601318884891,1.4028091668222316,1.4188447262974053,1.4820558548861966,1.0670581984765866,1.632844228812519,0.322232629482821,0.3312654608542694,2.033063607452956,1.0365264406585215,2.0215716893668145,1.0377028139623965
0.7983160229249925,2.0191504706251506,0.854426945538339,1.4357555975594056,1.4553689307708457,1.5407576291989409,0.9374010442623288,1.6408119301359152,0.3320773213453573,0.3448470779765668,1.9276650589385746,0.9878484714116335,1.9164019725216987,0.9961685878178427
0.7601369375956163,2.0804270267613885,0.8393676360335153,1.4945916921802151,1.5187145030278288,1.457391803589757,0.9759645129658475,1.607778497029702,0.3135876274602381,0.3454917152075373,1.9308043896394844,0.976045816096011,1.9217789118929496,0.974148889231833
0.8103108372591821,1.8874896518212554,0.8731427046145863,1.3466320309094253,1.379206407840247,1.3731183840555758,1.0329072970629658,1.5508683281597146,0.2689794763603336,0.31222725214176344,2.0715563722986388,1.0095933412338045,2.043960359636721,1.0141452588522204
0.8049845044919147,2.006901564748845,0.8545050470169481,1.419823754562209,1.4601623688114156,1.4745659356600442,1.0134126902558922,1.6224706790501682,0.33010391997758076,0.3608256991802101,1.9282196060473873,0.997084986808825,1.9542768226295653,1.0053839998149054
0.806517892092689,1.9903920322660016,0.8562201209631981,1.4263049266739256,1.4570368662355402,1.503793928790786,1.0072122020535001,1.658500143099527,0.3315144090074753,0.36225198897414024,1.8610133085843505,1.008837055377255,1.8947145120354973,1.023211661643178
0.7693580341803126,2.040280404587028,0.8279593296882638,1.4574497811444755,1.4867455857703629,1.4834496024062127,0.9617545718816585,1.6500619731478552,0.3003758102261588,0.32062332707456986,2.03737168909769,1.0566944171168153,2.020069870826832,1.0509955592270903
0.7740546430302018,2.0127917976942613,0.8419246147598226,1.4375773548054402,1.4670525504069583,1.4304838041804309,0.9763672660763428,1.617804925645081,0.32645852320671065,0.3668771694973878,1.9817681942311323,1.0273921241778659,2.0247137830106503,1.031360792382914
0.8252756684799897,1.954881840095671,0.8760250429056567,1.39593265130388,1.427829390809641,1.391061061447271,1.0498016403289303,1.5693488828640565,0.2889664972390664,0.3233289875309051,1.986940692731713,1.0008103166290572,1.9614214308665934,0.9940029204699382
0.7990506763074403,1.980856763860003,0.8577911805275468,1.431105220637046,1.457212555180427,1.4691546717379262,0.9979396322498428,1.580707797979704,0.2626750813030082,0.303105897773357,1.981129976398988,0.9577472984738198,1.9705409925883912,0.9529687917819544
0.816356016736943,1.9522384485917907,0.8537772818990094,1.3965485984425414,1.4227326745336704,1.5538593462989847,1.015014387845779,1.6798384115557712,0.2847943112275681,0.31555498120086967,2.013900196341124,0.9850011250837409,2.0424354790640993,0.9886674873367698
0.8006796410271311,2.064560428315916,0.8579606317640951,1.4717827694298997,1.4914795261927662,1.575371846364821,0.9953924668489409,1.7112256364074654,0.3345860173208951,0.33197787360028114,1.9548368454858158,1.021331383076359,1.9709338520548094,0.996628303567408
0.8007141473478979,2.0012786989203164,0.854041340358107,1.421552992184212,1.471483686737353,1.5712628030483073,0.9526765793900094,1.7162034684865741,0.2701784015277705,0.31697476417240167,2.088566892473946,0.9648687688101455,2.0491321120674515,0.9830399553396686
0.822518811343424,2.1140714411451804,0.8732496871724673,1.5029949163538419,1.538147366295595,1.451045427891087,1.037352417043,1.6026597486773202,0.2999904256386299,0.33856222026571203,1.9114261711814362,1.0642291088899105,1.9685800417000943,1.0361254742149606
0.7876149265227831,1.9963603511711228,0.8721683088430917,1.4166594508174855,1.452573359255731,1.430777620582178,1.0201292953813,1.6051667118043722,0.30068287786680425,0.328099486401051,2.0266924950006273,1.0004324968790665,2.0231480214213793,1.0105481117364954
0.8023068986465837,1.9574955939853722,0.8607831774044672,1.390890627222789,1.4101219454981084,1.5297980768987938,1.0922254734946875,1.6900297063470548,0.28974051512064375,0.31109968713159225,2.0385272602325952,1.0014654517962847,2.0238436001936884,0.9978289565476572
0.788905393071079,1.9091771364432304,0.8441567315032854,1.3764752632120878,1.4005408708757094,1.5381060006958756,0.9593767448139782,1.675387190613093,0.2911295680032577,0.32457024045170046,1.9544208943499974,0.9800006442112607,1.971309743501348,0.9932168276301248
0.7895720905416245,1.8918116194246433,0.8510384871078266,1.3547973333202206,1.3783717538657507,1.52401017631203,1.0329029168480193,1.6928717892913379,0.301444982684724,0.3278177456454207,1.938575933283331,1.0149021327032715,1.94953096811299,1.0005285517478415
0.7925798690367527,1.9049518434196706,0.8360432608115237,1.3672317104161522,1.3832582636835895,1.379156203545734,0.9475382413585199,1.5493725694619775,0.28875675316130545,0.30829167559887927,2.0610304528502095,0.965259945804333,2.022793438999153,0.9673823043934007
0.8053312105192092,2.016027599060689,0.8651462627525387,1.4299065421552775,1.4622335256847012,1.447986924906992,1.0062938627069231,1.595770949739855,0.2715588300566414,0.3092021754660717,1.940548354758997,1.0649467776730437,1.95775099238987,1.0609708682394248
0.7885100330800766,2.030523501393796,0.8530748922312781,1.4377503795787658,1.488756259246368,1.4982186725828412,1.0390602635625266,1.6438571858178403,0.3043006388588691,0.32794878807870365,1.963600163554966,1.0395205391395603,1.951740703972085,1.027033675583318
0.8301381470137645,1.9051285578780721,0.8975314979733854,1.381034981842006,1.4002756543967991,1.5292330916778256,0.9171145953561405,1.663028043917733,0.32146733164889946,0.339048800042195,2.0532385377475846,1.0295288933559115,2.042656662996799,1.0258880887295767
0.7785294247467319,2.053702298844567,0.8304108759910409,1.4713030927315485,1.4885509162230806,1.5460384417561492,0.9918027010303356,1.6991988945155065,0.31739145037306843,0.34146821238609715,2.0020844740123414,0.9582871298263057,2.0092914735094864,0.9817487706871366
0.7955150805401274,1.9710163368989937,0.8586950240551077,1.4092643476405546,1.4464586787761222,1.5086552113369225,0.9774716106382952,1.6486599530679462,0.2838052906522038,0.3236873614453636,1.8921713799422537,1.0061623981137324,1.9497876194869956,0.9952665892118396
0.7894464546014198,2.008807580719133,0.8460023811980351,1.4458961677705258,1.4475122959558169,1.5198470283922942,0.9719217080681951,1.6696014875362777,0.2749754416924465,0.31408234442624383,2.104823548673211,1.03627259194042,2.105640625728899,1.02096394143944
0.8347274692244896,2.0967332376953256,0.9007346673381496,1.4936690965415527,1.527482945206832,1.5050919275016663,1.0154085060903741,1.6525998009065144,0.2943162423569044,0.32336926825798434,1.9681993544732022,1.017793161980732,1.9742528883590267,0.9910820943557112
0.8047173146362778,2.053810358951932,0.8584195201826205,1.4640441653675018,1.482309115204857,1.541137162453109,1.044827428256904,1.6826182790435409,0.33135583019591325,0.3517957542443692,1.9758345626056149,0.9699367268609868,1.992415783322873,0.9748707162709223
0.8247642689472473,1.98388816112565,0.8944159448038219,1.3989581606873107,1.4434459959272148,1.5187719390894547,0.9946688513908338,1.6506711528655302,0.3129119615791909,0.3512028739987078,2.015347055139582,0.9804971873407403,2.014878038068794,1.0089464228099234
0.7643465510471127,1.9465284664750828,0.8431269885724034,1.3852321038603952,1.4219760578717222,1.5039442596028372,1.0082194571024008,1.6394134279909554,0.31407929353588465,0.3409726643875524,2.0375046078202446,0.9864419158598203,2.036677711375153,1.0150862555345077
0.8064092063808622,1.8708910759202417,0.8659302862258774,1.3332530699923737,1.3677235570123576,1.483897872051757,1.00457235012237,1.6414527838227808,0.3177971390357099,0.3337286932603851,2.117666257477488,0.9818968649653418,2.0747875336566097,1.008351800513379
0.8213511390949625,1.9568508008454548,0.8737825579532055,1.3999339391736079,1.4171432180786703,1.5048774855025489,1.0000721402542565,1.6543177950252246,0.30841533125037174,0.33535212934701186,1.9003959110356583,1.0458633650713092,1.9144620912963792,1.0405611224630307
0.8019748157426102,1.9873321856703383,0.862683068290676,1.4124973501096023,1.4548863231739437,1.5290754827303565,0.9564262944915157,1.672461536552683,0.3024121709522716,0.326130726500139,2.049557132535557,0.9423696058353023,2.0523749637153688,0.965129719407905
0.8255715290015685,1.940769228370929,0.8617223134092713,1.3801080888079638,1.4141433805994057,1.5160485233338836,1.0443377840689156,1.7030127139849336,0.31324613793295936,0.3484723059540081,2.0445805816430047,1.019677574189765,1.9963607645873116,1.0123916827282984
0.7875850771975911,1.9921245819744617,0.8517945851993782,1.4222564082838414,1.4634975576938618,1.5228495851007153,1.0118078147263534,1.6436554337390885,0.28907667791563957,0.32349074364354796,1.991770105347553,0.9612308987521465,1.9847964431146508,0.9642563720895831
0.8338243385644539,2.004611112977526,0.8955502036224774,1.436186515504974,1.4712941384554348,1.5805633116810711,1.0157952596001032,1.7132290767963356,0.27171073977267357,0.3116536637723162,2.0472364216889734,0.971162455376468,1.985918007208753,0.9751679421165209
0.8551735549668621,1.9865086410915154,0.8957104637102019,1.4147125796465636,1.4411423978233402,1.5159098353647953,0.9677396148389767,1.6231811984757212,0.31445993869248645,0.3454100992907376,2.056056441058193,0.9397079989939385,2.0192902708690452,0.972812691091184
0.7912918745494483,1.9609998451505923,0.8426768263998953,1.4097794525328164,1.4354009859019918,1.4610600887716105,0.9816311840804304,1.6354556526424118,0.3247547621149845,0.353591511180717,1.9170822329007797,0.983528367065234,1.9289434883395646,1.003573116768767
0.7893079394863816,2.0101192803180035,0.8568564305450364,1.4300783310962173,1.4704540196742688,1.5530164071596502,0.9929546320915689,1.6706031154591394,0.27763536121287935,0.31785471036460367,2.1049859903528496,1.0453219495461763,2.0887527864258426,1.0387510285518324
0.8348812274508248,2.0265164389741646,0.9055817833375973,1.4472194674679457,1.4770215544822336,1.4180280997398649,0.9386350122620459,1.592473309023343,0.316438429648318,0.34665803379080573,1.9064742648117114,1.0079447272739432,1.950700694310987,0.9964912538863681
0.8379097314975371,1.9345760553534292,0.8974646732174308,1.3766010816282543,1.4072325619390664,1.4351151971556428,0.9324786269920928,1.6014169426932725,0.3336153142677638,0.3567531581414469,1.9318810231256736,0.9640491535900271,1.9363398277843449,0.9895831784849364
0.7874513593483216,2.084655942784776,0.8495532568348327,1.4923563982769958,1.5239856350004763,1.520150835883204,0.9759700827744573,1.6693135310790688,0.29995507596485754,0.3289494404686787,1.9842927395825543,1.0305144302313793,1.9979448656483794,1.0175617075928358
0.7899155163896995,1.9940847120629444,0.8624595261354944,1.4337535921676796,1.4605361217662747,1.5309838000671947,1.0209008306576957,1.659569893303791,0.2836399563051651,0.32680903521312543,2.1154964307912234,1.0369391279070606,2.0962474283087578,1.0018198725193586
0.7932371693873479,2.001130977376691,0.846218918023344,1.4404877947386023,1.4523091217478636,1.4252969265897604,0.9738745044028023,1.576829130408027,0.3024603734705351,0.32091386963719076,1.9815046022147969,1.0031213944311725,1.9813940980497367,1.0004208266639163
0.7677331877351774,2.0424928653953933,0.8211103395780063,1.457347616230707,1.4971692251211424,1.477030951140795,0.9592477920963715,1.6708767929414403,0.288989320635986,0.33109371744852206,1.9980839665969514,1.0610424747445777,1.9781892674652743,1.0384280163118107
0.7779523532843793,2.01399296787581,0.8399693853982652,1.4360271971112453,1.45892341091538,1.4636349700668205,0.9674125738704932,1.6327463829062323,0.28766539780087197,0.31401717268501417,2.085924716234274,1.0246469237387383,2.0578367721978075,1.0029646737148614
0.7759006215979504,2.057188198034795,0.8604061696823575,1.470732342624468,1.497798886215287,1.4707994206271042,0.9817863030741875,1.6162112996162195,0.3086636813454308,0.3376176370945861,1.9819809114460716,1.0204795752187776,1.9944523806072878,1.0110760998602777
0.781572858437501,2.0172274499121094,0.8432837251479676,1.437624132901346,1.476323062498443,1.5566158665763767,0.9858456414871959,1.6887470724212084,0.2679254104994021,0.31816452836536,1.9292937972241595,0.9758986387850113,1.9270855521951953,0.9852816416203033
0.7991675627027173,1.9632537575215738,0.8583154290829628,1.3993784300232144,1.4247395793779711,1.5423903278128352,1.0866208580882624,1.7131228742113604,0.27112142155015545,0.30584594840200197,1.974965909885701,1.0188219545686403,1.9884719684375265,1.0143300490548164
0.8056211535808765,2.0216902115123663,0.8571130120386862,1.4406976628292352,1.4698577988183326,1.4988526692087776,1.0421848251394927,1.6517272256239197,0.30038581760747884,0.32318400075123277,2.082247510028347,1.0065037383281348,2.068661783442594,1.0034386149339458
0.8372120118275379,1.9313764275607603,0.9067030983265588,1.379866048370277,1.4137929756673258,1.4672422843731043,1.0409909644912692,1.6150357835452172,0.2995538292217514,0.3249244661483335,2.0042518998233083,1.0155948700801307,2.0105324944587926,0.9938545752022706
0.7760395030222691,2.0065135823465914,0.8574721751731645,1.4440601744341346,1.4511545104061212,1.4190210197867916,1.0467432145709352,1.5765216363494607,0.3068710915407987,0.32903249639184595,2.1158394955433755,0.9794624314257601,2.0935782888679144,0.9941583809368417
0.8236237375634381,1.9980062005613324,0.8951258811369592,1.4166576660195909,1.4638188870835485,1.5852110963269168,0.960047165226638,1.695725083946005,0.3375045077696678,0.3601945696508612,2.044276095575729,1.0038429665307695,2.0468345825870027,0.9895540125128278
0.7948642677385879,1.9875129885636476,0.8531649613429442,1.4164408557153951,1.4460469744697406,1.535526834017095,0.9511054154005104,1.663003894549968,0.3020902807215164,0.3376424842796635,1.961311463816391,0.9754941549935513,1.9579261878203325,0.9732984146647388
0.7988128709683416,1.9922877493136641,0.8615151607420637,1.4227072082103671,1.4465820443815969,1.4575998537556116,0.9557251883386377,1.5972126054288651,0.3119634430066959,0.33316283095555616,2.003064578267905,0.935586037001019,2.011665188790958,0.9533096117851473
0.8161956678119985,1.8870890572701418,0.8554477962989521,1.3407208164926143,1.3785912073613735,1.5431759698574934,1.0533802453335135,1.6537504151669677,0.28048934128770736,0.3104622793712503,1.9488069129114873,1.0299491370573515,1.9615691479872204,1.0247301323728328
0.7730546714825048,1.9670765055355424,0.8577213950528307,1.4053593423349546,1.4504224647642106,1.4957865827655226,0.9781123284447003,1.627867073461089,0.31535875327033075,0.3493577481125264,1.9598940181610738,0.9549283305493145,1.9661614898621091,0.9820434528218639
0.8091778339084172,2.0055706940684668,0.8539380500343998,1.4150492891588422,1.4587951738866713,1.4827734297082595,0.9499457527104285,1.6522296976267854,0.2894721826977864,0.32390535040983565,2.2687450550615456,1.0032155939434724,2.202655140004073,1.011439597707696
0.8039948529971134,2.0095913835198442,0.8727121976519799,1.4499716383628254,1.485918300350266,1.5261126916973762,0.9827601519912075,1.6680393098571216,0.30142841665162184,0.3449473084291941,2.0611174706020288,1.0099900638834711,2.002679442987588,1.020117224151463
0.8118188303361956,1.9383394915444425,0.8657235110040483,1.3890810909985858,1.4222091319515493,1.4555101050052366,0.9904557787314149,1.6120407774507237,0.2978230274986168,0.3239053442902034,2.0516658793404003,1.0097968904758916,2.049004271175273,1.0133049850837847
0.8069400474537877,2.075942470451882,0.8551005143277307,1.5043412498023059,1.5005507370844886,1.4793746088293933,1.0107365309477825,1.6658968007935975,0.3206594846982806,0.35870228631194234,1.962609181081516,0.9915076277920525,1.9584510841612375,1.002263400737205
0.8589272033578615,1.94802950910713,0.8940622018182021,1.385871243974685,1.422825056360887,1.5072876638519728,1.0100380408284817,1.6934987145662082,0.2738004689125,0.30628877639708363,2.0941750439768647,1.0081363442583993,2.061131456245699,1.003529438901722
0.7846942403779684,2.0581674320316043,0.8405618078118147,1.4652103029905037,1.5099957885722726,1.4700329284268872,0.9668727774450596,1.6229871054315796,0.2543352273076992,0.29501407864652623,2.065964936107576,1.0141290120935549,2.0508250107993624,0.9867497065089278
0.7872560730799564,2.025631661712301,0.8445939090116856,1.4365162874600355,1.47585036389953,1.5401451126160515,1.0274262557005485,1.668646148875062,0.2957313460582415,0.3205258241621324,2.112897277361466,1.0220489444725596,2.052032316417562,1.0157748616486868
0.7850446273658057,1.961226361409372,0.8546089573399623,1.400926151819852,1.4115074610536336,1.6121439902206955,0.9744322586499937,1.703198065341807,0.3093706251381025,0.33461288378472254,2.109986848903907,1.0520032401815278,2.0650624204892822,1.0401565690628747
0.7866685491401539,2.1065186535565705,0.8566301325185516,1.5051739698815318,1.5460827847590461,1.4547421120435715,0.9937489465317982,1.6339196342953552,0.30304538751615,0.33416777645532497,1.9112546427141486,1.0070258245449462,1.925440244602117,1.0389471970586428
0.7847027089446437,1.9283817900946112,0.8411492613090751,1.3907052925069285,1.4132141253704158,1.4000924822217573,1.0274709628201342,1.5825739341428962,0.3246440847482782,0.34623618641887766,1.9334096306438056,1.001921465350531,1.9327271092502032,0.9943622048791649
0.8285363967465813,2.0551492504166,0.884666957035773,1.457068592440862,1.4908688804910633,1.3798955899514243,0.9743271438422263,1.5532693370194322,0.30874745348359334,0.33050885327146723,1.9397727310721817,0.9727981310394972,1.940134645677888,0.9918332759939932
0.8340921019517565,2.0600349390825787,0.8898229568745634,1.4629234631435755,1.509225559852913,1.490971911510301,0.9772259430567545,1.623395893055061,0.2887230333628028,0.3172760766482395,1.9433635614000537,1.0130783897169802,1.9821106864325881,1.0027443753495768
0.7863020889500126,1.9597627874554013,0.8415172176123423,1.3919350822003402,1.4543636112027252,1.460210124592429,1.0236667219877253,1.6049585195528846,0.25349159691720635,0.28714544198184594,2.0194071418556234,1.020021493094217,2.0479328270616732,1.0291941908244853
0.7800234662454986,2.08354791800386,0.8335250444980801,1.468990936549861,1.5244650594233562,1.5124716300640249,0.9656906729357992,1.6614657650506903,0.2952537553160956,0.3301539005694571,1.965991792874251,0.9942309044715512,1.9383539095308404,0.9853798963905204
0.8113139733532737,1.9849972091240629,0.8614152060511805,1.420455796740019,1.4537274976707972,1.5079558603215661,0.9846083190558371,1.6219295332506924,0.32055918004515593,0.34524774142144105,2.124355912445751,1.016338375125521,2.096923885220315,1.0116936007830881
0.7867466469372567,2.0173216177567914,0.8470900291847401,1.4362762888773322,1.469818470333122,1.4038069892031542,1.0222296871217158,1.6071049245022466,0.2921590443466577,0.3202473114134775,2.114280792924898,0.9912245141935198,2.0850598982063726,0.980325866798459
0.8151903636261323,2.015619310326273,0.875103135220841,1.4366039899839131,1.4745769212309474,1.3911069702311156,1.082163697657439,1.5611960163810328,0.30056640527355527,0.3219172560240101,1.9996123043552576,1.0201297795626678,2.0079530855682677,1.0111837454399386
0.8048701525004313,1.991941475511767,0.8688991473051139,1.4278643656127015,1.4473750963280172,1.5177559944207657,1.0242161801905099,1.6652396935366789,0.30842720508613414,0.3428163164872939,2.1173195729689875,1.0273780694208923,2.075853309461805,1.0187159086545223
0.7636221412400664,2.048648496389587,0.8396294924239215,1.4654580674864335,1.4983292551254197,1.5081257300831974,1.0189055905196005,1.6313078260370262,0.2796941525150037,0.31090448373157725,2.089288077634412,1.0269588360019146,2.0651551816407454,1.0289409277060861
0.8371401248319216,2.0476093232331327,0.8689961137371143,1.4616102414130872,1.4988712404035676,1.474450920098007,1.0212320633469092,1.6275384371907835,0.31246471793277636,0.34030881587829653,1.9729576064493646,1.003535329784239,1.9711956978262601,0.9886076551356799
0.8431010641542925,1.8950880816057092,0.8930890985874915,1.3462983940866284,1.3797420753312475,1.4005713848920618,0.9570723890373181,1.5730766093957071,0.3327424358000341,0.34305887027906196,1.8794470793584663,0.9688009554514885,1.901370876522827,0.9804961512925763
0.7852930714283748,2.0782604145726893,0.8510882315440532,1.4797176173669353,1.514269486056389,1.5282834757658994,1.0046238695471963,1.6719677402056983,0.2965437329621319,0.33104832921830757,1.9869218969023563,0.9816426084207454,1.9753629663306007,0.9835832440998502
0.7906951625615364,1.9002504807178595,0.8456284136667587,1.352805459802834,1.385220630080351,1.5763139727254365,0.9988093404665439,1.7463225317974869,0.27741871156335396,0.3152923906857558,1.9613226721352917,1.017854719716542,1.9744796829802822,1.0068529725821778
0.8068607693773978,2.0619527722604993,0.8615561795701292,1.471998413795657,1.5099864322383485,1.5166789464131354,1.0128633816149102,1.6695324670747462,0.29866797945956053,0.3361485486129627,2.0123903375087497,1.0734643691722068,1.981036860282311,1.0617592044619415
0.8080269629596887,2.067602308209655,0.8616900459931076,1.4837547248382212,1.5030736734432075,1.4491515665660961,1.0046603220990349,1.5967888431847297,0.25551231782782263,0.30747578849552804,2.005353697212485,0.9897783768540376,1.990019984500084,0.9857751408192388
0.815805062544148,1.9345420141870882,0.8700996408389284,1.3817514188493725,1.4124282460555984,1.502673129934269,1.0151879870966845,1.638132225760784,0.3067380652795323,0.34195850390324595,2.003781059533954,1.0136751303516442,1.9849402460232843,1.020849496418756
0.8482449089303924,1.9753511427227248,0.9084576659959137,1.4167898011158853,1.433001273312371,1.4180331551439789,0.987541312204032,1.6102752012343968,0.30904548755297157,0.3322210612262249,2.03142108448275,0.9833184232756179,2.0227566220002533,0.9818902683128239
0.7957532665401429,1.9336577198908438,0.8589255801727271,1.372041366878592,1.434066890836344,1.5634776428303276,1.0023443566948718,1.7209644175036496,0.3335127258769112,0.3562773047938934,1.9272486831749793,0.9707809886725269,1.9385753552307876,0.9853545269682408
0.7808408661310772,1.9871047381826759,0.8602268776498652,1.4229614979067637,1.4624671515462393,1.5049106600717723,0.9508868573577203,1.6611674885107972,0.29612010414866746,0.3322934125501993,2.0246816166541826,0.9797105240926791,2.0228495472228527,0.9925299587875298
0.7668963385276514,1.9815179429488556,0.8323702539173672,1.4122801937298968,1.432845676874384,1.3939105852948062,0.9872037088798834,1.5995623205466223,0.3081697067629294,0.33755563453220216,1.9736230308189797,0.9375258406989199,2.008696549606043,0.9575769481674633
0.782457679041394,2.04677963193616,0.837948852505845,1.4493309673542083,1.4918669563557925,1.481959538373379,1.0556333419270658,1.6509685983779763,0.28277423795228196,0.3232988871002984,2.0119989319918212,1.0406030518872325,2.036382462314172,1.0241990058114268
0.7992049526510289,2.0786185247671765,0.8732850385918582,1.4869520655223043,1.5046486608914929,1.5277980906140538,1.0127523335851303,1.7041634425631553,0.2928714575894984,0.32044127269561695,2.0574445907139314,0.9330960924125616,1.9946315629469533,0.9692984759001075
0.8430693887244269,2.083741028647397,0.8801903894117185,1.4908698045504565,1.5080378426417143,1.4800171427414686,0.999163158504677,1.5880092535259733,0.269496291266756,0.2989414030701734,1.9265360136067382,0.9920851530879811,1.941452792787382,1.0056760447240798
0.7875773288231319,1.9662699184053019,0.8399132455261833,1.4040000347866524,1.4311035957580993,1.4834462567135895,1.0758449310501739,1.6428563367647868,0.29610420757433525,0.3184665905872414,1.9831223808398257,0.9646561631394983,1.9794390059811109,0.9691792004102827
0.8053709108393337,1.9874466875753283,0.8593849834537028,1.4245745999918815,1.4501385711138939,1.4265358675771638,0.9455666008679569,1.6222877232438737,0.2938938169296287,0.3310882789396997,1.9928879459582682,0.9734685935391338,2.0073790771586935,0.9692318697299881
0.799605850494254,1.898993708466743,0.8594435232304501,1.3460123518953089,1.3837031847361412,1.5339924592248995,0.9556217777821512,1.6431743121634401,0.3059839953217779,0.33862408174559416,1.9691438617057615,1.04129567979216,1.9477012435048593,1.0273504867086152
0.8285214385627541,1.9516477960102288,0.8802742665315032,1.3965822306526192,1.4238238547115747,1.4610918479988517,1.068508456451051,1.5989457902286377,0.2875280623933472,0.32394994962068085,2.0539897697679774,1.0060320097009419,2.0151024657051555,0.9944923281330674
0.860646378220967,2.0578910979858476,0.8757079977160656,1.4603156256380008,1.5074214129258992,1.370613277379698,1.0018384374419573,1.5332373234542893,0.30166690701950183,0.3338376689277929,1.9567766984719717,0.971038115224549,1.9720959235118127,0.9674496418831486
0.7872591494499124,2.096934969412894,0.8308013402309059,1.5058699756739127,1.5358765983010711,1.4777245577597764,0.9902966785484082,1.6125131934198782,0.2933323988878467,0.317516276992249,1.9666759760334598,0.9823144860251046,1.9816596971389417,0.980605493944606
0.7882534533795628,1.9259390676872048,0.8527435419367877,1.3704560529203609,1.399398230534433,1.5588689829342213,0.9520318269961743,1.68346801691218,0.2933700122340097,0.32364344564106046,1.9574048520228762,0.9770355633867375,1.9837490769314576,0.9893952300338238
0.8250598610496578,1.9644521444508263,0.8813757755520867,1.3922722112816441,1.4370236232913183,1.476784233204003,1.0179078506558006,1.6494340546213553,0.3016072465192606,0.33391453405633587,2.0655233246863283,0.9986936298376335,2.0612259602911442,0.9851047950338814
0.8163653957510315,1.9984156545824643,0.8474362123748944,1.4211126060036012,1.463587157910096,1.6042790991074112,1.0217783947810986,1.7506837277077318,0.30081045884634017,0.33437864741281403,1.970453353255267,1.0051867505436307,1.9839382267036447,0.9744914826121496
0.8443209758176649,2.0168096695291764,0.8889034045105872,1.4533458436480142,1.4648473588752529,1.525738076912911,0.9562202255666041,1.6872465308013298,0.31522348078103274,0.3456784312254236,2.0276027234530134,1.0568672431968569,2.0178714559563153,1.0319934243363196
0.8140142764478232,1.9514237888047012,0.8709270709514078,1.3791329857192014,1.4139847076989247,1.520325489736822,0.9943889765779829,1.648393225900502,0.29758713931740327,0.32977466928377747,2.1185423060738042,0.9425109770200688,2.0823892356736504,0.966374250882665
0.7913769898211106,2.0254436626678456,0.8581828093177063,1.4426668957709494,1.4964955600255818,1.4922961040449434,0.9865793667186774,1.6210185889835425,0.29300229301753994,0.3195944153407384,1.9955108947789648,0.9989556305572614,2.002915708193663,0.9841627753610855
0.8141757159366154,1.9715696391757451,0.8693804251094023,1.399626779571549,1.4382973591538626,1.4959028275341426,1.010239085856751,1.6758003681217455,0.2963838510982555,0.33469896782297986,2.0667236408019893,0.9905329692239644,2.005311809566154,0.9922969830332949
0.8266088859339898,1.9991328637473031,0.8807324253202524,1.4327367855262019,1.4627250106114482,1.4841945818928297,0.9552299903111743,1.6521481837851717,0.2857067176631801,0.31351141910708036,2.1002812450455877,1.0283964558315035,2.096286547879295,1.0413282868438645
0.8196915723487368,2.032777054880222,0.8758886043814621,1.4559624858474012,1.4830656810202894,1.4818638364750485,1.0500778981805263,1.642823776486667,0.29280177812866653,0.3274016199900766,2.061631493602425,1.0106445435453517,2.0070988196266355,1.0022755637604446
0.8121745767465752,2.000385336188656,0.8546468562531497,1.4373426287287594,1.4705993044707786,1.531852029724029,1.036632951263904,1.6884527679023849,0.3406231742614646,0.3468706035542702,1.9989919210413356,1.0177108662434484,1.9688397561250823,1.0139737259709631
0.8256001925501397,1.9738168465684058,0.8788630664777242,1.39987675741675,1.4320326617014871,1.443850126212566,0.9854729776506873,1.6094896422279628,0.28174642478608264,0.3120950181179556,2.038526465539917,1.0103525855804525,2.0192187918078055,1.0061162183912975
0.8280630941706962,1.9934234117644503,0.8765195122613785,1.4063469414511722,1.4569013959794075,1.4354463702765443,0.9913432515344651,1.6169971378816836,0.2944268733224138,0.3133655541260162,1.9227572844118792,0.9720402662414939,1.954409539605723,0.9962913490962002
0.8331718157849007,1.99469822244768,0.8781175390079329,1.42618525234489,1.4463656742460014,1.4326082969474774,0.9945431139888954,1.5970815258632753,0.29225022673460616,0.3187330675275937,1.9531974105110028,1.0363379648947904,1.9192590195853492,1.0208982738011763
0.8155690373021515,1.9777993382070724,0.9034886707606141,1.4255029780523372,1.4417065163701646,1.6227392728606294,0.9688676578797398,1.7452087821266034,0.295056567755112,0.3354447981313668,1.9637194891020848,1.02395514713847,1.9685281826535013,1.001593605006646
0.7959891660723956,1.9844722362399738,0.8450875615170838,1.4196355307775388,1.4353984741345365,1.5318205741002349,0.9822628232705986,1.6419024251950893,0.2933752138224321,0.32871864794713557,2.1344367272104567,1.0274658937517422,2.109502106555048,1.0236704262225194
0.8035211284743998,2.095918830230283,0.8773841238375625,1.5068140462064832,1.5147946217873758,1.5182695321008086,0.9891891852930157,1.6398599895172097,0.30558480202442,0.3295339513622089,1.951244929144684,1.0379215051152149,1.9831321344176926,1.025697032863632
0.8289562151962007,2.0336551668764744,0.8709816984844634,1.4563223709577764,1.4873776274942698,1.436549119782394,1.064514734828285,1.589436252303728,0.2657964979721641,0.2978948013969771,1.9503513949242903,1.0125302530195588,1.957909255228231,1.015342115205696
0.7803935438963063,1.9822711809182503,0.8464330471441662,1.425326691228464,1.4438400563292013,1.5374005380404898,1.0378647323332175,1.661854893951921,0.32074342945064005,0.3448703235223947,1.937364741185061,1.0444297721235247,1.953719442986905,1.02175549718936
0.8088481594129496,2.041817264270644,0.8583447928639005,1.4555842707012978,1.4916548622296888,1.4930057192128003,1.037386188293465,1.6226129739389294,0.31265165599284395,0.33220246233179457,2.0335887057158457,1.0113291871535992,2.0130276463401264,1.0058297599153068
0.7905598685041434,1.9799708306146393,0.8439478504436623,1.4025878300814858,1.4401480102559525,1.512850136467905,1.0147970245201756,1.6450591720693757,0.2751425682787373,0.3133307069422326,2.008557283560133,0.9934282423592617,1.996148620355683,0.9968556982036675
0.8006898757504357,2.0703874782551983,0.8572985112224748,1.4885258150220164,1.50521898833399,1.4414027810481866,0.9553069196427506,1.5724022619666624,0.25461845454095194,0.30460578324597526,2.0652055386215937,0.9998018826854991,2.0178092866064548,1.0096032468575946
0.8306828447025753,2.0221785315318854,0.8785742032804297,1.4451703431309249,1.4709544195369408,1.5096161314450547,0.9983403558169048,1.6659013890044632,0.280458557077172,0.3181524947394379,2.040275579964641,0.9992846869559165,2.0134217953292093,0.9876210284616156
0.8045863776324778,1.9935618713597463,0.8551190725987058,1.430713252600663,1.4575244012306354,1.474569987707611,1.0388195383845351,1.622782217975417,0.29514667077145756,0.30950961184564146,1.9171766091965559,0.9844182603372837,1.9524948600267493,0.9843484463726138
0.8011144771557476,2.0268630155486167,0.8671797450625675,1.444932117112542,1.4858114045579343,1.4540633305781887,0.9496694148253085,1.5664471611845334,0.3516058379738155,0.36117180598758675,1.9515633337993779,1.0489566654511067,1.9605890723161004,1.025518987581075
0.767363452616482,1.90574743087589,0.8338366407072927,1.3710951267499385,1.3852237580382019,1.544046380148435,1.0254621282749306,1.66014064747946,0.31086513929948545,0.3397700677747797,2.081919724896549,1.00888886096511,2.06002389374257,0.9947261066719115
0.8179100855846534,1.9323939518654116,0.8609745710198548,1.3597373068494605,1.4039648595778125,1.4077375314882,1.0929043690105107,1.5913397007740675,0.26384820701637085,0.3013818280813968,1.9878021053253918,1.0028421542749872,1.9965753826092476,0.9880202909273598
0.8154916203473859,1.9283644996160567,0.8706582577139264,1.3917273128154148,1.4071641439890454,1.5338865758588491,1.0424726658395893,1.6573083880639163,0.2862068899019811,0.3306882300402691,2.0712555090810807,1.011648227647793,2.0642526596084525,1.009569368307766
0.8519181133593311,2.008576585685822,0.91157282174218,1.4270761107649037,1.4566095561033654,1.5410691680131798,1.0565611654224796,1.6686345648800698,0.2989357512745403,0.32538253990423954,1.991019143125081,1.0893956355021144,2.0045680156038865,1.073413366311403
0.792613322361128,2.1039508999691057,0.8516865816292044,1.4968027039891927,1.5191069229420784,1.4472213794669255,1.0087335500176864,1.6069675504446772,0.30507367108596195,0.3327519059591764,1.9419406143026887,0.9660482743420102,1.9251372072864519,0.9842914633492289
0.8052596078639346,2.133878008771558,0.869731753598179,1.524592304713815,1.5683628956301126,1.4507802923320519,1.0387172779505995,1.6308767158874076,0.27370502279379155,0.29787888502788895,1.9818043533399976,0.9746488446485118,1.962703029437688,0.9601522382853448
0.8059852084090582,2.0382830660864455,0.8565505910552993,1.4691430722738843,1.4883281450661374,1.486618459124016,0.9712858714258386,1.6142796811392175,0.29730019544045877,0.35426055329055256,1.9419170122670182,0.9585828694765901,1.9620634608711585,0.96702034018011
0.8378588787143234,2.0300506684966675,0.8960335267838844,1.4479960999282466,1.4878001940969936,1.5169221726277333,1.031834552493649,1.6652941020546956,0.2856472172477892,0.3362606878649283,1.9660668342558545,0.9930220228469354,1.969339216483484,0.9855845803412484
0.7977129072227132,1.8919365359508356,0.862879215827642,1.3441868580452296,1.3820680227658801,1.4908287004911465,1.0261755253624305,1.6248349588802204,0.27792482874795366,0.31806951128060185,2.012055542393915,1.007365553299821,1.9990885463032586,1.0075597419909925
0.8066965166184882,1.9674395720159588,0.8813361992434214,1.402189056362565,1.4320460812834126,1.5260137476115128,1.0115964469615064,1.665780869635884,0.30519191293397907,0.3295617688225981,2.030696305422141,0.9860403244497676,2.0377290363925216,0.9815221050451498
0.814589516233197,1.9527329748855056,0.8672593671069134,1.4003777239541013,1.4278469699862149,1.605778779152244,1.05264029678874,1.7086360423063882,0.3154775434688564,0.3464007266148004,1.9045885206047422,0.9838081960554469,1.9752990031506739,0.9922455882054273
0.8044786189557527,1.962749144104933,0.8668668338152521,1.3978471121190068,1.4444731136756384,1.4695369938510172,0.9784486064861044,1.6088031025926155,0.31682082553923235,0.3495044110800645,1.998957919549454,1.004272145998844,1.9986601884212152,0.9975421946624229
0.7892855932507874,1.9899113708849125,0.8499369641427926,1.431864979149005,1.4697992738689947,1.3970892017577947,0.9925176993410535,1.5572692878588614,0.3114877270226775,0.3327475823643376,1.964803055866415,0.9849367652551091,1.97718654123776,0.9721924915104114
0.8046581598295595,1.9716745653381724,0.8772620084367532,1.4043204808913112,1.4477710749071893,1.5495554149818391,1.0038184816543319,1.6879283095966293,0.29005260933719473,0.31147261112820546,1.9610951114624713,1.0093052748154852,1.9795646560694211,0.9948482584913737
0.8257671619966346,1.8812420113774528,0.878120551473233,1.3642638461627656,1.3881386704891645,1.6009988745556518,0.958815561156424,1.7642205303202572,0.3142909952292701,0.3324961310626083,2.0079610771479848,1.0334270304022781,1.9622950042252287,1.0273049030549408
0.7753636328141346,2.044874615367052,0.8553151006441375,1.4635641369374617,1.4900894575013885,1.5235661017830675,1.0090772777520098,1.635434232879585,0.3061810887620858,0.3256243946619688,1.9669728876386472,1.0203109140940243,1.9803751301942718,1.0183922686176803
0.803191272179525,1.9356354184556117,0.8541987881808902,1.3860868527221373,1.420630906688766,1.4347350794787799,0.9312427834818461,1.6448234061855076,0.30267883765904025,0.3285677059869972,2.0829282796908006,1.026430400414956,2.066747311446627,1.0012364462033114
0.7831971004414598,2.014354811846669,0.8541062919720798,1.4307889082071747,1.4749475825190423,1.492566458205888,1.0418781813771283,1.6469765272115253,0.28776613756596403,0.3100713748918967,2.0712837125750636,1.0325775523452017,2.037180739180752,1.0089646125827336
0.8286811190941963,2.1244449601849986,0.8793117632178831,1.506773629531897,1.539634066930421,1.4328885909473021,1.0018654946626386,1.614612123683027,0.29006247745316943,0.32553409531894095,2.070909697636522,1.008484844803561,2.032615175147195,1.0096381822968932
0.7634435142851894,1.9448369245048145,0.8396842886432005,1.3850638796639265,1.4117706635740737,1.5385713296377768,0.9791642838438495,1.6479846578755895,0.30147773872249106,0.32938415163751394,1.9703053882705819,0.995240769218707,1.9796026950880847,0.9831589910978199
0.7865858756654819,1.8481827486352203,0.8450329749175036,1.3328516995104,1.35114213076474,1.418922575838094,0.9666250555081951,1.564735404284855,0.34879748933971,0.37487612112676405,1.9422500699048406,0.9768324078735041,1.9551597836960108,0.9651239330489181
0.8090530850015486,1.9828397466871934,0.8689794777189889,1.421596003512236,1.443763816226165,1.481992272790308,0.9906168388152325,1.6148338220359473,0.3060248496018278,0.33947625333857334,2.0049217957632868,0.9882646550909284,1.9791470002777816,0.9823169763097437
0.8375725767016242,2.0660575780999144,0.9020724821236812,1.4750690394666726,1.4981605488136949,1.4397397304223656,1.0275303884308966,1.5893305369553852,0.28777622995499424,0.3042717915781083,1.990979098022824,0.9842894340196932,2.0339637458931716,0.9888779267996293
0.7984219937342484,2.1175008472532357,0.8603414188249126,1.515300492210917,1.5360177343879156,1.5076094811080978,1.0219095591495024,1.6500773130948956,0.28335221110061115,0.30541260273744186,1.963470610254598,1.0219501697986273,1.9725241762343766,1.0119730803044102
0.7866752113593632,1.926227024332855,0.8615363751157472,1.3775545946098595,1.41102643012987,1.4780194993717346,0.9717784821088615,1.6257614777091451,0.29016466774687594,0.33097835873793174,1.9294559331999823,1.0104034766378258,1.9265420945209815,0.999909063041583
0.8451477696665742,2.029801953394191,0.8942332580715787,1.4560492348436576,1.4719796708010078,1.5106057261950159,0.9661584130948946,1.692889500790185,0.34354586895098127,0.35005638251328486,1.9975089218439157,1.020902735881429,1.9925544972554345,1.018587124548635
0.7652476663900102,1.9720813725931967,0.8267969592905441,1.4162965715723383,1.4509012561642054,1.501341033297982,1.026275948252786,1.619189398288314,0.29201486708108076,0.3296422679985922,1.9757558329848517,0.9651898943169954,1.996746064753732,0.9543254072393518
0.7472286570411181,1.993643098741752,0.8384586056070625,1.4185450287150945,1.4622360923248785,1.4408004583365535,0.9711061038153989,1.6095474891680497,0.3181374106922057,0.3523516925010651,2.041300822222281,1.0429524845272324,2.0320820755916005,1.0373407856175922
0.81056034680128,2.158660600821022,0.8743281964264021,1.5497901459705212,1.5726986527450857,1.5376126238117414,1.0023963909631801,1.6833163393506834,0.29248143509057284,0.3370600113347104,2.039906363091289,0.9871905888547972,2.042817732756769,0.9868244713469162
0.7879506986155373,1.909821780296291,0.869067447767868,1.371413851921832,1.4025386341413713,1.497074060889413,1.004950185700971,1.6202711892603765,0.3052236908255926,0.32314060183981874,2.066047988325363,0.9669995007377601,2.0243483670728546,0.9791173847189094
0.775490412388863,2.0152243796896743,0.8263146132087255,1.4542892681722532,1.4779087686004666,1.440688259528046,1.0124824852690695,1.6197790105689935,0.31583490548017445,0.34790669704051785,1.9244422668871977,0.9868234670553456,1.9663965698096786,0.9970776884093419
0.8170005547351845,2.028061590305926,0.8819283393129533,1.4337434291252242,1.4847237591132043,1.6344555933723475,1.034330817207275,1.7306362320884716,0.2885619430038015,0.32630873662332244,2.024063498461618,1.0745129797776252,2.038655229035327,1.0666908538621906
0.8058512171305088,2.065147179496361,0.8568177857548421,1.4797292154859272,1.5093509496114348,1.5285858100030274,0.9494814825253071,1.6162343317938617,0.2871777669169446,0.3051746731516657,1.9563520576259796,0.988368494005253,1.9874184546385327,0.9981481819234943
0.7864621128623186,2.0058789892082536,0.8455681115278068,1.4406373745083787,1.4492093217747226,1.4908043667960418,0.9235536269895805,1.6606233705457563,0.3331773938891066,0.3607886222324739,1.9267751473513348,0.9902471058558723,1.956579958508939,1.0080885978042193
0.7692726944318986,2.0184830323702463,0.837599575564325,1.4386086495946426,1.4743167935530954,1.5849122716021093,0.977302108750866,1.6856927929377978,0.31969185789791593,0.34294522081510664,1.9742838657830775,0.9942368595811097,1.9933869645241842,1.0000941740953786
0.8209389758787236,1.9765010859546925,0.8718989665435801,1.4247891021967083,1.4471408425179373,1.6105089365631964,1.0720611363132875,1.6977152878325124,0.31581344637381453,0.34398542417526495,2.064122298808077,0.9955413884970563,2.0316204746387276,0.996091408288769
0.8156048282710079,2.0161476164747065,0.8694680702111443,1.4377270355354044,1.4783002638167138,1.4912790346611668,1.080886964003495,1.6456358568252316,0.3157455258624583,0.3320905755256951,1.977660898785771,0.9765557180259624,1.980317546023135,0.9784531314961831
0.7976197792692948,1.9794084634701554,0.8588435852223135,1.3935219289830507,1.446018418863723,1.5208438491860856,1.0732470854226355,1.6536432973177946,0.3091915097662213,0.3377024479126634,2.0939272795975468,1.0042963924961839,2.0914847272961556,0.9885663829999245
0.844319287905144,2.0372943133913632,0.8959978433834161,1.4560971147630666,1.487623882455932,1.4407198309198235,0.9922807452895724,1.6261975604849848,0.3403555162635013,0.35092734354205585,2.03293271093122,1.0322678472459499,2.0598325430880373,1.0272808105193094
0.7743179656081723,1.9778233798373819,0.8269863375723695,1.4241252243024585,1.4561324628688863,1.4911684349539194,0.9287153967206069,1.6746069520996518,0.30087816603754314,0.3441828594274178,1.9763545712611654,1.0094286794643612,1.961167296138167,1.014433604689407
0.7633873958978064,2.0226260236341314,0.8407428972932414,1.4460583631982469,1.4622069964436937,1.4880562467744078,0.9062784359339263,1.6425897082627596,0.3115452473440184,0.3434163326275789,2.0696029057343845,0.9666650410330004,2.051902870870441,0.9769426375886973
0.7833942063228502,1.9982442311789013,0.8254835942019196,1.4371696619133705,1.4552538848043812,1.5110896220172993,0.9754384735380236,1.6802768654031217,0.27098174142811976,0.30218424553599277,2.0267238063268573,0.9896696228519888,2.0121067077764527,0.9914648936673398
0.7989059356074681,2.06756301504633,0.8624312061882127,1.4672803336872382,1.5031411521137088,1.5199656287182206,0.9920770547940256,1.6595246816662428,0.28350078626817515,0.3341212210094506,1.9440464366931978,0.9834541779969511,1.9506107474642014,0.9802255076448753
0.8058401467837446,1.996916376584691,0.8494581320735295,1.4126934984597166,1.4639611460555007,1.5335897069296835,1.0520250160422384,1.729951425338648,0.2759836200032992,0.3137861068206377,2.111528158134831,1.001588184047044,2.0843365615210927,1.0099363589878207
0.7942103346114481,1.8936180519075871,0.8597235645423665,1.3593073892430012,1.3803116296595153,1.5142585593779976,1.034712218381698,1.6402005922679856,0.325481271670323,0.3611004104556478,2.0155687293851887,1.0399135501468695,2.025013368217434,1.0325545054697465
0.8084493295163432,2.0757152900428393,0.8778005581973765,1.478121938559641,1.5263753381421277,1.42735544240225,1.0090962031596649,1.6255144886552195,0.248949196959585,0.2850821505532196,2.0011277715191294,0.9955335161193735,2.010481940413484,0.9902646020237437
0.7699630538194294,1.9456560619482428,0.8418223195156164,1.4014809563219321,1.4193738879663307,1.443691973655535,0.9644062091623543,1.639738535177421,0.29195379954494555,0.3405765250153041,1.948668039805663,0.9973553539338883,1.9564455358414043,0.9882652600150481
0.8346503504977583,1.9607740196810708,0.8909954006769019,1.410012829206736,1.435016953377001,1.4672155428321796,0.9615688176702044,1.6437848006947464,0.24012586794678753,0.27696774400943436,2.0707722960564645,1.0533293445645828,2.0559032234079853,1.0459131539737658
0.7980283717185784,1.9642603223573905,0.856839808345453,1.404152807405929,1.4319528849149905,1.4830655644846062,1.0101651074828575,1.6191761724250084,0.2833742420903622,0.3270267343265325,2.0310365256416785,1.02628617975015,2.015408407098485,1.0162594783462786
0.8268150999581151,2.082466285590249,0.9049938763544332,1.4883487837835123,1.5006191832677958,1.5630464574283267,1.027882039153589,1.6917648988717313,0.29018102100536264,0.3185335517808825,2.0377542908177144,1.017222438463196,2.029038447548905,1.0111962254812408
0.808225408313065,1.8718595471612782,0.873941269252593,1.3391283355964518,1.3696001296639555,1.4302236607888252,1.0156752504898234,1.542324113443153,0.32769742187588086,0.3453917318727345,1.9695481193884539,1.0587439484590533,1.998143109560755,1.0421770245723685
0.8109620772596908,2.1882649120195996,0.8763400622698294,1.5633613282214809,1.6071764224423566,1.478555097109758,0.9586160816157339,1.6444979920214617,0.30793255878442916,0.33777652660656454,2.050046034314604,1.0146943376438204,1.9845660053527887,1.0143754604845245
0.8136744147255729,2.063363408543963,0.8802492452756042,1.4788271371188038,1.517379774521226,1.557180569892843,1.0260267051516834,1.7061839403649508,0.28333716953342064,0.32131118412718357,2.054708815614248,0.9404041857406743,2.0613828989462437,0.9649241435363899
0.8107450054404156,2.0133943348477494,0.8556625826757545,1.450763624862322,1.4728803555405983,1.4820073515302032,1.0170364386840565,1.6408081293991952,0.3213192743946365,0.3387075499014592,1.9598733056731326,1.0249799727364108,1.9469869819784393,1.011123833844858
0.8154253462368211,1.9967063599630228,0.8602248226410983,1.419241932690055,1.4613653684579768,1.5276249389905694,0.9571733437523928,1.5946411889105767,0.3003566450905951,0.3399371801262409,1.9149805916191405,0.9522397462864405,1.962012492316667,0.9624415689339922
0.8318996607231784,2.0171332444914594,0.8850378670370314,1.463862402402248,1.466974873242413,1.4916274774243259,0.9686271611879897,1.6155646142712607,0.30075133717414504,0.33616000501123006,2.0348823835603356,1.0135601610574734,2.00961509133009,0.9954416929381246
0.8047165080728353,2.0312673457027604,0.8546400368714698,1.4523574317165004,1.4836414935814966,1.5154069954394833,1.0275398389824626,1.6449180083760864,0.2759465698445601,0.30897121808372674,1.9055991830236556,0.9485876927761228,1.8976211819094102,0.9588292371424723
0.8170160901821243,2.0387129351570032,0.8660785908925196,1.454834538217872,1.487242596012462,1.4862916473714276,0.9906196985941643,1.6478096867157845,0.2801997257219372,0.32554212017623885,2.009120946670267,0.9859943376880024,2.015256864375677,0.9787723572327091
0.7978463433371066,2.0333362679602067,0.8667043687645365,1.456526425279919,1.480376645882489,1.5400239283637012,1.0635658920654583,1.685854459211702,0.2834980540010895,0.3102001221558014,1.9731652937127615,0.9890864641117039,1.9913500984213168,1.0036691891558942
0.8345628131707874,2.005374840875315,0.8795627458033509,1.4365705893211624,1.4650355146666125,1.407296615555614,1.020045171042583,1.5801531856292745,0.30092922546308376,0.3258995974141068,2.073119912647335,0.9768964267830474,2.0379094461177942,0.9935147267958453
0.7837665847505776,1.9881596947815605,0.8569604025104641,1.4278340667858525,1.4431827082507949,1.4782012794966872,0.9805347524724293,1.654966563167308,0.3015577145396135,0.3340542788191229,1.9764293665539676,0.989534440084264,1.9641580209267626,0.9991917222887787
0.8432225703898596,1.9909236029807893,0.8832224527437319,1.4184279059266884,1.459974520092472,1.5177943606016584,0.9995917759843627,1.641507372639717,0.3308818532704809,0.3599861018652082,2.0664363783202284,1.0309768516108166,2.043922757828079,1.0226445486041498
0.7990362091845358,1.988305503178839,0.840915939827137,1.4355952806586763,1.4497549670846714,1.5320217148803716,1.0025353357055087,1.6821453248171954,0.30770110335875667,0.3385318583592429,1.9691474333382184,0.9785814126352134,1.9632490089633283,0.9815767630445557
0.7656613975491668,2.068026205812024,0.8440575179958136,1.4824010066098878,1.5204668939258263,1.5895771573652298,0.9708643874703315,1.719044867656025,0.24584868612655783,0.29676702155356544,2.0599994603035765,1.0163542263853163,2.0212504225894357,1.0088914507174358
0.803074505957859,2.0356134033368516,0.8529288458578314,1.4574247773272664,1.4887717085809031,1.4765385199880654,0.9634964720728949,1.6413664054946226,0.3052528397574338,0.3347446602373078,2.12362049263021,0.971030510811781,2.0940414636494045,0.9800415279084638
0.7836547602206029,1.823576681920143,0.8511640747560739,1.2998938364386379,1.3357596905127314,1.5887689057116523,1.02805559575238,1.7114534492726268,0.27099967287664933,0.3133800901287126,1.9359171716980255,0.9943150127082361,1.935833418553425,1.0075804919710998
0.8201754451757294,2.039354046591786,0.8585341273953955,1.4630624913901136,1.4910571675642295,1.4604585704004198,1.0338109318816837,1.6669991381456983,0.28068058150776926,0.32157618836595103,2.0175221433038546,1.0097151779898235,2.015537500988787,1.0067823270482361
0.7843370244967427,2.0116841716831266,0.8643683586443092,1.4279304535057176,1.461483833674718,1.5797187846926786,1.0241512587821184,1.7144240937580189,0.2837566105654734,0.31856305495658255,2.164926944954604,0.9701041475014432,2.137242881292013,0.9777784597649181
0.7892915976028453,1.998877474613246,0.8611059591402643,1.433583154505701,1.457127905035555,1.5490480276019023,1.0606127237729521,1.6624011515868755,0.28673323352975394,0.3328673674804679,2.0039953296141753,0.9606483870126793,1.9948002511558471,0.9844376276246084
0.7546510224573073,1.9766888928146669,0.8308121501511868,1.4116387602217062,1.4355613752217649,1.4451924852220666,0.9783290705595359,1.6159400184754988,0.2724970121591939,0.3138209907812586,2.0037072962137787,1.0147563445173666,2.0082331666093984,1.0076748296144398
0.7891446483380222,2.0674467631991607,0.8588352843848087,1.4885167283611405,1.5170885398226115,1.5184223542351094,1.0669708306428451,1.6853576813154787,0.30406964006904574,0.3327649891974971,2.047309936841061,1.033692411980219,2.065728969124296,1.0202510274038636
0.7418268961609051,2.0568515877273716,0.8152771732133413,1.4815953823449564,1.5055022397660365,1.4969258498680684,0.9639631552578339,1.6353987807088,0.2717839542981808,0.3051806714366069,2.0024648518456853,0.9976280494153789,1.9751834319540127,1.0118075229166554
0.7619863322363427,1.9536273399305835,0.8387093136216687,1.4021470459114267,1.4376780427436149,1.5375350756205,0.9594925774652603,1.7008406959234355,0.30713335214499693,0.3326187601739952,1.8975664403257668,0.9862806128032988,1.9533074178395968,0.98737041073258
0.8182499517474632,2.024423137227472,0.8659947185335021,1.4432298130325218,1.4540156554412051,1.4866037046940015,0.92960164471403,1.650948996083218,0.3447394215412326,0.35872480345812885,2.0679372424903364,1.0046702616306515,2.068471358458021,1.0033602810655995
0.81885920380762,1.9417005959275229,0.8709329909850335,1.3923735900011571,1.405425412038713,1.481565226460296,0.9821681874469274,1.5874514187158602,0.27341281882131874,0.2977296900157984,1.8798230951680885,1.0016643975629613,1.936066838637019,1.0184183427977123
0.8102109814828392,1.917222910112664,0.8760782251706901,1.3900160079124348,1.4139257362445556,1.582145674965771,0.9798511065268218,1.711845949549418,0.29430979391321554,0.3239915775091768,1.9749925009316995,1.0072870762213375,2.008309209521741,1.0106997341391848
0.776792572564899,1.9623969665246022,0.8499829412762422,1.4325470690663786,1.434014074462673,1.4940767463326596,1.021037491210186,1.6381223076351923,0.2495308527497506,0.28208717732229216,2.072445544949399,0.9241526469905885,2.0519966729508474,0.9379727170135421
0.7988549274525926,2.0517436083429654,0.87124335615976,1.4614441291933793,1.4919786902216718,1.549585339451506,1.009755637664818,1.697249751462726,0.2939812941405973,0.3446514472584717,1.978607454281433,0.9679268712650211,1.9749129991585592,0.9668868115083915
0.7999135390618264,2.0571875027225652,0.8462363469479219,1.4794405618275654,1.4971495011224183,1.486478910897348,0.9522810651592345,1.6653313122134976,0.31285434305262966,0.33561545509693114,1.9583782104521357,0.9746430968368944,1.9911927315123137,0.9839798016901133
0.7721992474593791,2.0307851252058375,0.827695197114557,1.4362112544315897,1.4885892909731806,1.5999997955536513,0.9842909504629673,1.7214109213109807,0.31441278462714534,0.3287222605223951,2.0527558343099934,1.0045260288553468,2.0527244505354574,0.990777200842867
0.8360815592424117,2.04350574721088,0.8852558650888626,1.4597873501547662,1.4821159218492745,1.4592999222398704,0.9851415191564926,1.6620276763483792,0.3015472746056819,0.3318297983581661,1.9489331127899368,1.005576336508668,1.9786257043093651,1.007283443071292
0.8210566949738162,2.0309706972268975,0.8738195991128919,1.448594910013472,1.492551178238439,1.463151388125169,0.9289607101215243,1.6254561228701783,0.3177852684951795,0.33887289745805277,1.9266664568244827,1.019085414660521,1.9460639492132956,1.0257325533662198
0.7946968598280881,1.961511104286623,0.8477397595552641,1.4167731529614251,1.434101174253121,1.5914710308669542,0.9607621309194652,1.7243403144539302,0.3509210907188558,0.36712569845450743,2.016470839249597,1.0077274524763131,2.0088209980130385,1.011895705941487
0.8006452601358688,2.0259153526804363,0.885059610610492,1.4415231236499784,1.492203651979136,1.473303216546285,0.9691674547754364,1.6439838478330704,0.33424609374875197,0.35511717770223195,1.9890246020952445,0.96097794788838,1.9936980215695723,0.9629128990395868
0.8050011873907413,2.048024571513661,0.8831945309069208,1.4561709427836014,1.4839614458488877,1.5960644583698635,1.0573450007928378,1.7084515397830442,0.28954958141180726,0.3279864231308798,1.9253796131486696,1.0434101385275518,1.970890203477223,1.0357711768307374
0.7509983631578171,2.0452574797888143,0.8309964866156542,1.4603846008183217,1.5005912997872357,1.5535104347756887,1.0076580286382941,1.700294575083448,0.2709779202706652,0.31071294419947376,2.0382171523996924,1.0381575491026709,2.042847036349865,1.0399005522478628
0.7940677428195058,2.0713348022884785,0.8646905543632069,1.4630899010981768,1.5139749888921537,1.49072101760635,1.0264867501579,1.6322091770720164,0.29187697166852394,0.333176437417148,2.027869256334634,0.9622540812991922,2.016218503244601,0.9791528052582037
0.7836323780480529,2.042498230832064,0.8511728972172077,1.4668493233967472,1.4985175016590877,1.3912023916789704,0.9400545801140315,1.5566707336894428,0.281060344687653,0.30411600203441236,1.9784146990036622,1.0099811588312255,1.9950794597106458,1.00110068640408
0.775961119762522,2.021086892452495,0.8310683199695044,1.436687967651816,1.4676623616388238,1.49884090174369,1.0477685793205598,1.616199425928794,0.30902695095729266,0.34222048379313735,1.9825200796325033,0.9821372684427095,1.9689689988017656,0.9807769419313316
0.7932535929707372,2.0642090142989855,0.8670241180749281,1.4759744020843408,1.5031631857993548,1.5060978032120054,1.0520440825209638,1.6631537275578383,0.27637612921141,0.3056493005598889,2.0282235645205495,1.0041659196760164,2.0394247337285347,1.0002838100870854
0.8431444766443886,1.9984087244450564,0.8941558790787072,1.4221824767087106,1.4669997288655436,1.5700330639982623,0.9200662013142149,1.7089124803220308,0.29854355134819316,0.3346975867604521,2.071421685185124,1.031599308389256,2.0427824549024414,1.0318564706289721
0.8153802286704083,1.947087520926337,0.8554146923700899,1.384952458853731,1.4390017805465007,1.5953068305744067,0.9717873310433661,1.7430893023081737,0.3167602810907262,0.34512905670519534,1.9830324073934404,1.0639031279896287,2.00414905149446,1.0507395666646728
0.7862917042452129,1.9902159821633743,0.8616763459830052,1.4353512085598483,1.457973871490638,1.4589007692513751,1.0198306229206204,1.6411725172392793,0.29798608254365644,0.33342704070864465,2.0392813095804887,1.0225383311542784,2.0153770829600206,1.0193496041793082
0.8137419867525478,1.9553058413116131,0.8786109472133531,1.39502657273476,1.42561951415207,1.548070905839291,1.0257755381415272,1.6773502673766532,0.28107372354504406,0.30859680967496833,2.033912013025076,1.0088480420533041,2.034204296417423,0.9941936828551574
0.8335845304780641,1.959489303501537,0.8661737769951506,1.3908911440301208,1.4330258797704913,1.545924129360801,0.9728602107805111,1.6527493732787972,0.3234962811517138,0.34580069894223664,2.0527584375625385,0.9898053649507511,2.044465370952521,1.007805382054586
0.8221912083899064,1.991328879757069,0.865272129474041,1.420588340727625,1.4423213263677943,1.5644047621446266,0.9877800214778539,1.7044175695684451,0.26242038110492344,0.3066956191659048,2.002358551924608,1.0054640461303352,1.9890031657887988,0.9995804636924966
0.8014311288780842,1.9524548047400023,0.8564174656265958,1.3921161636323969,1.4195182325316662,1.5299213947281327,0.9761047575581943,1.708780189621429,0.2934440988824507,0.3160663270033424,1.9452604691560185,1.0407931567998494,1.9694441440396349,1.0239486940169455
0.7844735173350663,1.9815223082216575,0.8696943096881966,1.417161418736515,1.4439164543156928,1.3834501385422937,1.0044167218778448,1.5905860908705567,0.2991667995323733,0.32863167795821524,1.9722500508080019,0.9986587372972124,1.9728464462219242,0.991265089944488
0.8167573595267262,1.886383119982773,0.8831284130646647,1.3411962822547001,1.3884024470331935,1.4906746540483344,1.0478871412584765,1.6819029730179698,0.3003181731679926,0.32559756347417174,2.0205712079468987,0.9734166204595704,2.0204414228589584,1.0005288053182315
0.809443649250122,2.0127976224423763,0.8574436570075042,1.4466995117844044,1.4651976014569768,1.430657545504985,0.9691583137143518,1.5938901174401292,0.3036099211215616,0.3229752196194236,2.1091078627028956,0.9514093040345012,2.068170575706372,0.9810945328455744
0.8214846372806657,2.0000723285217337,0.8799221887435835,1.4122184849820685,1.4743811011771129,1.4878436536249156,1.0400328199107365,1.6298668693167848,0.31220879639618987,0.3398357055607329,1.9709588226082233,1.0153914360223075,1.9386968884999336,1.0205247922913705
0.8152441232403673,1.9509746821359086,0.8642352092193339,1.3839748416471052,1.435376194659748,1.5588002541680337,0.9687331171061245,1.666813916637677,0.29929185121909296,0.32509189616549994,2.0482872466116437,1.0074186437688322,2.023910712884308,1.012490520791847
0.8251892651676641,2.0395547401059444,0.8858125227370909,1.4604590142519276,1.4900157764553863,1.5183090501524983,0.9660949115001246,1.6574269858975745,0.2926388343571264,0.3224294952719802,1.9803166129593943,0.9806227548021311,1.9773164168454784,0.9920596060215863
0.7871543549225464,2.0562542082575934,0.8519225232712561,1.4689924560686676,1.5057471195521195,1.568885451983846,1.0327437847337286,1.705843203028753,0.2918482131068061,0.31981179280299604,2.006628125353168,1.030780423771219,2.0401015103487734,1.0333304656916007
0.8316174575752239,1.9035464081378615,0.8798491806122478,1.3623246686770412,1.403529311466429,1.5205052352428123,1.0368774551203046,1.6667037563056986,0.2877696839592329,0.32625907226208073,2.0909238049558154,0.9873466940683711,2.0838819984511945,0.9787154969449325
0.8047423905126176,1.954236513286027,0.8774069579767665,1.3917648635117847,1.4325277716164384,1.4221004436198659,1.0340563974705062,1.6019635780657764,0.3157508664865373,0.34281387348324877,2.045857554885226,0.9959606772452562,2.063570284908212,0.9939503769239193
0.8498062609430064,1.953851459012762,0.882712097718894,1.3927841146460451,1.4321128086542139,1.348749179605636,0.9473681036712743,1.5347005489071033,0.2870694304104697,0.31806119878637173,1.9255220436355427,0.9995000760010617,1.9746997259620123,0.9919266233446595
0.7834594923658504,1.9436058139334682,0.8355683200768143,1.3971870475483197,1.422758374608827,1.5089285257007754,0.981361960877118,1.6323419655488447,0.3169354221801649,0.3591504710436035,1.9656514985713045,0.9894714177358573,1.9610987843388394,0.9849619873863745
0.841663131275966,2.049768490515905,0.8820248653687511,1.46675855502691,1.4937522666001521,1.48716441201893,1.0329195436801328,1.6619077886333697,0.3003799816451974,0.330418106597379,2.0753732806664815,1.0070759519724872,2.051983390860363,0.9967327969944937
0.8047498588031036,1.9883704316736317,0.8793945809772499,1.414078009615242,1.4508128378679297,1.4413832556370871,1.0016616736225559,1.6104859628314143,0.2895749038628774,0.3195681790196577,2.0085126825577095,1.03454545437799,1.9981982691060822,1.0329892304127453
0.7843659679132533,1.9841291095213633,0.8317174326694431,1.4268981847978408,1.436086397296717,1.3979623650209174,0.9570522861521015,1.5790024375540461,0.3123681443148827,0.3247649667368853,1.9310695928230481,0.9657255430564473,1.9329651725032877,0.9776344147228059
0.7883867399826964,1.8797682581355948,0.8226801563421489,1.350986455994563,1.3838211836158243,1.4559154071916374,1.0183327175650176,1.6034563350420967,0.28545092150553764,0.32527325499996257,1.9508628533015768,1.0146556041542203,1.9248728004605058,1.0015586115041633
0.7923116646033364,2.0381250818125536,0.8611627033258801,1.4528447006984644,1.4940718109708655,1.4883305109081135,0.9714077096403412,1.6077838666995734,0.31276368081456424,0.3319371729171169,2.0422096113626704,1.0051647600881932,2.024487750383848,1.0052607226870525
0.810179982713646,1.9256444963087918,0.8769808929220222,1.3822422270672574,1.4106160272195396,1.5399526694223835,1.0717809939356884,1.7086914301842622,0.30425452242383566,0.3304034671336014,2.0596646168730577,1.0046129148863412,2.0277298872506715,1.0190344523396835
0.812548051712852,2.0035959578159797,0.8676604234531808,1.4467840447293192,1.4724132652604185,1.5113178648940788,1.0617936584967302,1.6696385198220949,0.2880735062181616,0.324116769037867,2.0010713180889304,1.0261553370962226,2.0112012183846897,1.0064886536347402
0.7862311999054742,2.0166426162774913,0.8433670939790113,1.435103876537637,1.4591116692388972,1.5964840348303637,1.0241638970542226,1.6739915274829467,0.31057269630669115,0.34415146114676376,2.148518828056166,1.0014789227565148,2.1430719999479946,0.9898424107418573
0.7994154897857365,2.081639515750319,0.8468280566981612,1.4884975246287788,1.5132482202753137,1.4378637566372763,1.054440268190791,1.6203802301801171,0.3109317945137728,0.34313248125058693,2.0494491418073384,1.014406877857171,2.0261909015123902,1.009860672339329
0.8514144886066848,1.9214707760528533,0.9016217951659048,1.3783554740845136,1.3955963688472857,1.552863533523446,1.0025916540049353,1.7142834410091738,0.3231503921161991,0.35456251819319906,1.985391135822026,1.0214759388871344,1.9915981253175759,1.0235832690942948
0.8414610360824171,1.8188292706507505,0.8565024766292629,1.2975198266176737,1.3525299139319895,1.5028379245877237,1.0306174997750006,1.6458307495069933,0.3193229402481859,0.34682981337154667,1.9510576371140393,0.9848690439885818,1.977387590182847,0.9762572394587332
0.8104717680721768,2.0110309726852216,0.863148602785407,1.4363951482732618,1.4623119557521318,1.5416801474471151,1.059108811812083,1.7256175581982482,0.3098254804145256,0.33700703088257133,1.9415069417216575,1.008975503824414,1.9709759977485826,1.0070496563643367
0.8009120834760368,2.1080306708906513,0.8566425643467447,1.5062921110325744,1.5309820356912764,1.4738091082040674,1.0098199472717726,1.6351526760257853,0.27744818097582474,0.319516048176372,2.020125279228822,0.9924763717836811,2.0287202928126224,0.9949334681153242
0.8028807518412383,2.0743367811763664,0.8663590210644143,1.4729442758278994,1.5037578726343672,1.5643008224334354,0.9897925131394286,1.6571442680006634,0.3489717397634811,0.36776320102567095,1.9706733773051957,0.9960195466084031,1.968481024878055,0.9998067414931062
0.8147244313455301,2.0125795649164777,0.8575932354087406,1.43856914465673,1.4707494428045012,1.5177134855007146,0.9318151216729154,1.6748622923291463,0.2719276757785638,0.3057550342947508,2.1004246252390053,0.9903381581056501,2.065709242224078,0.99122489396002
0.7754529784352383,1.9705018288620773,0.8435416132758795,1.411228474602062,1.4410508575004795,1.459233300904935,0.9966746589711403,1.6347669287952955,0.31898526348564615,0.3480371010317864,2.0879787081750716,1.0141324121229065,2.0420555748196185,1.0194467273595216
0.7938229631018398,2.0484273557982386,0.8312065465999693,1.4609028753347924,1.4796618043134924,1.4992785582652086,1.0329369273824924,1.6406040286229902,0.308625676337726,0.3342999041494872,2.0379839928498336,1.0024493412705475,2.039716409780568,1.0221803162810044
0.7599539822269379,1.941587228017732,0.8335533166737948,1.3784895405400281,1.42397770102551,1.4856266484637741,1.037825337102705,1.6562133262564998,0.2765171525503777,0.3018080406055233,1.9292602296225863,1.0118363210295003,1.9250648521939062,1.0269420202807664
0.8095813549425267,2.028581466161373,0.877845311181487,1.4456126023742901,1.486897616719103,1.5293507010382676,1.0201746026287364,1.6359558417868156,0.29751398122243,0.33204296816384393,1.9596668676468556,0.9994744791131276,1.9826865897168482,0.9984665008800774
0.8155327025528658,2.0303282095499977,0.8659589734937654,1.4297415304103245,1.4795487350669132,1.4292133950375294,0.9783480362015105,1.6156404924991783,0.2984249422751072,0.34503474063251127,2.075340651544466,0.9518763696258903,2.0298042336103936,0.9391283339349923
0.788403524904815,2.063612594449933,0.8507802565243708,1.4625383983045497,1.5168500013737871,1.4982388978730583,0.9209271372420964,1.6250831549171691,0.3261116543162105,0.35571761975491595,1.9662160280122938,1.0009410524829911,1.9973193410785146,1.0124406663322674
0.8377756823189608,2.1655796023346645,0.9003917321067983,1.5519926265611559,1.5963915747589492,1.5237184351589599,0.9801913960798105,1.638408347308339,0.28573378199439575,0.33125083421870755,2.0673285040351717,1.0019061386547046,2.0400504814847915,1.0079658663185174
0.7705816240879438,2.023544958030726,0.8285590176646417,1.4538958671390743,1.4817349400000333,1.501981398431582,0.9878262051578419,1.6547783780228038,0.2947610998715129,0.3377264450724228,2.0284762353820858,1.007277878114604,2.0022250675159987,1.021592767889479
0.7648550028749643,1.96946218245755,0.8299148828036258,1.398819580949989,1.4298413794463551,1.5808164746633397,0.9874828413123994,1.7150454924427656,0.25327860789957474,0.2868403226539982,2.0031030730887913,0.9821881241894277,2.0133377859762747,0.9893044281678292
0.8053868436454393,1.9984655412684804,0.8546872819648007,1.4328932391771578,1.4572403026223284,1.546441366444263,1.024742254279117,1.6906701668211366,0.3346952558624715,0.352840446109325,1.9578300312238734,0.9641359085000346,1.993284487093856,0.9729420015068387
0.8251303592626917,1.893855445706653,0.8870019405112253,1.3556520297578964,1.3840848643204697,1.4995511521955551,1.0794270564405937,1.634541271270795,0.2785906351395986,0.32312348551600995,1.994345369388515,1.0187381993468283,1.9805453163814677,1.0236970077103402
0.8404142645949889,1.9583172121346566,0.8927702362084448,1.4068210272994535,1.437648565773948,1.5130013458498603,1.0049411680736438,1.6426432644254787,0.3065382172847835,0.327176440661896,2.011378877292494,0.991791803303975,2.0191923276759325,1.0052511036767293
0.7889867776911454,1.9754430537132137,0.8527872748164714,1.4234978083504914,1.4305870378980152,1.51773993308892,0.9913307284337415,1.6322901457753036,0.2979718434055627,0.31910218482783265,2.061952333898067,1.00513732143055,2.0018760471103434,0.9878534030445385
0.8258883400023511,1.9685546961239244,0.8656335047950113,1.4093030361855823,1.4392699589124978,1.5241979762500095,0.9896311274798363,1.6680153541899636,0.2980399806643332,0.33058521862991774,1.9468558639619746,0.9915561976033511,1.9256673346355868,0.9839717660674613
0.799075796731983,2.009141292322023,0.8661006532773572,1.436416330509345,1.4539102914919881,1.3904605202601235,1.0049753906763086,1.5952454600869264,0.3161972396974175,0.3312538780138381,1.9842309894484331,0.9998181452267921,2.0067952896944474,0.9970905007888241
0.7958569448014203,1.950654804057068,0.8682972307483706,1.4016008299660647,1.434416592002217,1.4819084222538392,0.9668682495860641,1.637857923125212,0.3334252492060727,0.3463199392899722,2.002689387915937,0.9865214395619257,1.9937885283337993,0.9856009278764699
0.8212078384996802,2.0672618400394684,0.8603413914495783,1.4725104941276075,1.510734224890403,1.4109336559083945,1.0048079423498422,1.604366794818471,0.3050298733988398,0.3426567970580092,2.03976070146117,0.9709574923253852,1.9990536811208566,0.9810262122455959
0.8156557490819221,2.000012423895092,0.8782445875777116,1.4342227846230666,1.4476226270318808,1.5766968568475692,1.018032493453272,1.7370476709641478,0.3131015603526105,0.3438454818092096,1.9454921397486333,1.0142119498230597,1.9457306898445144,1.0135947437890438
0.762166588232378,1.9994419807316832,0.8269567852726699,1.454161679957195,1.4590128048211872,1.4963490287998242,1.0083874425429795,1.63310106598314,0.3065778307345408,0.3382066389495386,1.921005812426767,0.9819063973532164,1.9239924652567555,0.9947575289049372
0.8354369683934215,1.980326317009225,0.8821696760225324,1.4088772927288828,1.4466018483307614,1.4883995430192227,1.0183016773601912,1.6334875894886396,0.3203506284786125,0.34917130900646726,2.040437909102603,1.0049185444268443,2.0294066541085902,1.013395597690569
0.8331221924995389,2.0093114410315387,0.894380119571289,1.434572602661281,1.4596325132894974,1.5538078399219941,1.0173499043739413,1.7349718818409763,0.29074167241027343,0.32285865620573223,1.9089230531031978,1.0123138066570623,1.9214830662347504,1.0080280169855622
0.7849864951637714,2.049505895880058,0.8317434466931732,1.4671116892965947,1.5038674813310717,1.5253394878469926,0.9291241327101423,1.7038332500643005,0.32150781108832827,0.3461406176477362,2.07709878288573,0.9823956185319076,2.0468336988036797,0.9896855001198694
0.8094992848024979,1.947972187057346,0.8543774478136541,1.3997682204502648,1.427682484533413,1.4322819291372475,1.0254748063358161,1.558235954732621,0.32220999731294764,0.3596661998967761,1.9906444341510254,0.9638834309688105,1.9903927534763448,0.9702557283370792
0.8118567244707858,1.9605130106554847,0.8635843152821153,1.4033050789746477,1.4396593140583223,1.4957456782483578,0.9731594061735018,1.652260246580819,0.3216507401736582,0.34178766336733174,1.9071481350635333,1.0727825684155916,1.952240467294748,1.0533222696906248
0.8062561703797738,1.9817764382734002,0.8548797566998008,1.4226845708386042,1.4472389081004828,1.4798899816064168,0.9561664334798416,1.6312411612221347,0.28679704265327044,0.33263508776299433,1.9711747868357903,0.9841668437216372,1.980415829106709,0.9943617251144773
0.78679267630771,1.9192477445916072,0.8636794099538185,1.369061328508332,1.3968888895633569,1.3953280266836368,0.9558219268858001,1.5961749531074996,0.2966332473152562,0.3212501815288361,2.0227474179841543,1.0187025147580349,2.0270284505488325,1.0027093303259893
0.7838810391694868,1.9508445284167102,0.843338001558401,1.4043307135646548,1.4102319359138131,1.4585834260057677,1.0173416644189013,1.6078474159563954,0.3047893397756087,0.32704968702474224,1.9680379347467014,1.0581839064871037,2.0029792517423552,1.0681445585166693
0.7993867022962053,1.9714267475873204,0.8549660096027134,1.4191444469125638,1.4429030049140503,1.488987580679012,0.9910970029110059,1.6296733487278938,0.2725831591034199,0.30647048855498865,2.001201784929461,1.0236972324056168,1.997787733022151,1.015854864360518
0.8281454964622248,2.0524633508427637,0.8801005686554286,1.4745443207463846,1.4967041735210294,1.4931029441104895,0.9327212486405836,1.6253167732803273,0.3318984041617203,0.3354432352497537,2.0444047019423173,0.9909867157351735,2.0139133806807057,0.9933151050469986
0.8130464037102664,2.0157536797401154,0.8592282015040591,1.460009558504975,1.4799620383418004,1.4110661145793615,1.0191215126076913,1.5847715490634466,0.2997544693299565,0.3384705163712264,1.9878685798767428,0.9979865083739466,2.0194391433571743,1.0196411259193114
0.7911052560299335,2.0116153946820527,0.845254917609624,1.4396992002325986,1.4690222191839961,1.5690999349828485,0.9424156747680469,1.7129142101878765,0.3056785577520944,0.33179189729424713,1.943776539412032,0.9750217834078345,1.952445778010234,0.9715024694763336
0.8185207690555604,2.0510538777300784,0.8763480108096923,1.4704837566765714,1.501586887246718,1.4938738164665137,1.0055928543407284,1.6227805859876256,0.28845991120545594,0.3329978895806379,1.9820609601576895,1.0264508928087324,1.9922030536522106,1.0289530656239516
0.7316349771048782,1.9917576926960363,0.8099017527981953,1.4295182268426294,1.4634995441836278,1.5022531845996339,1.0095399570269221,1.6330260133506427,0.2734624488126595,0.3246368497711265,2.0848904081875554,1.0169881212417606,2.0453753061458966,0.9988494718179088
0.8275703768089305,2.0234278909957335,0.8709435477393644,1.4388676550278705,1.4708315430710577,1.5240384983003903,1.0354230832678017,1.6195360350888888,0.28791940229050456,0.32715470708247435,2.101103860719991,0.9845672254521477,2.055932185278177,0.987320419929677
0.7582468693093256,1.9938066948240503,0.8309872882763444,1.439515650933252,1.4482039191777751,1.4527154247657796,1.0712673914586741,1.637347844314021,0.30438408375267173,0.3375256804571932,1.8788044295634636,0.9687347557870467,1.9332061759533432,0.9674445693269559
0.7913014174063249,2.015921740963978,0.8358735908756655,1.4360953938826224,1.4767882475593468,1.5273813583879619,0.9454129469639784,1.6994094347596753,0.31346857625507385,0.3408642173161539,2.0654616745514884,0.9603629878700892,2.05489549915304,0.9820771966415305
0.7731279225289726,1.965034480543305,0.8445354336683661,1.4003621881298771,1.4295990985482716,1.477975521238909,0.9979010457574781,1.6296329633816733,0.3032358308120544,0.34558586337109587,2.0150088629621212,1.029595420114126,2.015859482347563,1.0288942463118673
0.7689276445826984,1.8536709705034142,0.8598658075553904,1.324527204171044,1.355836117662622,1.4462048675611685,0.9889465881982313,1.6085419627268247,0.306934480324839,0.3525675940128866,2.055438960747209,1.003611193868667,2.0562484451414735,1.003056132613702
0.8278598428970845,1.9919432502688217,0.8842958884935793,1.431629841786488,1.4629769100581864,1.534406849601324,1.0173499874384384,1.6802421952989768,0.29325947250637246,0.33234200849068823,1.9669707043839422,1.0064495360899826,1.9895609548269897,1.0100848038220012
0.7887751711685147,2.0853648881659965,0.8543416638160324,1.4869559639898733,1.52766015753492,1.5895004315281085,1.0086267508373448,1.7430895738091978,0.30992497132490854,0.32914986228453064,1.893904189429911,0.9753115412241293,1.928784005021702,0.9862263681183244
0.8083160931615372,2.0555729241344953,0.8702432749947174,1.4727381896641734,1.490232446305904,1.54348976240915,0.9858981502905352,1.6856662981611215,0.32965665732771815,0.3450650316302829,2.0350693273188476,0.9560949069008678,2.0169921277818,0.9782513308886389
0.7988739061068997,2.05792384907547,0.8525253193487873,1.4768609887482438,1.499502245508619,1.5553786539084258,0.9823639124555658,1.671467279104568,0.31409578884877976,0.3335877763870388,1.943541364323037,1.028878407241349,1.9859839324979844,1.0049778750951943
0.811448979853355,2.074167843308373,0.8867103927095581,1.4701463398611312,1.5059154974269582,1.468762163606262,0.9553419657926381,1.5882309947757545,0.3161908377650588,0.3466886697029297,1.9167024541109088,1.0012611711099169,1.9383662566691104,1.0163150173601594
0.8018437253854461,2.0053194554576863,0.8600197418373968,1.4254229629170512,1.4605203791552839,1.4041428162498926,1.0395144632962603,1.551386063760652,0.3058803279861326,0.3437186739532163,1.920895917051592,1.0272170398017286,1.9517132903612053,1.0328258009244937
0.7692081866194743,2.011838942444336,0.8491579744904255,1.4396816139969297,1.4648547279581798,1.5894082513259904,1.0183681672639813,1.7156910612060088,0.26993689860800796,0.3197969235125755,2.03605482694492,0.988422006204533,2.004879539691919,0.9890305861796067
0.8239104036667314,1.962940886273939,0.8597782096985161,1.4099196071563864,1.4389231812966234,1.6232708933642856,1.0367107279118055,1.7318746088398573,0.2791066693873751,0.31694244124160076,2.008367147961752,0.9928954647088942,1.9918633791812705,0.9916051812210075
0.7881498420041285,1.981035628638377,0.8688376059143283,1.4135496887755385,1.4536022799946384,1.592568406426181,0.9875841545409795,1.716953532132929,0.30909751601327684,0.32871867169753816,2.0469479613124806,1.021398945298619,2.0328019590849284,1.0206653278142888
0.762642034432166,2.0369462689862683,0.8404123348237373,1.447291925179443,1.4901136227616403,1.479852843661215,0.9737265812522228,1.6204592550671633,0.2997812189607983,0.3237682021236969,2.0401445152697817,1.0219704423895157,2.0202662260217674,1.0268416540220981
0.7897252361368181,2.072233066230129,0.8634659829416566,1.464041265391995,1.5270853247617269,1.4307219396762694,0.9568673973348308,1.5789081512739447,0.30879685772945653,0.3524960582209202,1.974743986124974,1.0239269686805785,1.9950494401292096,1.0285120690787515
0.8360182349752235,1.99163322345914,0.8891142600392368,1.4151303322900166,1.4589435066952117,1.436059038130826,1.0143567033496264,1.5741984860780205,0.33352846835688144,0.3506081166484959,1.9957715855673526,0.9911439624069192,1.971527128530295,0.9975055484839265
0.8204053218107239,1.9729886441089153,0.8787181136757002,1.4159416229986257,1.4491780953857634,1.398976045943157,0.9584082710188706,1.6201245627937586,0.31452071998458664,0.34166970729830903,1.9693137482730476,1.018436417129526,1.9794973114718672,0.9966269551576318
