{
  "results": {
    "commensal": {
      "E_di": 1000.0,
      "DI": -2.220446049250313e-16,
      "E_phi_pg": 712.3269012485812,
      "phi_Pg": 0.2,
      "E_virulence": 642.9243805723233,
      "V": 0.26,
      "E_simpson": 999.9999999975123,
      "DI_simpson": 1.2501111257279263e-12,
      "E_gini": 1000.0,
      "DI_gini": 0.0,
      "E_pielou": 999.9999999987637,
      "DI_pielou": 6.212808045802376e-13,
      "E_voigt": 522.0,
      "E_reuss": 45.90665646308425
    },
    "dysbiotic_So": {
      "E_di": 238.63888797121774,
      "DI": 0.5168118696880717,
      "E_phi_pg": 998.4185303514377,
      "phi_Pg": 0.05,
      "E_virulence": 997.823054455378,
      "V": 0.065,
      "E_simpson": 197.03124999952752,
      "DI_simpson": 0.5625000000005462,
      "E_gini": 166.00000000000028,
      "DI_gini": 0.5999999999999996,
      "E_pielou": 238.6388879709306,
      "DI_pielou": 0.5168118696883719,
      "E_voigt": 880.4999999999998,
      "E_reuss": 161.39878948304224
    },
    "dysbiotic_Pg": {
      "E_di": 238.63888797121774,
      "DI": 0.5168118696880717,
      "E_phi_pg": 19.35218633333841,
      "phi_Pg": 0.8,
      "E_virulence": 27.847967740660806,
      "V": 0.8150000000000001,
      "E_simpson": 197.03124999952672,
      "DI_simpson": 0.5625000000005471,
      "E_gini": 166.00000000000003,
      "DI_gini": 0.6,
      "E_pielou": 238.6388879709306,
      "DI_pielou": 0.5168118696883719,
      "E_voigt": 138.0,
      "E_reuss": 12.430724607501967
    }
  },
  "metrics": {
    "E_di": {
      "E_commensal": 1000.0,
      "E_dysbiotic": 238.63888797121774,
      "ratio": 4.1904318633960695,
      "diff_Pa": 761.3611120287823
    },
    "E_simpson": {
      "E_commensal": 999.9999999975123,
      "E_dysbiotic": 197.03124999952752,
      "ratio": 5.07533703409944,
      "diff_Pa": 802.9687499979848
    },
    "E_gini": {
      "E_commensal": 1000.0,
      "E_dysbiotic": 166.00000000000028,
      "ratio": 6.024096385542122,
      "diff_Pa": 833.9999999999998
    },
    "E_pielou": {
      "E_commensal": 999.9999999987637,
      "E_dysbiotic": 238.6388879709306,
      "ratio": 4.190431863395931,
      "diff_Pa": 761.3611120278331
    },
    "E_voigt": {
      "E_commensal": 522.0,
      "E_dysbiotic": 880.4999999999998,
      "ratio": 0.5928449744463368,
      "diff_Pa": -358.4999999999998
    },
    "E_reuss": {
      "E_commensal": 45.90665646308425,
      "E_dysbiotic": 161.39878948304224,
      "ratio": 0.28442999238174127,
      "diff_Pa": -115.49213301995798
    },
    "E_phi_pg": {
      "E_commensal": 712.3269012485812,
      "E_dysbiotic": 998.4185303514377,
      "ratio": 0.7134552090072341,
      "diff_Pa": -286.0916291028565
    },
    "E_virulence": {
      "E_commensal": 642.9243805723233,
      "E_dysbiotic": 997.823054455378,
      "ratio": 0.6443270454632233,
      "diff_Pa": -354.8986738830547
    }
  }
}
