{
  "n_obs": 20,
  "n_species": 2,
  "rmse_per_species": [
    0.021324081830948163,
    0.02505573188525611
  ],
  "mae_per_species": [
    0.016563501175581745,
    0.017919775497404863
  ],
  "rmse_total": 0.02326484650968939,
  "mae_total": 0.017241638336493302,
  "max_abs": 0.06137340953556786
}
