{
  "DI": {
    "pairwise": {
      "CS-CH": {
        "bhattacharyya": 0.905311016643543,
        "cohens_d": 1.1464275974156808,
        "mean_diff": 53.34875668277948
      },
      "CS-DH": {
        "bhattacharyya": 23.550840849063178,
        "cohens_d": 13.64834066804235,
        "mean_diff": 663.3507787016397
      },
      "CH-DH": {
        "bhattacharyya": 253.6275118361418,
        "cohens_d": 45.02412962495286,
        "mean_diff": 716.6995353844193
      }
    },
    "kruskal_wallis_H": 116.35106754966887,
    "kruskal_wallis_p": 5.428585718434199e-26,
    "E_range_Pa": 716.6995353844193,
    "E_ratio": 3.5725569331444977,
    "per_condition": {
      "commensal_static": {
        "mean": 941.9450154901631,
        "std": 65.37854571436077,
        "ci90": [
          801.2708069572279,
          999.6473778458444
        ]
      },
      "commensal_hobic": {
        "mean": 995.2937721729426,
        "std": 7.524451162001673,
        "ci90": [
          980.5719601903728,
          999.9829954748568
        ]
      },
      "dh_baseline": {
        "mean": 278.59423678852335,
        "std": 21.216874790419926,
        "ci90": [
          263.32577509740634,
          318.24100666524964
        ]
      }
    }
  },
  "EPS synergy": {
    "pairwise": {
      "CS-CH": {
        "bhattacharyya": 0.5091157016454686,
        "cohens_d": 0.7878379667873576,
        "mean_diff": 36.60736357679218
      },
      "CS-DH": {
        "bhattacharyya": 8.532451355610169,
        "cohens_d": 8.13497234417486,
        "mean_diff": 388.57213168103794
      },
      "CH-DH": {
        "bhattacharyya": 69.77495167298035,
        "cohens_d": 23.619719552072237,
        "mean_diff": 425.1794952578301
      }
    },
    "kruskal_wallis_H": 101.78754966887414,
    "kruskal_wallis_p": 7.890679907186355e-23,
    "E_range_Pa": 425.1794952578301,
    "E_ratio": 3.7385210013304464,
    "per_condition": {
      "commensal_static": {
        "mean": 543.8309356307841,
        "std": 64.16050632664755,
        "ci90": [
          438.3353011886397,
          611.2679632030687
        ]
      },
      "commensal_hobic": {
        "mean": 580.4382992075763,
        "std": 14.196243693234642,
        "ci90": [
          558.3288200356016,
          608.7822192434245
        ]
      },
      "dh_baseline": {
        "mean": 155.25880394974618,
        "std": 21.13152816468563,
        "ci90": [
          121.41628095045303,
          177.80681627124886
        ]
      }
    }
  },
  "\u03c6_Pg": {
    "pairwise": {
      "CS-CH": {
        "bhattacharyya": 0.4969429631670612,
        "cohens_d": 1.6299668524639406,
        "mean_diff": 0.9268166393859474
      },
      "CS-DH": {
        "bhattacharyya": 2.5266194256804315,
        "cohens_d": 2.8857315948339397,
        "mean_diff": 1.5110022977878543
      },
      "CH-DH": {
        "bhattacharyya": 16.063229127798223,
        "cohens_d": 10.95616379827599,
        "mean_diff": 2.4378189371738017
      }
    },
    "kruskal_wallis_H": 118.26278145695369,
    "kruskal_wallis_p": 2.0871963151100143e-26,
    "E_range_Pa": 2.4378189371738017,
    "E_ratio": 1.002443793592999,
    "per_condition": {
      "commensal_static": {
        "mean": 998.4819883022661,
        "std": 0.7402553524187226,
        "ci90": [
          997.4350035678483,
          999.6309157216612
        ]
      },
      "commensal_hobic": {
        "mean": 997.5551716628802,
        "std": 0.3140992427715737,
        "ci90": [
          997.284478897381,
          998.143262787758
        ]
      },
      "dh_baseline": {
        "mean": 999.992990600054,
        "std": 0.01897510238972708,
        "ci90": [
          999.9868840775644,
          999.9988094550878
        ]
      }
    }
  },
  "Virulence": {
    "pairwise": {
      "CS-CH": {
        "bhattacharyya": 0.5756313906055104,
        "cohens_d": 1.8134212723320269,
        "mean_diff": 1.418792184870199
      },
      "CS-DH": {
        "bhattacharyya": 2.547187316331196,
        "cohens_d": 2.886345726481369,
        "mean_diff": 2.0792135428296206
      },
      "CH-DH": {
        "bhattacharyya": 17.379320057882634,
        "cohens_d": 11.41941484376281,
        "mean_diff": 3.4980057276998195
      }
    },
    "kruskal_wallis_H": 122.17099867549666,
    "kruskal_wallis_p": 2.9573635329206908e-27,
    "E_range_Pa": 3.4980057276998195,
    "E_ratio": 1.003510320455114,
    "per_condition": {
      "commensal_static": {
        "mean": 997.9106431219784,
        "std": 1.0184369632950787,
        "ci90": [
          996.4705196877634,
          999.491708476641
        ]
      },
      "commensal_hobic": {
        "mean": 996.4918509371082,
        "std": 0.43247691538818134,
        "ci90": [
          995.9774370355171,
          997.308154799059
        ]
      },
      "dh_baseline": {
        "mean": 999.989856664808,
        "std": 0.025074626463761608,
        "ci90": [
          999.9814369790404,
          999.9983257218609
        ]
      }
    }
  }
}
