{
  "elapsed_time": 908.4321949481964,
  "converged": [
    true,
    true
  ],
  "MAP": [
    0.16652437803844466,
    0.13562526119497542,
    1.580684082578276,
    2.265032367356094,
    2.2146822158000337,
    0.39574437578002275,
    1.2710684096406095,
    1.3861228763522018,
    3.692899098311646,
    1.9371923587282263,
    2.766652603555535,
    0.014800447975184206,
    2.2710620573487645,
    0.5452298374024265,
    1.1924538385955086,
    0.19445125432181368,
    1.5512187311640404,
    1.4940202215332576,
    24.502384975833863,
    0.36635938451976235
  ],
  "mean": [
    1.8349514526224442,
    0.9099003547947931,
    1.86221025551027,
    1.5370574391922727,
    1.7719565328675444,
    2.399552837868264,
    1.2275793928180745,
    2.200217927596829,
    2.7660013493965705,
    1.5383309404912193,
    0.6783549482304936,
    0.6249262784407557,
    9.24534270415596,
    0.8178273919453948,
    2.1263018273086147,
    0.23830299349228048,
    1.1960527207437979,
    1.358759291403687,
    20.06919550175387,
    7.630748179459588
  ]
}