{
  "theta_sub": [
    1.8349514526224442,
    0.9099003547947931,
    1.86221025551027,
    1.5370574391922727,
    1.7719565328675444,
    2.399552837868264,
    1.2275793928180745,
    2.200217927596829,
    2.7660013493965705,
    1.5383309404912193,
    0.6783549482304936,
    0.6249262784407557,
    9.24534270415596,
    0.8178273919453948,
    2.1263018273086147,
    0.23830299349228048,
    1.1960527207437979,
    1.358759291403687,
    20.06919550175387,
    7.630748179459588
  ],
  "theta_full": [
    1.8349514526224442,
    0.9099003547947931,
    1.86221025551027,
    1.5370574391922727,
    1.7719565328675444,
    2.399552837868264,
    1.2275793928180745,
    2.200217927596829,
    2.7660013493965705,
    1.5383309404912193,
    0.6783549482304936,
    0.6249262784407557,
    9.24534270415596,
    0.8178273919453948,
    2.1263018273086147,
    0.23830299349228048,
    1.1960527207437979,
    1.358759291403687,
    20.06919550175387,
    7.630748179459588
  ],
  "active_indices": [
    0,
    1,
    2,
    3,
    4,
    5,
    6,
    7,
    8,
    9,
    10,
    11,
    12,
    13,
    14,
    15,
    16,
    17,
    18,
    19
  ]
}