{
  "theta_sub": [
    0.16652437803844466,
    0.13562526119497542,
    1.580684082578276,
    2.265032367356094,
    2.2146822158000337,
    0.39574437578002275,
    1.2710684096406095,
    1.3861228763522018,
    3.692899098311646,
    1.9371923587282263,
    2.766652603555535,
    0.014800447975184206,
    2.2710620573487645,
    0.5452298374024265,
    1.1924538385955086,
    0.19445125432181368,
    1.5512187311640404,
    1.4940202215332576,
    24.502384975833863,
    0.36635938451976235
  ],
  "theta_full": [
    0.16652437803844466,
    0.13562526119497542,
    1.580684082578276,
    2.265032367356094,
    2.2146822158000337,
    0.39574437578002275,
    1.2710684096406095,
    1.3861228763522018,
    3.692899098311646,
    1.9371923587282263,
    2.766652603555535,
    0.014800447975184206,
    2.2710620573487645,
    0.5452298374024265,
    1.1924538385955086,
    0.19445125432181368,
    1.5512187311640404,
    1.4940202215332576,
    24.502384975833863,
    0.36635938451976235
  ],
  "active_indices": [
    0,
    1,
    2,
    3,
    4,
    5,
    6,
    7,
    8,
    9,
    10,
    11,
    12,
    13,
    14,
    15,
    16,
    17,
    18,
    19
  ]
}