{
  "gnn_prior_center": {
    "1": -3.0,
    "10": -3.0,
    "11": 3.93898606300354,
    "18": -3.0,
    "19": -3.0
  },
  "gnn_prior_std": {
    "1": 5.382798194885254,
    "10": 9.443979263305664,
    "11": 3.405564546585083,
    "18": 5.796901702880859,
    "19": 9.49548053741455
  },
  "n_samples": 3
}