{
  "condition": "commensal_static",
  "n_samples_total": 51,
  "n_samples_kept": 2,
  "n_filtered": 49,
  "is_real_posterior": false,
  "method": "0D Hamilton ODE",
  "di_scale_0d": 1.0,
  "di_0d_map": 0.42140992515545816,
  "E_di_map": 338.9805739601671,
  "di_0d_mean": 0.3008573158817839,
  "di_0d_median": 0.3008573158817839,
  "di_0d_std": 0.12055260927367428,
  "di_0d_ci90": [
    0.19235996753547702,
    0.40935466422809075
  ],
  "di_0d_ci_width": 0.21699469669261373,
  "E_di_mean": 506.3419975175327,
  "E_di_ci90": [
    355.7167163159036,
    656.9672787191619
  ],
  "E_di_ci_width": 301.25056240325824,
  "E_phi_pg_mean": 991.1227428384868,
  "E_phi_pg_ci90": [
    985.7993751485849,
    996.4461105283888
  ],
  "E_phi_pg_ci_width": 10.646735379803886,
  "E_vir_mean": 857.8093072917145,
  "E_vir_ci90": [
    733.7415723650269,
    981.877042218402
  ],
  "E_vir_ci_width": 248.13546985337518,
  "phi_Pg_mean": 0.0731250668690611,
  "timing_s": 18.1
}
