{
  "n_obs": 20,
  "n_species": 5,
  "rmse_per_species": [
    0.021944490387634866,
    0.023123024370971315,
    0.025183733558168383,
    0.015204182285320278,
    0.11006489737683856
  ],
  "mae_per_species": [
    0.017197011023633642,
    0.017897699695035813,
    0.019366413595993514,
    0.012441619058662045,
    0.07545048450783676
  ],
  "rmse_total": 0.05290728521461217,
  "mae_total": 0.028470645576232353,
  "max_abs": 0.26829713141092715
}
