{
  "condition": "demo",
  "e_model": "phi_pg",
  "grid": "15x15",
  "DI_mean": 0.0657046360571721,
  "DI_max": 0.06888898397473897,
  "E_mean_pa": 999.2275430849663,
  "E_min_pa": 999.1426869759302,
  "eps_growth_max": 0.0035452191252440812,
  "sigma_vm_max_pa": 4.842599423269187,
  "sigma_vm_mean_pa": 0.7635984629967205,
  "u_max": 0.003897105629815894,
  "timing_ode_s": 22.92,
  "timing_fem_s": 0.0804
}
