{
  "model": "M1",
  "theta_base_policy": "prior_mean_full_vector",
  "rom_error_MAP_vs_FOM": 0.0,
  "rom_error_MEAN_vs_FOM": 0.0,
  "fit_MAP": {
    "n_obs": 20,
    "n_species": 2,
    "rmse_per_species": [
      0.0008865365002538188,
      0.001142002638973391
    ],
    "mae_per_species": [
      0.0007538780152453351,
      0.0009426458230640658
    ],
    "rmse_total": 0.0010222810263583292,
    "mae_total": 0.0008482619191547004,
    "max_abs": 0.00218432754579595
  },
  "fit_MEAN": {
    "n_obs": 20,
    "n_species": 2,
    "rmse_per_species": [
      0.0009365565794457986,
      0.0010480932325113836
    ],
    "mae_per_species": [
      0.0008168185581951606,
      0.0008647980279787818
    ],
    "rmse_total": 0.0009938907511742364,
    "mae_total": 0.0008408082930869712,
    "max_abs": 0.00225697739755093
  }
}