{
  "conditions": {
    "commensal_static": {
      "DI": 0.017268049830972076,
      "E_Pa": 115.68096088272242,
      "mooney_rivlin": {
        "C10": 19.344642288080674,
        "C01": 2.9016963432121012,
        "D1": 0.020746715636578476,
        "mu": 44.492677262585545,
        "K": 96.400800735602
      },
      "prony": {
        "g1": 0.5679501874617437,
        "tau1": 35.144396089446175,
        "eta": 351.4439608944617
      },
      "sls": {
        "E_inf": 115.68096088272242,
        "E_0": 463.8374354225457,
        "E_1": 348.1564745398233,
        "tau": 12.720423987875586,
        "eta": 4428.697970270564
      },
      "fem_elastic_sigma_vm_mean": 0.27411979312781304,
      "fem_elastic_sigma_vm_max": 1.8974904894082374,
      "fem_visco_sigma_vm_mean": 0.20868224502268767,
      "fem_visco_sigma_vm_max": 1.5645400515699106,
      "relaxation_pct": 23.871880012186498
    },
    "commensal_hobic": {
      "DI": 0.019994984090708656,
      "E_Pa": 58.084684855598034,
      "mooney_rivlin": {
        "C10": 9.713158002608367,
        "C01": 1.456973700391255,
        "D1": 0.04131898117320499,
        "mu": 22.34026340599924,
        "K": 48.40390404633169
      },
      "prony": {
        "g1": 0.6102643198185842,
        "tau1": 39.90473597959072,
        "eta": 399.0473597959072
      },
      "sls": {
        "E_inf": 58.084684855598034,
        "E_0": 251.33140900068813,
        "E_1": 193.2467241450901,
        "tau": 7.926744556309159,
        "eta": 1531.8174186416707
      },
      "fem_elastic_sigma_vm_mean": 0.13763856796325064,
      "fem_elastic_sigma_vm_max": 0.9527508783879344,
      "fem_visco_sigma_vm_mean": 0.10057339680406499,
      "fem_visco_sigma_vm_max": 0.7668472102371428,
      "relaxation_pct": 26.929349605760223
    },
    "dh_baseline": {
      "DI": 0.09407606552044967,
      "E_Pa": 10.0,
      "mooney_rivlin": {
        "C10": 1.6722408026755853,
        "C01": 0.2508361204013378,
        "D1": 0.24000000000000005,
        "mu": 3.846153846153846,
        "K": 8.333333333333332
      },
      "prony": {
        "g1": 0.7,
        "tau1": 50.0,
        "eta": 500.0
      },
      "sls": {
        "E_inf": 10.0,
        "E_0": 50.0,
        "E_1": 40.0,
        "tau": 2.0,
        "eta": 80.0
      },
      "fem_elastic_sigma_vm_mean": 0.023696189159919116,
      "fem_elastic_sigma_vm_max": 0.164027898361924,
      "fem_visco_sigma_vm_mean": 0.015787222398391917,
      "fem_visco_sigma_vm_max": 0.12570561993435064,
      "relaxation_pct": 33.37653454803108
    },
    "dysbiotic_static": {
      "DI": 0.013328916908733612,
      "E_Pa": 238.3962954521638,
      "mooney_rivlin": {
        "C10": 39.865601246181235,
        "C01": 5.979840186927185,
        "D1": 0.010067270531397918,
        "mu": 91.69088286621684,
        "K": 198.6635795434698
      },
      "prony": {
        "g1": 0.50682623801278,
        "tau1": 28.267951776437762,
        "eta": 282.6795177643776
      },
      "sls": {
        "E_inf": 238.3962954521638,
        "E_0": 846.5921579884846,
        "E_1": 608.1958625363208,
        "tau": 21.17060723653285,
        "eta": 12875.87572864077
      },
      "fem_elastic_sigma_vm_mean": 0.5649083712058351,
      "fem_elastic_sigma_vm_max": 3.9103643320289,
      "fem_visco_sigma_vm_mean": 0.4543560241163335,
      "fem_visco_sigma_vm_max": 3.3373586842414302,
      "relaxation_pct": 19.56996085108814
    }
  },
  "parameters": {
    "nu": 0.3,
    "eps_0": 0.01,
    "grid": "20x20"
  }
}
