{
  "condition": "dh_baseline",
  "n_samples": 50,
  "di_mean_global": 0.08147449342258221,
  "di_ci_width": 0.3754552466848391,
  "eeff_mean_gpa": 0.5,
  "eeff_ci_width_gpa": 0.0,
  "epg_mean_pa": 998.7056128375139,
  "epg_ci_width_pa": 1.380538135469067,
  "evir_mean_pa": 998.1887213177829,
  "evir_ci_width_pa": 1.9180231811148132,
  "timing_s": 2243.4
}