{
  "n_obs": 6,
  "n_species": 5,
  "rmse_per_species": [
    1.1568065727545793,
    1.674842443751647,
    10.575019806566967,
    3.4630303944187144,
    4.516058920571114
  ],
  "mae_per_species": [
    0.6158558157889621,
    1.312657694178735,
    10.49186311646477,
    2.8381991457772138,
    3.989533433084635
  ],
  "rmse_total": 5.447232513013955,
  "mae_total": 3.849621841058863,
  "max_abs": 12.553085102974903
}
