{
  "condition": "dysbiotic_hobic",
  "n_samples": 50,
  "di_mean_global": 0.052638259523635524,
  "di_ci_width": 0.027375461950039908,
  "eeff_mean_gpa": 0.5,
  "eeff_ci_width_gpa": 0.0,
  "epg_mean_pa": 998.584102643992,
  "epg_ci_width_pa": 0.4462115943833655,
  "evir_mean_pa": 998.0167074696927,
  "evir_ci_width_pa": 0.5718993810233326,
  "timing_s": 2472.3
}