{
  "a11": {
    "spearman_di_mean": 0.18924369747899158,
    "p_value_mean": 0.18809372129698157,
    "spearman_di_max": 0.19558223289315724,
    "p_value_max": 0.17345576439951613
  },
  "a12": {
    "spearman_di_mean": 0.23409363745498196,
    "p_value_mean": 0.1017874113284312,
    "spearman_di_max": 0.28672268907563025,
    "p_value_max": 0.043512116592930535
  },
  "a22": {
    "spearman_di_mean": -0.18732292917166865,
    "p_value_mean": 0.19269881749080636,
    "spearman_di_max": -0.1707082833133253,
    "p_value_max": 0.23590548137435993
  },
  "b1": {
    "spearman_di_mean": -0.4224249699879952,
    "p_value_mean": 0.002243976528421662,
    "spearman_di_max": -0.4520048019207683,
    "p_value_max": 0.000983383605130911
  },
  "b2": {
    "spearman_di_mean": -0.5079951980792317,
    "p_value_mean": 0.00016590069484325546,
    "spearman_di_max": -0.49224489795918364,
    "p_value_max": 0.00028235421578066104
  },
  "a33": {
    "spearman_di_mean": -0.16821128451380551,
    "p_value_mean": 0.24293095927614594,
    "spearman_di_max": -0.15937575030012002,
    "p_value_max": 0.26892678323880426
  },
  "a34": {
    "spearman_di_mean": 0.3202400960384153,
    "p_value_mean": 0.023375692955270196,
    "spearman_di_max": 0.3433853541416566,
    "p_value_max": 0.014629222675620335
  },
  "a44": {
    "spearman_di_mean": -0.12096038415366145,
    "p_value_mean": 0.4027250580268727,
    "spearman_di_max": -0.15418967587034815,
    "p_value_max": 0.28501618282802504
  },
  "b3": {
    "spearman_di_mean": 0.4659303721488595,
    "p_value_mean": 0.000649580825043344,
    "spearman_di_max": 0.4181992797118847,
    "p_value_max": 0.0025098305151850606
  },
  "b4": {
    "spearman_di_mean": 0.20864345738295315,
    "p_value_mean": 0.14592574953262727,
    "spearman_di_max": 0.30420168067226894,
    "p_value_max": 0.03172856606378051
  },
  "a13": {
    "spearman_di_mean": -0.1228811524609844,
    "p_value_mean": 0.3952402897023939,
    "spearman_di_max": -0.09378151260504201,
    "p_value_max": 0.5171189242018246
  },
  "a14": {
    "spearman_di_mean": -0.03567827130852341,
    "p_value_mean": 0.80569711752297,
    "spearman_di_max": -0.029243697478991592,
    "p_value_max": 0.8402317555756763
  },
  "a23": {
    "spearman_di_mean": -0.031164465786314523,
    "p_value_mean": 0.8298885741693174,
    "spearman_di_max": -0.05258103241296518,
    "p_value_max": 0.7168655353747643
  },
  "a24": {
    "spearman_di_mean": 0.1640816326530612,
    "p_value_mean": 0.2548599060891814,
    "spearman_di_max": 0.15755102040816327,
    "p_value_max": 0.274517537639061
  },
  "a55": {
    "spearman_di_mean": -0.09070828331332531,
    "p_value_mean": 0.53100340222848,
    "spearman_di_max": -0.10376950780312125,
    "p_value_max": 0.4732865797814025
  },
  "b5": {
    "spearman_di_mean": -0.17963985594237694,
    "p_value_mean": 0.21192061160405876,
    "spearman_di_max": -0.1896278511404562,
    "p_value_max": 0.18718221890648906
  },
  "a15": {
    "spearman_di_mean": -0.07543817527010806,
    "p_value_mean": 0.6025900840195815,
    "spearman_di_max": -0.07505402160864347,
    "p_value_max": 0.6044439864509824
  },
  "a25": {
    "spearman_di_mean": -0.33695078031212483,
    "p_value_mean": 0.01672156989283444,
    "spearman_di_max": -0.30804321728691475,
    "p_value_max": 0.029530773034218565
  },
  "a35": {
    "spearman_di_mean": -0.00312124849939976,
    "p_value_mean": 0.982836936740475,
    "spearman_di_max": 0.02040816326530612,
    "p_value_max": 0.8881289642599213
  },
  "a45": {
    "spearman_di_mean": -0.1289315726290516,
    "p_value_mean": 0.3722014419914518,
    "spearman_di_max": -0.11308523409363744,
    "p_value_max": 0.4342607576901673
  },
  "_ranking": [
    "b2",
    "b3",
    "b1",
    "a25",
    "a34"
  ]
}