{
  "n_obs": 501,
  "n_species": 2,
  "rmse_per_species": [
    0.06315998839333448,
    0.045764406177240015
  ],
  "mae_per_species": [
    0.05738872433824911,
    0.04345176400756219
  ],
  "rmse_total": 0.0551523571871663,
  "mae_total": 0.05042024417290566,
  "max_abs": 0.11074723672233604
}
