{
  "n_obs": 20,
  "n_species": 5,
  "rmse_per_species": [
    0.010972354127104086,
    0.01180340698814861,
    0.01210480889575053,
    0.005690887291395347,
    0.03190783527946611
  ],
  "mae_per_species": [
    0.009957348467380795,
    0.010530168137737422,
    0.01074581151502957,
    0.005519531943911587,
    0.02746372880588477
  ],
  "rmse_total": 0.017068892878016443,
  "mae_total": 0.01284331777398883,
  "max_abs": 0.05526989483116973
}
