{
  "a11": {
    "spearman_di_mean": 0.20605042016806724,
    "p_value_mean": 0.15111570419875842,
    "spearman_di_max": 0.18914765906362543,
    "p_value_max": 0.1883220915630907
  },
  "a12": {
    "spearman_di_mean": -0.029627851140456178,
    "p_value_mean": 0.8381609225627792,
    "spearman_di_max": -0.014261704681872748,
    "p_value_max": 0.9216942799647057
  },
  "a22": {
    "spearman_di_mean": 0.24581032412965184,
    "p_value_mean": 0.08530715520947132,
    "spearman_di_max": 0.26357743097238895,
    "p_value_max": 0.06438731781657148
  },
  "b1": {
    "spearman_di_mean": -0.5392076830732293,
    "p_value_mean": 5.338451183941627e-05,
    "spearman_di_max": -0.5615846338535414,
    "p_value_max": 2.2042754963717962e-05
  },
  "b2": {
    "spearman_di_mean": -0.6048019207683073,
    "p_value_mean": 3.2895652243356943e-06,
    "spearman_di_max": -0.5853061224489795,
    "p_value_max": 8.02592106961544e-06
  },
  "a33": {
    "spearman_di_mean": 0.1249939975990396,
    "p_value_mean": 0.3871018342489891,
    "spearman_di_max": 0.13085234093637454,
    "p_value_max": 0.3650596792576871
  },
  "a34": {
    "spearman_di_mean": 0.20566626650660264,
    "p_value_mean": 0.15189602323999288,
    "spearman_di_max": 0.2053781512605042,
    "p_value_max": 0.1524832092145857
  },
  "a44": {
    "spearman_di_mean": -0.05238895558223289,
    "p_value_mean": 0.717856869507614,
    "spearman_di_max": -0.030012004801920768,
    "p_value_max": 0.8360911744142365
  },
  "b3": {
    "spearman_di_mean": 0.4959903961584634,
    "p_value_mean": 0.0002493930880534503,
    "spearman_di_max": 0.4606482593037215,
    "p_value_max": 0.000761796282856406
  },
  "b4": {
    "spearman_di_mean": 0.0035054021608643456,
    "p_value_mean": 0.9807249358896529,
    "spearman_di_max": 0.08024009603841536,
    "p_value_max": 0.579628895006017
  },
  "a13": {
    "spearman_di_mean": -0.23476590636254502,
    "p_value_mean": 0.10077995720286766,
    "spearman_di_max": -0.25618247298919566,
    "p_value_max": 0.0725317724718203
  },
  "a14": {
    "spearman_di_mean": -0.2557022809123649,
    "p_value_mean": 0.07308763687243035,
    "spearman_di_max": -0.2252581032412965,
    "p_value_max": 0.1157609592220977
  },
  "a23": {
    "spearman_di_mean": 0.169171668667467,
    "p_value_mean": 0.24021218821931492,
    "spearman_di_max": 0.18127250900360142,
    "p_value_max": 0.2077278415810978
  },
  "a24": {
    "spearman_di_mean": -0.03346938775510204,
    "p_value_mean": 0.8175144823680135,
    "spearman_di_max": -0.07745498199279711,
    "p_value_max": 0.592898065755835
  },
  "a55": {
    "spearman_di_mean": -0.10434573829531814,
    "p_value_mean": 0.47081970656361094,
    "spearman_di_max": -0.12710684273709483,
    "p_value_max": 0.3790631974221936
  },
  "b5": {
    "spearman_di_mean": 0.05987995198079231,
    "p_value_mean": 0.6795503181579455,
    "spearman_di_max": 0.031644657863145256,
    "p_value_max": 0.8273071614491648
  },
  "a15": {
    "spearman_di_mean": 0.23159663865546215,
    "p_value_mean": 0.1055974699468301,
    "spearman_di_max": 0.22823529411764704,
    "p_value_max": 0.11089823095836394
  },
  "a25": {
    "spearman_di_mean": -0.15956782713085235,
    "p_value_mean": 0.26834271856772207,
    "spearman_di_max": -0.12547418967587035,
    "p_value_max": 0.38526608807851553
  },
  "a35": {
    "spearman_di_mean": 0.18674669867947177,
    "p_value_mean": 0.1940958599328091,
    "spearman_di_max": 0.16494597839135652,
    "p_value_max": 0.2523310932857103
  },
  "a45": {
    "spearman_di_mean": 0.15486194477791115,
    "p_value_mean": 0.2828957039053182,
    "spearman_di_max": 0.16677070828331333,
    "p_value_max": 0.2470482604616649
  },
  "_ranking": [
    "b2",
    "b1",
    "b3",
    "a14",
    "a22"
  ]
}
