{
  "commensal_static": {
    "condition": "commensal_static",
    "n_samples": 50,
    "di_mean_global": 0.05281152311802414,
    "di_ci_width": 0.010765032067984652,
    "eeff_mean_gpa": 0.5,
    "eeff_ci_width_gpa": 0.0,
    "epg_mean_pa": 998.5696371439449,
    "epg_ci_width_pa": 0.1632489098379824,
    "evir_mean_pa": 998.0112813297376,
    "evir_ci_width_pa": 0.21631919183308013,
    "timing_s": 2281.7
  },
  "dh_baseline": {
    "condition": "dh_baseline",
    "n_samples": 50,
    "di_mean_global": 0.08147449342258221,
    "di_ci_width": 0.3754552466848391,
    "eeff_mean_gpa": 0.5,
    "eeff_ci_width_gpa": 0.0,
    "epg_mean_pa": 998.7056128375139,
    "epg_ci_width_pa": 1.380538135469067,
    "evir_mean_pa": 998.1887213177829,
    "evir_ci_width_pa": 1.9180231811148132,
    "timing_s": 2243.4
  },
  "dysbiotic_hobic": {
    "condition": "dysbiotic_hobic",
    "n_samples": 50,
    "di_mean_global": 0.052638259523635524,
    "di_ci_width": 0.027375461950039908,
    "eeff_mean_gpa": 0.5,
    "eeff_ci_width_gpa": 0.0,
    "epg_mean_pa": 998.584102643992,
    "epg_ci_width_pa": 0.4462115943833655,
    "evir_mean_pa": 998.0167074696927,
    "evir_ci_width_pa": 0.5718993810233326,
    "timing_s": 2472.3
  }
}