{
  "a11": {
    "spearman_di_mean": 0.028236650019208602,
    "p_value_mean": 0.8456654336639602,
    "spearman_di_max": 0.10545524394928928,
    "p_value_max": 0.4660892718866852
  },
  "a12": {
    "spearman_di_mean": 0.17729542835190162,
    "p_value_mean": 0.21804427854986125,
    "spearman_di_max": 0.12245485977718018,
    "p_value_max": 0.39689437892180385
  },
  "a22": {
    "spearman_di_mean": 0.04600461006530926,
    "p_value_mean": 0.7510600381250248,
    "spearman_di_max": 0.031886285055704955,
    "p_value_max": 0.8260089051369838
  },
  "b1": {
    "spearman_di_mean": -0.46081444487130235,
    "p_value_mean": 0.0007580159543891954,
    "spearman_di_max": -0.47281982328082983,
    "p_value_max": 0.0005256356701061108
  },
  "b2": {
    "spearman_di_mean": -0.5009604302727622,
    "p_value_mean": 0.00021104962152743243,
    "spearman_di_max": -0.4221091048789858,
    "p_value_max": 0.0022629476114736998
  },
  "a33": {
    "spearman_di_mean": -0.021225509028044563,
    "p_value_mean": 0.8836788139169114,
    "spearman_di_max": -0.016519400691509797,
    "p_value_max": 0.9093463588313976
  },
  "a34": {
    "spearman_di_mean": -0.005762581636573184,
    "p_value_mean": 0.9683185224764944,
    "spearman_di_max": -0.0011525163273146371,
    "p_value_max": 0.9936621558249252
  },
  "a44": {
    "spearman_di_mean": -0.040818286592393394,
    "p_value_mean": 0.7783684085185615,
    "spearman_di_max": -0.08557433730311179,
    "p_value_max": 0.5545990009423553
  },
  "b3": {
    "spearman_di_mean": 0.30493661160199764,
    "p_value_mean": 0.031297909090337785,
    "spearman_di_max": 0.17998463311563578,
    "p_value_max": 0.21103030499115408
  },
  "b4": {
    "spearman_di_mean": 0.06751824817518248,
    "p_value_mean": 0.6412993247626234,
    "spearman_di_max": 0.1581828659239339,
    "p_value_max": 0.27257300443320487
  },
  "a13": {
    "spearman_di_mean": 0.133307721859393,
    "p_value_mean": 0.3560517846938124,
    "spearman_di_max": 0.10334229734921245,
    "p_value_max": 0.47511992535443964
  },
  "a14": {
    "spearman_di_mean": -0.09229734921244719,
    "p_value_mean": 0.523801392123847,
    "spearman_di_max": -0.090472531694199,
    "p_value_max": 0.5320760107590861
  },
  "a23": {
    "spearman_di_mean": 0.008643872454859779,
    "p_value_mean": 0.952492900125823,
    "spearman_di_max": 0.11995774106799846,
    "p_value_max": 0.4066645674865853
  },
  "a24": {
    "spearman_di_mean": -0.025739531310026893,
    "p_value_mean": 0.8591692029743233,
    "spearman_di_max": -0.05666538609296966,
    "p_value_max": 0.6958972876425793
  },
  "a55": {
    "spearman_di_mean": -0.10737610449481368,
    "p_value_mean": 0.4579603675423682,
    "spearman_di_max": -0.07837111025739531,
    "p_value_max": 0.5885184743625851
  },
  "b5": {
    "spearman_di_mean": 0.29898194391087207,
    "p_value_mean": 0.03493090551979079,
    "spearman_di_max": 0.24500576258163656,
    "p_value_max": 0.08636740325618436
  },
  "a15": {
    "spearman_di_mean": 0.18910872070687668,
    "p_value_mean": 0.1884147397000104,
    "spearman_di_max": 0.2908182865923934,
    "p_value_max": 0.040471756731601985
  },
  "a25": {
    "spearman_di_mean": 0.14502497118709182,
    "p_value_mean": 0.31495989591914986,
    "spearman_di_max": 0.1225509028044564,
    "p_value_max": 0.39652136289382806
  },
  "a35": {
    "spearman_di_mean": 0.14137533615059547,
    "p_value_mean": 0.32742183093106003,
    "spearman_di_max": 0.04927007299270073,
    "p_value_max": 0.734017188962578
  },
  "a45": {
    "spearman_di_mean": 0.256530925854783,
    "p_value_mean": 0.07213050990804726,
    "spearman_di_max": 0.25461006530925856,
    "p_value_max": 0.07436454076989558
  },
  "_ranking": [
    "b2",
    "b1",
    "b3",
    "b5",
    "a45"
  ]
}
