{
  "Commensal_Static": {
    "a_ij_pred": [
      -1.0,
      -1.0,
      0.0,
      0.0,
      0.0
    ],
    "a_ij_free": [
      true,
      true,
      false,
      false,
      false
    ],
    "active_theta_idx": [
      1,
      10,
      11,
      18,
      19
    ],
    "edge_names": [
      "a01(So\u2192An)",
      "a02(So\u2192Vd)",
      "a03(So\u2192Fn)",
      "a24(Vd\u2192Pg)",
      "a34(Fn\u2192Pg)"
    ],
    "phi_mean": [
      0.1597999930381775,
      0.0406000018119812,
      0.1252666711807251,
      0.0016083333175629377,
      0.0016083333175629377
    ],
    "phi_std": [
      0.06766604632139206,
      0.03351492062211037,
      0.10143350064754486,
      0.00023877581406850368,
      0.00023877581406850368
    ],
    "phi_final": [
      0.09799999743700027,
      0.09799999743700027,
      0.08399999886751175,
      0.00139999995008111,
      0.00139999995008111
    ]
  },
  "Commensal_HOBIC": {
    "a_ij_pred": [
      -0.8104093074798584,
      0.2917727530002594,
      1.0,
      0.0,
      -0.3372766971588135
    ],
    "a_ij_free": [
      true,
      true,
      true,
      false,
      true
    ],
    "active_theta_idx": [
      1,
      10,
      11,
      18,
      19
    ],
    "edge_names": [
      "a01(So\u2192An)",
      "a02(So\u2192Vd)",
      "a03(So\u2192Fn)",
      "a24(Vd\u2192Pg)",
      "a34(Fn\u2192Pg)"
    ],
    "phi_mean": [
      0.19249999523162842,
      0.044191665947437286,
      0.0719333365559578,
      0.009533333592116833,
      0.0016166666755452752
    ],
    "phi_std": [
      0.08374863117933273,
      0.041016463190317154,
      0.03671996295452118,
      0.018102340400218964,
      0.0005835713818669319
    ],
    "phi_final": [
      0.16200000047683716,
      0.09000000357627869,
      0.09000000357627869,
      0.0017999999690800905,
      0.0017999999690800905
    ]
  },
  "Dysbiotic_Static": {
    "a_ij_pred": [
      0.467750608921051,
      -0.9420976638793945,
      1.0,
      0.0,
      1.0
    ],
    "a_ij_free": [
      true,
      true,
      true,
      true,
      true
    ],
    "active_theta_idx": [
      1,
      10,
      11,
      18,
      19
    ],
    "edge_names": [
      "a01(So\u2192An)",
      "a02(So\u2192Vd)",
      "a03(So\u2192Fn)",
      "a24(Vd\u2192Pg)",
      "a34(Fn\u2192Pg)"
    ],
    "phi_mean": [
      0.01484999991953373,
      0.029750000685453415,
      0.22526666522026062,
      0.06159999966621399,
      0.08676666766405106
    ],
    "phi_std": [
      0.020243825390934944,
      0.02316202037036419,
      0.028008729219436646,
      0.04273562133312225,
      0.046337950974702835
    ],
    "phi_final": [
      0.005499999970197678,
      0.07699999958276749,
      0.20900000631809235,
      0.12099999934434891,
      0.16500000655651093
    ]
  },
  "Dysbiotic_HOBIC": {
    "a_ij_pred": [
      0.6220921277999878,
      -0.14068996906280518,
      0.9115714430809021,
      3.1216979026794434,
      1.8701796531677246
    ],
    "a_ij_free": [
      true,
      true,
      true,
      true,
      true
    ],
    "active_theta_idx": [
      1,
      10,
      11,
      18,
      19
    ],
    "edge_names": [
      "a01(So\u2192An)",
      "a02(So\u2192Vd)",
      "a03(So\u2192Fn)",
      "a24(Vd\u2192Pg)",
      "a34(Fn\u2192Pg)"
    ],
    "phi_mean": [
      0.02914999984204769,
      0.10191666334867477,
      0.3789166808128357,
      0.05959999933838844,
      0.021849999204277992
    ],
    "phi_std": [
      0.025302421301603317,
      0.08432398736476898,
      0.16188329458236694,
      0.0682767927646637,
      0.03867859020829201
    ],
    "phi_final": [
      0.006000000052154064,
      0.20999999344348907,
      0.15000000596046448,
      0.18000000715255737,
      0.1080000028014183
    ]
  }
}