{
  "Commensal_Static": {
    "theta_mu": [
      -1.0,
      -1.0,
      -1.0,
      0.0,
      0.0,
      -1.0,
      0.0,
      0.0,
      0.0,
      0.0,
      -1.0,
      0.0,
      -1.0,
      0.0,
      0.0,
      0.0,
      0.0,
      0.0,
      0.0,
      0.0
    ],
    "theta_sigma": [
      0.006737946532666683,
      0.006737946532666683,
      0.006737946532666683,
      0.006737946532666683,
      0.006737946532666683,
      0.006737946532666683,
      1000000.0,
      1000000.0,
      0.006737946532666683,
      1000000.0,
      0.006737946532666683,
      1000000.0,
      0.006737946532666683,
      1000000.0,
      1000000.0,
      1000000.0,
      1000000.0,
      1000000.0,
      1000000.0,
      1000000.0
    ],
    "theta_free": [
      true,
      true,
      true,
      true,
      true,
      true,
      false,
      false,
      true,
      false,
      true,
      false,
      true,
      false,
      false,
      false,
      false,
      false,
      false,
      false
    ],
    "param_names": [
      "mu_So",
      "a_So_An",
      "mu_An",
      "b_So",
      "b_An",
      "mu_Vd",
      "a_An_Vd",
      "a_Vd_An",
      "b_Vd",
      "a_An_Fn",
      "a_So_Vd",
      "a_So_Fn",
      "mu_Fn",
      "a_Fn_An",
      "a_Vd_Fn",
      "b_Fn",
      "mu_Pg",
      "a_Fn_Vd",
      "a_Vd_Pg",
      "a_Fn_Pg"
    ],
    "model_version": "v2",
    "model_type": "gnn",
    "a_ij_pred": [
      -1.0,
      -1.0,
      0.0,
      0.0,
      0.0
    ],
    "a_ij_free": [
      true,
      true,
      false,
      false,
      false
    ],
    "active_theta_idx": [
      1,
      10,
      11,
      18,
      19
    ],
    "edge_names": [
      "a01(So\u2192An)",
      "a02(So\u2192Vd)",
      "a03(So\u2192Fn)",
      "a24(Vd\u2192Pg)",
      "a34(Fn\u2192Pg)"
    ],
    "phi_mean": [
      0.1597999930381775,
      0.0406000018119812,
      0.1252666711807251,
      0.0016083333175629377,
      0.0016083333175629377
    ],
    "phi_std": [
      0.06766604632139206,
      0.03351492062211037,
      0.10143350064754486,
      0.00023877581406850368,
      0.00023877581406850368
    ],
    "phi_final": [
      0.09799999743700027,
      0.09799999743700027,
      0.08399999886751175,
      0.00139999995008111,
      0.00139999995008111
    ]
  },
  "Commensal_HOBIC": {
    "theta_mu": [
      -1.0,
      -1.0,
      -1.0,
      1.0,
      0.0,
      -1.0,
      0.0,
      -1.0,
      0.0,
      0.0,
      -1.0,
      -1.0,
      0.0,
      0.0,
      -1.0,
      0.0,
      0.0,
      0.0,
      0.0,
      -1.0
    ],
    "theta_sigma": [
      0.006737946532666683,
      0.006737946532666683,
      0.006737946532666683,
      0.006737946532666683,
      0.006737946532666683,
      0.006737946532666683,
      1000000.0,
      0.006737946532666683,
      0.006737946532666683,
      7.3890557289123535,
      0.006737946532666683,
      0.006737946532666683,
      1000000.0,
      1000000.0,
      0.006737946532666683,
      1000000.0,
      1000000.0,
      1000000.0,
      1000000.0,
      0.006737946532666683
    ],
    "theta_free": [
      true,
      true,
      true,
      true,
      true,
      true,
      false,
      true,
      true,
      true,
      true,
      true,
      false,
      false,
      true,
      false,
      false,
      false,
      false,
      true
    ],
    "param_names": [
      "mu_So",
      "a_So_An",
      "mu_An",
      "b_So",
      "b_An",
      "mu_Vd",
      "a_An_Vd",
      "a_Vd_An",
      "b_Vd",
      "a_An_Fn",
      "a_So_Vd",
      "a_So_Fn",
      "mu_Fn",
      "a_Fn_An",
      "a_Vd_Fn",
      "b_Fn",
      "mu_Pg",
      "a_Fn_Vd",
      "a_Vd_Pg",
      "a_Fn_Pg"
    ],
    "model_version": "v2",
    "model_type": "gnn",
    "a_ij_pred": [
      -1.0,
      -1.0,
      -1.0,
      0.0,
      -1.0
    ],
    "a_ij_free": [
      true,
      true,
      true,
      false,
      true
    ],
    "active_theta_idx": [
      1,
      10,
      11,
      18,
      19
    ],
    "edge_names": [
      "a01(So\u2192An)",
      "a02(So\u2192Vd)",
      "a03(So\u2192Fn)",
      "a24(Vd\u2192Pg)",
      "a34(Fn\u2192Pg)"
    ],
    "phi_mean": [
      0.19249999523162842,
      0.044191665947437286,
      0.0719333365559578,
      0.009533333592116833,
      0.0016166666755452752
    ],
    "phi_std": [
      0.08374863117933273,
      0.041016463190317154,
      0.03671996295452118,
      0.018102340400218964,
      0.0005835713818669319
    ],
    "phi_final": [
      0.16200000047683716,
      0.09000000357627869,
      0.09000000357627869,
      0.0017999999690800905,
      0.0017999999690800905
    ]
  },
  "Dysbiotic_Static": {
    "theta_mu": [
      -1.0,
      -1.0,
      -1.0,
      0.0,
      0.0,
      1.0,
      0.0,
      -1.0,
      0.0,
      0.0,
      -1.0,
      -1.0,
      0.0,
      0.0,
      -1.0,
      0.20000000298023224,
      0.0,
      0.0,
      -3.0,
      -1.0
    ],
    "theta_sigma": [
      0.006737946532666683,
      0.006737946532666683,
      0.006737946532666683,
      0.006737946532666683,
      0.006737946532666683,
      0.006737946532666683,
      1000000.0,
      0.006737946532666683,
      0.006737946532666683,
      7.3890557289123535,
      0.006737946532666683,
      0.006737946532666683,
      1000000.0,
      1000000.0,
      0.006737946532666683,
      7.3890557289123535,
      1000000.0,
      1000000.0,
      0.006737946532666683,
      0.006737946532666683
    ],
    "theta_free": [
      true,
      true,
      true,
      true,
      true,
      true,
      false,
      true,
      true,
      true,
      true,
      true,
      false,
      false,
      true,
      true,
      false,
      false,
      true,
      true
    ],
    "param_names": [
      "mu_So",
      "a_So_An",
      "mu_An",
      "b_So",
      "b_An",
      "mu_Vd",
      "a_An_Vd",
      "a_Vd_An",
      "b_Vd",
      "a_An_Fn",
      "a_So_Vd",
      "a_So_Fn",
      "mu_Fn",
      "a_Fn_An",
      "a_Vd_Fn",
      "b_Fn",
      "mu_Pg",
      "a_Fn_Vd",
      "a_Vd_Pg",
      "a_Fn_Pg"
    ],
    "model_version": "v2",
    "model_type": "gnn",
    "a_ij_pred": [
      -1.0,
      -1.0,
      -1.0,
      -3.0,
      -1.0
    ],
    "a_ij_free": [
      true,
      true,
      true,
      true,
      true
    ],
    "active_theta_idx": [
      1,
      10,
      11,
      18,
      19
    ],
    "edge_names": [
      "a01(So\u2192An)",
      "a02(So\u2192Vd)",
      "a03(So\u2192Fn)",
      "a24(Vd\u2192Pg)",
      "a34(Fn\u2192Pg)"
    ],
    "phi_mean": [
      0.01484999991953373,
      0.029750000685453415,
      0.22526666522026062,
      0.06159999966621399,
      0.08676666766405106
    ],
    "phi_std": [
      0.020243825390934944,
      0.02316202037036419,
      0.028008729219436646,
      0.04273562133312225,
      0.046337950974702835
    ],
    "phi_final": [
      0.005499999970197678,
      0.07699999958276749,
      0.20900000631809235,
      0.12099999934434891,
      0.16500000655651093
    ]
  },
  "Dysbiotic_HOBIC": {
    "theta_mu": [
      2.1112940311431885,
      1.3311617374420166,
      1.912222146987915,
      1.3891032934188843,
      0.7573622465133667,
      3.0650317668914795,
      1.4938616752624512,
      2.4739272594451904,
      0.392181396484375,
      0.8772324919700623,
      0.0210600346326828,
      1.2236363887786865,
      2.5339064598083496,
      1.3448643684387207,
      1.0797064304351807,
      0.102649986743927,
      0.9508814215660095,
      0.7887650728225708,
      1.5248217582702637,
      1.8014858961105347
    ],