{
  "n_obs": 501,
  "n_species": 5,
  "rmse_per_species": [
    0.04570123267077268,
    0.05319835995821756,
    0.05883614759462895,
    0.04506968482648449,
    0.03864095325819339
  ],
  "mae_per_species": [
    0.04326409354504818,
    0.04959817879994383,
    0.05424865019943767,
    0.042898666020000295,
    0.037342212038627025
  ],
  "rmse_total": 0.04879500013876357,
  "mae_total": 0.045470360120611404,
  "max_abs": 0.09025815218349739
}
