time,sp1,sp2
0.0,0.020973428306022467,0.019703471397657633
1e-05,0.01727133707999671,0.016987688274193603
2e-05,0.01255977022054481,0.009372367831989923
3.0000000000000004e-05,0.013895392718532965,0.008519035895594471
4e-05,0.00796768253034628,0.006059955369446396
5e-05,0.006494851490226063,0.0026304542805886027
6.000000000000001e-05,0.006689531027445367,-0.001241074079249259
7.000000000000001e-05,0.001754405271782041,0.0008240883873317213
8e-05,0.0023523467064704776,0.002210379101051844
9e-05,0.0018816022044695797,-0.0014229104942595815
0.0001,0.006073018717333466,0.0008720513903642611
0.00011,0.002829903067835492,-0.0015571909919739819
0.00012000000000000002,0.0012569928147321205,0.0015024583590632834
0.00013000000000000002,-0.00021754627191845032,0.0020282729211988193
0.00014000000000000001,0.0006977744176349444,0.000692985581142811
0.00015000000000000001,0.0005713638558789119,0.004981770671726078
0.00016,0.0016686304736447397,-0.0008367833906265598
0.00017,0.0032923571260720695,-0.0011613589372655763
0.00018,0.0020364261202840644,-0.002637194713991566
0.00019,-0.0010540345716562867,0.0016777484635248161
0.0002,0.0030702482161272583,0.0016286749526807035
0.00021,0.0013573425747739267,0.0006856591628783984
0.00022,-0.0013705267980640434,-0.00014988664712923898
0.00023,0.0006646138486843347,0.003405983637386326
0.00024000000000000003,0.002273379301411872,-0.0022324042923396203
0.00025,0.002235078287977818,0.0005254460757709523
0.00026000000000000003,0.00023414046841344028,0.002520894624158442
0.00027,0.0036512419802608516,0.003162029877151246
0.00028000000000000003,-8.78203383546871e-05,0.0006829682450081807
0.00029,0.002254585016956147,0.0032544021263081766
0.00030000000000000003,0.0006352004257900983,0.0009339081118341134
0.00031,-0.0006175974320838866,-0.001085277820542268
0.00032,0.00322167198591733,0.004021519900440475
0.00033000000000000005,0.0014541668428652902,0.0033180050131470544
0.00034,0.0023230414751005306,2.2593960667488923e-05
0.00035000000000000005,0.0023241563959931627,0.004390795664917327
0.00036,0.0015313207946054674,0.00444589365517108
0.00037000000000000005,-0.003634898807802497,0.0029622898603603757
0.00038,0.001780314060523752,0.0007223433085006995
0.00039000000000000005,0.0017913793042228165,-0.0026529120534754813
0.0004,0.0011701605093085055,0.0020383132571622897
0.00041000000000000005,0.0045669470819523095,0.0002894045562762415
0.00042,-4.165820800523887e-06,0.0003242822969189705
0.00043000000000000004,0.003445295242265268,0.0019871444834097243
0.00044,0.0005566470208360338,0.0023580174787972037
0.00045000000000000004,0.0018120053400636404,0.003270607393673853
0.00046,0.0002154328687178791,0.0006798223572050942
0.00047000000000000004,0.0008370171949078928,-0.0015900595812052528
0.00048000000000000007,0.0022151737726024863,0.0018608989427771317
0.0004900000000000001,0.0016348647791711098,0.000871426628106111
0.0005,-0.0012043943694890116,0.0005011171556072574
0.00051,0.0009426316158050537,-0.0002603454221928106
0.0005200000000000001,0.0013072067419112913,0.0021541065548928593
0.0005300000000000001,0.005403871174671485,0.0016969506048575991
0.00054,0.0021483247711790473,0.001200687703342849
0.00055,-0.0022025906821488157,0.0012983307639423756
0.0005600000000000001,0.0017571428094998894,0.006279616152181267
0.0005700000000000001,0.00125369373494357,0.001957994466253196
0.00058,0.0015707277946185752,-0.000980693986289079
0.00059,0.0039275347974036595,0.002862284926948796
0.0006000000000000001,0.003225692840719415,-0.0004586047966534876
0.0006100000000000001,0.00445095907833523,-0.0014417862679585952
0.00062,0.0028208276813471104,0.005744567362901123
0.00063,-0.00033221478798276015,0.00023279543130160733
0.00064,0.001849906103635108,0.0003601689045782993
0.0006500000000000001,-0.0014489770161276816,0.0015059700461475688
0.0006600000000000001,-0.0004705103217914129,0.002317747422072125
0.00067,-0.00018300348352646165,0.004472144435484217
0.00068,9.108673819285449e-05,0.0007298602785719947
0.0006900000000000001,0.0032863763994521213,-0.0010860429943422294
0.0007000000000000001,0.00211601063099367,0.003991668138330472
0.00071,-0.0015521268979425407,0.0017483420239807616
0.00072,0.0021843538440661117,0.002944406436226419
0.0007300000000000001,-0.0008075647387632114,-0.0012584714159995492
0.0007400000000000001,0.0027119678578894145,0.0019780870294152917
0.00075,0.0021708179654254638,0.002078684753916287
0.00076,0.00031152973703283803,0.0018519611846586756
0.0007700000000000001,0.002259470307191729,-3.9588762307856936e-05
0.0007800000000000001,0.005406619720243844,0.0023384350517997904
0.00079,-0.0007057919058565787,0.002705526441376325
0.0008,-0.00027080490768416517,0.0029682333489279246
0.0008100000000000001,0.003997491792989411,-0.0002456606492249598
0.0008200000000000001,0.003608793861820806,0.002222900641762576
0.0008300000000000001,0.0033279015696789727,0.005192554533812641
0.00084,0.0011947432574300962,-0.00010687897342922387
0.0008500000000000001,-9.177261788235525e-05,-0.00022940739562220952
0.0008600000000000001,0.0015347880087459357,0.0020861320013790753
0.0008700000000000001,0.0022441065719645426,0.003059804511920756
0.00088,0.0017184605906193408,0.0043141112412470005
0.0008900000000000001,0.0011648731930196119,0.006848981630539281
0.0009000000000000001,0.0029472497608087275,-0.0003040764413032996
0.0009100000000000001,-0.0004441436350996087,0.002376774066344931
0.00092,0.0012524401155176136,0.002841416004959186
0.00093,0.0026475632318455665,0.0012693382153887676
0.0009400000000000001,9.220758899108807e-06,-0.0016131221153208404
0.0009500000000000001,0.000811496365831581,0.003130941511852432
0.0009600000000000001,0.0021344296448054484,-0.0010717667229064203
0.00097,0.0020543176577259197,0.002191907853752838
0.0009800000000000002,-5.804770063827904e-05,0.0017302809406857568
0.00099,0.0018277936460590026,-0.0008615568314483376
0.001,0.0024286575962949035,0.0025475012794158973
0.00101,0.0038808896166692393,0.003535080246319624
0.00102,-0.0010388498014979872,-0.0004466345429312167
0.00103,0.002748258785158746,0.002458122338339732
0.0010400000000000001,0.002749980416456791,0.00913754384820397
0.0010500000000000002,0.0028633603013020455,0.003704738134096019
0.0010600000000000002,0.00363127445371182,0.002737910925243293
0.00107,0.001094421464289236,0.0029545840400599386
0.00108,0.00018099590214138307,0.0009645211949566336
0.00109,0.000757602936193389,0.0016034151547552865
0.0011,0.0063593281623774475,-0.002293359358330119
0.00111,0.003104209678377887,-0.0017827608563110537
0.0011200000000000001,0.0007895010822177432,0.0036220676724556217
0.0011300000000000001,0.0018635975931032551,-0.0007098317268823629
0.0011400000000000002,0.00030610008102029346,0.0028063404599372867
0.0011500000000000002,0.0002776413639539899,0.0018815450814596854
0.00116,0.0018311825990754212,0.00014690597881174185
0.00117,0.0060295885357053505,0.0027194193461124797
0.00118,-0.0023069262496633654,0.0018259604382794394
0.00119,0.0004214416734161289,0.003159384889352112
0.0012000000000000001,0.00016162590294200034,0.001226507675400575
0.0012100000000000001,0.0027582917979479685,0.0031889492364610235
0.0012200000000000002,-0.0006506286439583056,0.0007898906409472175
0.0012300000000000002,0.0008017175355037465,0.00015368491007524722
0.00124,0.005284157671914182,0.002271753081038764
0.00125,-0.0007668806487913585,0.003298955881487888
0.00126,0.006000834747348251,0.003529600904026639
0.00127,-0.001280585469562821,0.0004976367227895492
0.00128,0.004293605876696188,5.219653555049871e-05
0.0012900000000000001,0.002649048549617914,0.0030182303070466847
0.0013000000000000002,-9.082814306693747e-05,0.0013513343789126634
0.0013100000000000002,-0.004717881788143847,-0.0005769711211729104
0.0013200000000000002,0.0012611336602551104,-0.0010223469303522665
0.00133,0.005032706615693328,-0.0013856518267802206
0.00134,0.0008894060481430035,0.001737519824466471
0.00135,0.004653649578027991,-0.0013942816249655553
0.00136,0.004099035443486849,0.0014993090950819932
0.0013700000000000001,-0.00018870746592718549,0.0024044465266227083
0.0013800000000000002,0.002174028079305477,0.0002811987593381467
0.0013900000000000002,0.00191710866289512,0.000712394606949669
0.0014000000000000002,0.0020061319391735098,0.0028086688089919453
0.00141,0.004952720586396946,-0.0009898414855165757
0.00142,0.006048340357644302,-0.0024170076213080715
0.00143,0.0014802870208029159,0.002665177290071397
0.00144,0.002347421497130139,0.0002445151907964037
0.0014500000000000001,0.0013707707602879035,0.0005052801884819936
0.0014600000000000001,0.0006098601956972519,0.003191850573139939
0.0014700000000000002,0.002504192080382403,0.00010818802357381754
0.0014800000000000002,0.0035909292098563897,0.002109963624161503
0.0014900000000000002,0.0034190190005961136,0.002755976187356279
0.0015,0.0001368670004328065,0.0003777069163306897
0.00151,0.003291003449660477,0.002720156612105377
0.00152,0.0017561692290452733,0.0017354145427085385
0.0015300000000000001,0.00435485534946249,0.00031895732250883315
0.0015400000000000001,0.00289527042769481,0.0010990517673961245
0.0015500000000000002,0.001367260336395337,0.0037023244149319836
0.0015600000000000002,0.003454999492070069,0.0031331203067395197
0.0015700000000000002,0.004416665437363937,0.001549435745209189
0.00158,0.003171151776526594,0.0008882182975868657
0.00159,0.002457113536144288,0.0012497861905560092
0.0016,0.002004304749379543,0.002701703596296944
0.00161,0.0001754004370053434,0.0056974781183312985
0.0016200000000000001,-0.00019866697454124925,-0.0009143628440152654
0.0016300000000000002,0.004131112526600811,0.0030986473946720775
0.0016400000000000002,0.0030646504164382133,0.0027733174784380955
0.0016500000000000002,0.0017934342565757307,-0.00027658098466187874
0.0016600000000000002,0.001971050961577312,0.00016490249605173092
0.00167,0.0037711923838760655,0.0012264061962031208
0.00168,0.00017146663033925096,0.0008790412122687933
0.00169,0.002649829080645186,0.00039565263931308167
0.0017000000000000001,0.00018102757681370493,0.0020117619468461383
0.0017100000000000001,0.002316900760234618,0.0005117838981467222
0.0017200000000000002,0.0008863873177362316,0.001991049811081819
0.0017300000000000002,-0.001066211375387403,-0.0012867009462164663
0.0017400000000000002,0.0003945593183299098,0.0011026059600943079
0.00175,0.0024547504268816293,0.004481483369206509
0.00176,0.003549739165704416,0.0012121615738538058
0.00177,0.001797869223119806,-0.0004717553545820522
0.0017800000000000001,0.001800354189922093,0.0009572478958425956
0.0017900000000000001,0.002484293516364507,-0.00011863784083740014
0.0018000000000000002,0.002879022476286328,0.004602557833853384
0.0018100000000000002,0.0016242793289617547,0.002341756517909079
0.0018200000000000002,0.0032235549210296336,0.0007371423152546413
0.0018300000000000002,0.0022929163544041678,0.0015660153804130759
0.00184,0.002041545190359427,-3.944519587622142e-06
0.00185,0.0018966721014902648,0.0025393132641689164
0.00186,0.004751394893502436,0.0034630971464028265
0.0018700000000000001,0.006156925691165887,1.1096374618719878e-05
0.0018800000000000002,0.003596652329226572,0.0019137087261407078
0.0018900000000000002,0.006233064391453734,-6.834141928019149e-05
0.0019000000000000002,0.00017545950771338044,0.0003506975340875373
0.0019100000000000002,-0.002391446383381327,0.000499197706114553
0.0019200000000000003,0.0003395188297322907,0.001852717511953799
0.00193,0.0025427324148095637,0.005305491085948113
0.00194,0.0037615016812752346,0.0004005588575569125
0.0019500000000000001,6.525544354414993e-05,0.00253941857986815
0.0019600000000000004,-0.0007769535982786332,0.005219709156800657
0.00197,0.004223818343439431,0.0006196490429367133
0.00198,-0.001559908404678209,0.004266951164801957
0.00199,0.001638700788366856,0.004036042470367746
0.002,-0.001319657730869852,0.0003628606043427412
0.00201,0.0018810993851214614,0.0016567700286462073
0.00202,0.0009718927414760604,0.0028097042967752915
0.00203,-0.00026180816711356895,0.0012804384660623869
0.00204,0.0021154302794630466,0.0025952655341768957
0.00205,0.003299472422494768,-0.0006817084489580451
0.00206,-0.0011905846902521139,0.004124114698557334
0.0020700000000000002,0.0025436699881105818,7.297073739837446e-05
0.0020800000000000003,0.004982741585458878,0.0018024733256995122
0.0020900000000000003,0.004240425037162129,0.001707338762499641
0.0021000000000000003,0.006004716925389809,0.005084158731815254
0.0021100000000000003,0.0013866805652376375,0.003517791711223687
0.0021200000000000004,0.0031767459361875233,0.004313083213164311
0.0021300000000000004,-4.247031262060905e-05,0.002949090844895869
0.00214,0.0040056055590283746,-0.0019393256713859457
0.00215,-0.0004763830493025045,-0.0024991481159683387
0.00216,0.0013526951204427034,0.0030155612625015
0.00217,0.0048975951381535765,0.0017298244080501532
0.00218,0.0051514818098035335,-0.0011774123763688448
0.00219,-0.0015111470265272633,0.001472848443196335
0.0022,0.002665113341163403,0.0015197052652577924
0.00221,-0.0022365396993569335,0.0014080032337736598
0.00222,-0.0007092349677594919,0.0029267346039980402
0.00223,0.0026342575418077125,-0.0002912262193840781
0.0022400000000000002,0.0008746817238799074,-0.0005287521790518089
0.0022500000000000003,0.0017784093742512202,0.003501098692756655
0.0022600000000000003,-6.633500360564253e-05,0.0026000439563620384
0.0022700000000000003,0.000845948891318619,7.339831811686457e-06
0.0022800000000000003,0.0016937479745760843,-0.00047626686923774985
0.0022900000000000004,0.000801852186315611,-0.0008004080113170784
0.0023000000000000004,0.005839940710135128,0.0016670026057234164
0.00231,0.0005123766290259495,0.00202556079141718
0.00232,0.001688506308386939,0.0011567849898158765
0.00233,0.00314282814127672,0.003114860589117011
0.00234,0.0008548223586510538,0.0004493274394482547
0.00235,0.0013670487600906279,-0.0030017618751469544
0.00236,-0.0011119048730824216,0.004336943314895745
0.00237,0.005209735380176557,0.001106234828825668
0.00238,0.003074234194602556,0.0022279171572893485
0.00239,0.008080199822674498,0.0038456744336804005
0.0024000000000000002,0.001667918590508209,-0.0003034506754917843
0.0024100000000000002,-0.0012878256604521986,0.0020156609145052617
0.0024200000000000003,0.000413676343407308,-0.0012346724873918316
0.0024300000000000003,0.0006345405751329257,-0.0005521619246820458
0.0024400000000000003,0.005303275787520198,0.0033753106185721036
0.0024500000000000004,0.0019143510809760513,0.004573014285569372
0.0024600000000000004,0.002086334505953727,-0.0001083496012207019
0.0024700000000000004,0.004979145261375224,0.002693129582457642
0.00248,-0.00014029828822315115,0.001235720741990646
0.00249,0.00018425213293338282,-0.0011481148419371773
0.0025,0.00378913606795574,0.0054374023508131
0.00251,-0.0008590641194287365,0.00274558993040377
0.00252,0.0006380736755952671,0.0006464810230698695
0.00253,0.0007558564894609562,-0.00010617145966029611
0.00254,0.0020389708645297123,-3.901389946388148e-05
0.00255,0.0024841222856066833,0.0015234843416521717
0.00256,0.0014665913285032653,-0.00019009455389269975
0.0025700000000000002,0.0007922213201194922,0.0031368854227845832
0.0025800000000000003,0.002948872694376928,-0.0003279393174233777
0.0025900000000000003,0.0021469750547033727,0.0031310116287929304
0.0026000000000000003,-0.0013892301988718489,0.0027160219941985684
0.0026100000000000003,0.0006256005677503383,0.002771561200149174
0.0026200000000000004,0.0004255953054805293,-0.001978340050143283
0.0026300000000000004,-0.0013017079057464844,0.0017286523759374305
0.0026400000000000004,0.0024740831512971347,-0.00017509438450814515
0.00265,0.0032330820774434162,-0.0016884468156987628
0.00266,0.0018249944166194845,-0.0007863865791546325
0.00267,0.0006547365020875199,0.001731493751212279
0.00268,0.0002388345483856592,0.000868633993238134
0.00269,0.003973497323830213,0.00048500810885628064
0.0027,0.003633544228837662,-0.0006195769939974787
0.00271,0.003023014540344607,0.004524016933330138
0.00272,-0.0029786387478209038,4.813027506991169e-05
0.0027300000000000002,0.0031200364704096484,0.0012368692331878822
0.0027400000000000002,0.002709423829653493,0.00043602698428664845
0.0027500000000000003,0.0021415494354883463,0.0013336783804237693
0.0027600000000000003,0.004305169679754889,0.0021549081801582924
0.0027700000000000003,0.002646044502200845,0.0008233443602799632
0.0027800000000000004,0.0009968582846740872,0.0007830118801887116
0.0027900000000000004,0.002762204512898405,0.0008071874294879866
0.0028000000000000004,0.0025540773851816887,0.0058009843033319
0.0028100000000000004,0.003718002476763375,0.000999160143795628
0.00282,0.004379404275312377,0.0008360791588738804
0.00283,-0.0020980513084345466,-0.00036292181796697366
0.00284,-0.0017621667720933796,0.0009512429443236275
0.00285,0.002017471120692921,0.005008161862458134
0.00286,0.0026357043937032705,0.0012181017300828042
0.00287,0.00364187409106553,-0.0027649540489481537
0.00288,0.0024555033332281295,0.003200058977019373
0.00289,-0.0009716889733515028,0.0039468469418389935
0.0029000000000000002,0.0026636836543443873,0.0008297715469511327
0.0029100000000000003,0.003253459919700741,0.006202739869938323
0.0029200000000000003,0.0023528320797276563,0.002158800373813119
0.0029300000000000003,0.0010715791936168504,-3.632621651517747e-05
0.0029400000000000003,0.003652172096780653,-4.780352691304652e-05
0.0029500000000000004,0.0021358304639476126,0.0007100491220790547
0.0029600000000000004,0.0029518532285235733,0.0023336864119851645
0.0029700000000000004,0.0040701671216271116,0.0006473258914416193
0.0029800000000000004,0.00145652909398678,-0.00028917394593754183
0.00299,0.0011088822580582309,0.002423947583685211
0.003,0.0035126339140758175,-0.00017399261658402818
0.00301,0.0037390545192418556,0.004382603512437721
0.00302,0.0028278965860972444,0.0054259075185141455
0.00303,0.00045463059110917303,-0.0008160070725488594
0.00304,-0.0015540511831350903,0.004666375746386017
0.00305,0.0033132990750432,0.0015641009260901825
0.0030600000000000002,0.002565681591524974,-0.0005747263205399789
0.0030700000000000002,0.006898423010112472,0.001935674012228366
0.0030800000000000003,0.0022268814940504477,0.003129743144766159
0.0030900000000000003,0.002971281370740008,0.0021269545750432694
0.0031000000000000003,0.0004294831537323511,0.0026230982574159145
0.0031100000000000004,0.0057756483762970694,0.004371975045534779
0.0031200000000000004,0.005199138123125461,0.0006596754101069217
0.0031300000000000004,3.471888998375118e-05,0.0014315031383822026
0.0031400000000000004,0.0021265401962370914,0.0038724286431703926
0.0031500000000000005,-0.0013686788597855257,0.004744113290961739
0.00316,0.0017013928235884504,0.0008322159822164024
0.00317,-5.643709290101967e-06,-0.0016227713212333976
0.00318,0.0036660608352543323,0.0018345402935995101
0.00319,-0.0005590492942283984,-0.0009012924058564872
0.0032,0.0013504541625976537,0.005027867416171483
0.00321,0.0015039901385256443,-0.0013155038591323473
0.00322,0.0015328342234281899,0.0011462910491893783
0.0032300000000000002,-0.0033683071875701314,0.0015841030631455336
0.0032400000000000003,0.0015647410270397206,0.003086058605031616
0.0032500000000000003,0.005725664514960482,0.003947727491228666
0.0032600000000000003,0.001491115436051217,-0.0005175043453732665
0.0032700000000000003,0.0071767511762120895,0.0018149328690748212
0.0032800000000000004,0.0020590271725045967,0.001649192850397505
0.0032900000000000004,0.002428473401522566,0.0014096677246212544
0.0033000000000000004,0.0008861134357759481,0.0006056146957312736
0.0033100000000000004,0.00196906276276774,0.0006134255771575873
0.0033200000000000005,0.0006100078814676624,0.0019140766330387295
0.00333,0.0015268734513796225,0.004710141735581531
0.00334,-0.003263984989597043,0.0038861075710365945
0.00335,0.004531250060484597,-0.0024427499553834036
0.00336,0.0013548278486994077,0.0009620839585683999
0.00337,-0.0007736986724232579,0.00015026604078032186
0.00338,-0.00017870696930085122,0.005211372577844775
0.0033900000000000002,0.0039149198426685575,0.004250872710982491
0.0034000000000000002,0.0034880238549593527,-0.0005494116311849445
0.0034100000000000003,0.0009967542061748798,0.002688368989486815
0.0034200000000000003,-0.0003973475202457659,0.0031365432539209193
0.0034300000000000003,0.0015673690125216557,0.0009618298809937569
0.0034400000000000003,0.003471049814568974,0.0026009218027320284
0.0034500000000000004,0.0013283059793746475,0.00403197705645499
0.0034600000000000004,-0.00011078154233249435,0.002946109525001509
0.0034700000000000004,0.0032386528051137225,0.0010960648903830814
0.0034800000000000005,0.0027058198898521693,-0.0007861513242867473
0.0034900000000000005,0.0039027098252549844,0.0013471882216801946
0.0035,0.00101031007793448,0.0038159262239384805
0.00351,0.0006481674660274268,-0.0010981009261688724
0.00352,-0.0010553063704594459,0.002931754085089203
0.00353,-0.0005018111922924788,0.005230233688676091
0.00354,-0.0021037173550426677,0.005114467834962991
0.00355,0.0024832687603198126,0.0015290372845530751
0.0035600000000000002,0.0009724864398793366,0.0025216427879867368
0.0035700000000000003,0.0019881444238265414,0.003930880020197887
0.0035800000000000003,0.002292956773954981,0.002025784126653601
0.0035900000000000003,0.0013383631380887962,0.0016121923592984214
0.0036000000000000003,0.0026822756292485296,-0.0016933515153794163
0.0036100000000000004,-0.0006286157756292669,0.0032144137860660683
0.0036200000000000004,0.0024105673752094904,0.0013608179229808548
0.0036300000000000004,0.002106784253769823,0.0024248456783136215
0.0036400000000000004,0.000991475379056547,0.0001739691675625931
0.0036500000000000005,0.002463762070271149,-0.0002252719026038057
0.0036600000000000005,0.002889652365259781,-0.0016727998335240265
0.00367,0.00413253190055885,0.002678454754728957
0.00368,0.0025873523498778613,0.0036995328699057925
0.00369,0.0054073125137048955,0.0037637808458340174
0.0037,-0.0016043156012683349,-0.0008232246977333917
0.00371,0.0008288634405802426,0.001788998566719282
0.00372,0.0031148848743012317,0.0002862147856078096
0.0037300000000000002,0.0024541651073541576,0.00022782121229718505
0.0037400000000000003,0.0008586592299073303,-0.0010738517277406902
0.0037500000000000003,0.0002362901184012403,-0.0009630166280946771
0.0037600000000000003,0.0001320704014051077,0.0038485170261104607
0.0037700000000000003,0.00018607795317984927,0.00700687714922209
0.0037800000000000004,0.003072568887557194,0.0021126635947835955
0.0037900000000000004,0.0003702734165511269,0.0031444881795279263
0.0038000000000000004,0.0009367677563997098,0.0019887638730392843
0.0038100000000000005,0.007209265462873706,0.0015534990212909487
0.0038200000000000005,0.00438869456650166,0.0003401393056415218
0.0038300000000000005,0.002021221015276795,0.005288965524664915
0.0038400000000000005,0.0008383125223735111,0.005373132233400147
0.00385,0.003508797714446865,0.0006241712002844032
0.00386,0.0033591550956920215,0.0036950820607681155
0.00387,0.003339003889047436,-0.0013896090899501367
0.00388,0.0006421525374904215,0.0012566690499962855
0.0038900000000000002,0.0019486015374496506,0.0029939152744783816
0.0039000000000000003,0.002453910490475191,-0.0009172540887204626
0.00391,0.0028599428744753683,0.0029754684636499663
0.003920000000000001,0.0032201653475022506,0.003916719567628145
0.00393,0.003769464639642622,0.002674378221439892
0.00394,0.001962323390645919,-0.0015650450506042384
0.00395,0.0029629243433263903,0.0021731097551120583
0.00396,0.002647877283775538,-0.0007949063916707461
0.0039700000000000004,-5.636314995641559e-05,0.003865751664538203
0.00398,0.002027668566080363,0.003123301373111293
0.0039900000000000005,0.002164443194733333,0.0018206651042951866
0.004,0.003985400253115777,0.0007299150460838549
0.0040100000000000005,0.0023020990279978442,0.0008383044364144339
0.00402,0.0012418884906928995,0.0011453601160785623
0.004030000000000001,0.00255617060296584,0.0008070553105407834
0.00404,0.004624436071876184,-2.3815014302725835e-05
0.004050000000000001,0.0017401999444986566,0.0008867833590102284
0.00406,0.005008917068835385,0.0021601997668760442
0.004070000000000001,0.004179667105720098,-0.001203186937355156
0.00408,0.0026510939486400226,0.003548037855084108
0.004090000000000001,0.0022825754531316457,0.00390057833300145
0.0041,0.0010844433036983586,0.004589152649834672
0.00411,0.006717827856154966,0.0010456197063621856
0.00412,0.0012300366508731285,0.00467890371404801
0.00413,0.005281194753658781,0.0007272515164602085
0.0041400000000000005,0.0012826842842983731,0.001210238045954979
0.00415,-0.0005648369555280737,-6.266205087369328e-05
0.0041600000000000005,0.00011678737681414166,0.00023988017935136106
0.00417,0.002056702679001894,0.0022447371346630334
0.0041800000000000006,0.005228075686474475,-0.0002195691557898764
0.00419,0.004096720452400763,0.0013499913928863635
0.004200000000000001,0.002030147902173659,0.003128437124339708
0.00421,-0.00011537034030363472,0.0025444455975136156
0.004220000000000001,0.002463975219765579,0.0027653555082042544
0.00423,0.002710403914697034,0.006691879048372344
0.004240000000000001,0.00085758120877437,0.0007201095636297119
0.00425,0.0008877734054899868,0.0006719728604992732
0.004260000000000001,0.0008602722192522104,0.00416178270969194
0.00427,0.004977045723613381,0.0006430785354561664
0.00428,0.0004723155771990703,0.002728222641361788
0.00429,0.0010335688763709564,0.0030520745032076363
0.0043,0.0025448479976419086,-0.0012444590864142905
0.0043100000000000005,0.005234998102799935,0.005379601705716903
0.00432,0.0009153948202623003,0.0010132593989320695
0.0043300000000000005,0.0027136862443432825,0.00245839120464339
0.00434,0.0034600260341368415,0.005810700757893461
0.004350000000000001,0.0017900238275841518,0.00019451020002485752
0.00436,-0.0006137406081603491,0.00033005657421654195
0.004370000000000001,0.0020796222425490296,0.00538184330558488
0.00438,0.001111630709383884,0.0022411133689037984
0.004390000000000001,0.0021149834167864603,0.004171132865388967
0.0044,0.007202668748039844,0.0007334165944563465
0.004410000000000001,0.0011708984880548516,0.0038842826883090575
0.00442,0.0035145326221183186,0.005490181354704144
0.004430000000000001,0.003319577079789939,0.0010789872690091101
0.00444,0.0033340002367997237,0.004015782340478278
0.00445,0.0037946236075832992,0.0028137259547079034
0.00446,0.004287976101113129,0.004138570774076166
0.00447,0.004919910991190218,0.0030982000596109687
0.0044800000000000005,0.0018223219495421782,0.0020950073421309306
0.00449,0.0045705399615650535,0.00016850730872434972
0.0045000000000000005,0.002895831385394815,0.0010164987070826604
0.00451,0.0022169359767492537,0.00436087674058263
0.004520000000000001,0.0025426048576669773,0.0018976418008772122
0.00453,-0.0005583463386957766,0.0032980705343427664
0.004540000000000001,0.0034532923614302995,0.006132866558095726
0.00455,0.0015477244227168209,0.0022454504904151082
0.004560000000000001,0.0026630039944386015,0.004962848135541837
0.00457,0.0019746001408717543,0.0023667753887142524
0.004580000000000001,0.003381937651242074,0.00218274036776838
0.00459,0.0012742296796923683,0.0021984909175368217
0.004600000000000001,0.004315311539590734,-0.00024193182792911754
0.00461,0.002434937376594285,0.00041164401188834173
0.00462,0.004560040135175462,-0.0012337022623667305
0.0046300000000000004,0.0010530508956342111,0.0025678802401509857
0.00464,0.00530288922854074,0.0016827399508977173
0.0046500000000000005,0.0010623875668263844,0.005577337637948034
0.00466,-0.0007222968570435688,-0.0025818063423607126
0.0046700000000000005,0.003054703044082947,0.0008124782425516072
0.00468,0.0001331505896757677,0.003234079757560428
0.004690000000000001,0.0026641586143629726,0.0006899888272708797
0.0047,-0.000383111761579786,0.0035638390279027184
0.004710000000000001,0.0034788381298011114,0.001621349985922613
0.00472,0.005872647396390386,-0.0003196914147780381
0.004730000000000001,-0.000870740411757687,0.0004374374474594596
0.00474,0.002090073321645942,0.002308707022858512
0.004750000000000001,0.0016997075644477892,0.00252691252455303
0.00476,-0.000319965937821522,0.004711103619967016
0.004770000000000001,0.002019742691812744,0.004058937830930261
0.00478,0.0028704267900628217,0.0027386234402733693
0.00479,0.0033254406201710758,0.0027213040371195643
0.0048000000000000004,0.003472280458536801,0.004484960975993603
0.00481,0.0025808050769889814,0.0032454315156799363
0.0048200000000000005,0.002009218070466184,0.00470842560490051
0.00483,0.0008368305020155082,0.005430838304628944
0.0048400000000000006,0.002110223780533756,-0.0010318274067447658
0.00485,0.0024476720188712662,0.0004683839376636663
0.004860000000000001,0.0038736727287248503,0.000526002848117332
0.00487,0.0013009401434054698,-0.0019470679995363962
0.004880000000000001,0.0012896146907217451,-0.0030149834312207177
0.00489,-0.0009726590551741537,0.0033543654005733147
0.004900000000000001,0.0037676651177521716,0.002685211187171148
0.00491,0.00026302967179249134,0.001739632438195746
0.004920000000000001,0.002190692989276904,-0.0004809160269827902
0.00493,0.0052056097350539,0.0035912952499916042
0.004940000000000001,0.0017577988054122509,0.0018910987832431682
0.00495,0.0026174057508334043,-0.0022453870737549585
0.00496,0.0017071973148912755,0.0004748688488023585
0.0049700000000000005,0.00019922297106541708,0.0012773905670237558
0.00498,0.005798745924195355,0.003122029812038813
0.0049900000000000005,0.0010619237420683059,0.0029862617200452322
0.005,0.005003900420206903,0.0036911147245027513
0.0050100000000000006,0.0023253570892952267,0.0005487241405133815
0.00502,0.003603448758865347,0.0026303179422949258
0.005030000000000001,0.003998293336373366,0.0031144393909881894
0.00504,0.004307916076854761,0.0007743731236780544
0.005050000000000001,0.004844501515312325,0.0022407896607071326
0.00506,0.006361136857751105,0.0004679608673505925
0.005070000000000001,0.005683443440606262,0.002242903272672734
0.00508,0.0009095795448184167,0.0008800543921829627
0.005090000000000001,0.0015726196520938138,0.0026969014622723344
0.0051,0.0032598829623086342,0.0007019122276974322
0.005110000000000001,0.0021663995234366103,0.006134594778120305
0.00512,0.005671090776481747,0.002723442387059542
0.00513,0.002292906130163713,0.0020915978517231796
0.0051400000000000005,0.0034448288686742433,-0.0001933106155169158
0.00515,0.0017039326121952936,-0.0014841551480157338
0.0051600000000000005,0.0030180237131165063,0.0031481425345095577
0.00517,0.001254095343789073,0.005002461009783205
0.005180000000000001,-0.0002301732349449066,-0.0010735262741630286
0.00519,0.0026711505756036443,0.003950155271699467
0.005200000000000001,0.005590990196126981,0.0009389245003222977
0.00521,0.004381383384646463,0.001780409628202445
0.005220000000000001,0.0018796530548512852,0.0036254791670625786
0.00523,0.0035304383834064996,-0.0012938931110782735
0.005240000000000001,0.0051797573352871055,0.004619805010066605
0.00525,0.0009764342819820889,0.002651959657764347
0.005260000000000001,0.0032165021491339764,0.0023824296040384327
0.00527,0.0011287126053279959,0.0005185640125368758
0.005280000000000001,0.002179094954840916,0.004207996659604495
0.00529,0.0033182826396341517,0.001122037028357119
0.0053,0.003775358037632127,-0.003833093276404877
0.0053100000000000005,0.004530369357680954,-0.0016147101173897107
0.00532,0.0015088324718758182,-0.0003738976686950752
0.0053300000000000005,-0.00035477313944706594,0.004187819582870114
0.00534,0.001300061928664729,0.0025598968683725764
0.005350000000000001,0.0021424967572093194,0.0028216930674662246
0.00536,0.002390854347547663,-0.0006976515138774639
0.005370000000000001,0.004230615923946691,0.0008815405050792762
0.00538,-0.0008742107210998624,0.0010135433038381363
0.005390000000000001,0.005241342522564357,0.00357093628386582
0.0054,0.0015433876138226405,0.0011726957863983593
0.005410000000000001,0.0015982898001612243,0.006025424781099255
0.00542,0.0030062979079710683,0.002732728952858322
0.005430000000000001,0.0043038600957682055,0.002350940048586203
0.00544,0.0017260741658654587,0.0014813773339726326
0.005450000000000001,0.00210182029639906,0.0018003470922707187
0.0054600000000000004,0.0037011453504426925,0.0019793971035691853
0.00547,0.0037120289580569897,0.0017147851738879836
0.0054800000000000005,0.0024048808195161293,-0.0021194707953600474
0.00549,0.004081126520624695,0.0025706190045018352
0.0055000000000000005,0.0042453512226203576,-0.003914157983330818
0.00551,0.006426939345748508,0.0015998834803845246
0.005520000000000001,0.004467413606803215,-0.00020003990869945634
0.00553,0.003477452926691392,-0.00022635072479743968
0.005540000000000001,0.001005223446742863,0.005709250814338689
0.00555,0.0018722519287308035,0.0023167608089846017
0.005560000000000001,0.003994606666528972,0.002873965047455431
0.00557,0.002556162605311196,0.0026132287400854556
0.005580000000000001,0.007063008672551026,0.001768773861371517
0.00559,0.0026592274219235505,0.003986024226260217
0.005600000000000001,0.0044689321423799395,0.004259479284562978
0.00561,0.0035361907922181247,-0.0003998886505676884
0.005620000000000001,0.005526442610349102,-0.00040586784558362967
0.0056300000000000005,0.0028656988018612305,0.00037897227193317063
0.00564,0.00213299863403208,0.0025457490918956616
0.0056500000000000005,0.0029048363462935703,0.0027327653487085337
0.00566,0.005490390176158648,0.002796691283674222
0.0056700000000000006,0.0017754992267070121,0.0038184951309097465
0.00568,0.004643597473100411,-0.0005641974471633886
0.005690000000000001,0.00346029977373879,0.003294060333406002
0.0057,0.001671214909033482,0.004643824419775311
0.005710000000000001,0.001967072168422677,0.0021442589249484937
0.00572,0.0019218802677596915,0.0019249586202914023
0.005730000000000001,7.631346555990806e-05,-0.000985607448890019
0.00574,0.005458712640076279,0.0002012646966494966
0.005750000000000001,0.0002877558423051048,-0.002410900469352633
0.00576,0.000993454228799973,-0.0007496081750537288
0.005770000000000001,0.0055562443848296925,0.003916896535440816
0.00578,0.0008967488740354169,0.00640282420526949
0.005790000000000001,0.00423741519969552,0.0012489793599565254
0.0058000000000000005,-0.002724093379201722,0.006481216100845575
0.00581,-0.0005035938926205002,-0.0013907784115387404
0.0058200000000000005,0.004321524062824483,0.006780211321501778
0.00583,0.005045760163263618,0.0030292114768234076
0.005840000000000001,0.003467553708543615,0.0036089103853255214
0.00585,0.0037967318772769622,0.002465147451597627
0.005860000000000001,0.0024881057535970095,0.0017782629902920737
0.00587,0.000772602393421373,0.001342783043012169
0.005880000000000001,-0.0011045548523379895,0.001708137203710853
0.00589,0.00030500294804330095,-0.0003016796050052072
0.005900000000000001,0.0026427990342892684,0.004690185487477835
0.00591,0.004120468698912293,-0.0012341390922004276
0.005920000000000001,0.00030540315591676354,0.003789085007827031
0.00593,0.0003205077732841531,0.0014589561668547607
0.005940000000000001,0.0033864090807888617,-2.7787288046764646e-05
0.00595,0.0024978774104013847,-0.0007584708918569499
0.005960000000000001,0.001085211820475545,0.0025498217656583673
0.0059700000000000005,-0.0008972204516169285,0.0027918844974043214
0.00598,0.002250310523355621,0.0030165913807598736
0.0059900000000000005,0.0027382326956823353,0.004640568110256524
0.006,0.0025416709416547782,0.0010541512759861505
0.006010000000000001,0.0025366336555650497,0.0030002328553791835
0.00602,0.002390574709495835,0.001995493951517264
0.006030000000000001,0.0008896863206373847,0.0005891818401295127
0.00604,-0.0005107265100261198,0.005414809603625595
0.006050000000000001,-0.00019242888812433766,0.0005305175011523205
0.00606,0.0008592958142074219,0.003706847769165416
0.006070000000000001,0.0017070229668853666,0.0044131536197584385
0.00608,0.0009507522703681164,0.002476327600151331
0.006090000000000001,0.0006278498268058391,0.006209306676252106
0.0061,-7.584326936739463e-05,0.002539318331414634
0.006110000000000001,0.00356771618862609,0.002747942942911582
0.0061200000000000004,0.0019303951915814598,0.0016613705339159391
0.006130000000000001,0.002389400762169096,0.0016276744653540233
0.0061400000000000005,0.004230342588761601,0.006343390358398111
0.00615,0.0011884065519854315,-0.000816596364445528
0.0061600000000000005,0.0021276310237714766,0.007083092863922355
0.00617,0.0006976502164198236,0.005202571749312345
0.006180000000000001,0.005661204447572428,0.000817824962228152
0.00619,0.0034445716817816134,0.005182457358025148
0.006200000000000001,0.0015491519841089206,0.001519165418080396
0.00621,0.0011448468212846173,-0.00010252593470674821
0.006220000000000001,0.0010104539843107695,-0.0005202322550965333
0.00623,0.002377975680116531,0.0003883619328877632
0.006240000000000001,0.0027781794819547196,-0.0011828234145294604
0.00625,0.002973166284916487,0.003596684651726371
0.006260000000000001,-0.001675268053488495,0.002678398088049381
0.00627,0.004768337878527607,-0.0004883394985157189
0.006280000000000001,0.005658940581644063,0.002769637520224497
0.0062900000000000005,0.0009045672649957961,0.001820717682357278
0.006300000000000001,0.0034320392259456906,0.0020849223316684925
0.0063100000000000005,0.0033936910677137273,9.221945027758382e-05
0.00632,0.002655693672018545,-0.0008932078919334917
0.0063300000000000006,0.0020953121032527312,0.00012705966365527863
0.00634,0.0008474958053185377,0.004407714522398009
0.006350000000000001,0.00450196666043879,0.0031544570212782433
0.00636,0.00013551088451578194,0.0013040158710610783
0.006370000000000001,0.0047471210759370145,0.0022209179736178714
0.00638,0.006960373287209551,0.00272477058731034
0.006390000000000001,0.0027066002422806356,0.0013205521299868885
0.0064,0.002590370893337854,0.0016344949245735282
0.006410000000000001,0.0037402927856672614,0.0038534881603196963
0.00642,0.0007528821354551914,-0.0007217340591600596
0.006430000000000001,-0.0013467647882757245,0.0029573622162056114
0.00644,0.00011969692593064843,-0.0023637545145331926
0.006450000000000001,0.0031043708081790354,0.0069286722111561675
0.0064600000000000005,0.0023158545189651356,0.0036203006273967963
0.006470000000000001,0.0024924370857493947,0.0017461850729500394
0.0064800000000000005,0.0041677126465076274,0.0013640599917767464
0.00649,0.002865124907403719,0.002588648794693011
0.006500000000000001,0.0009949392591277312,0.003929981386183767
0.00651,0.0019819798301737215,0.00043504927693048447
0.006520000000000001,0.003405697499418183,0.0001502459464635174
0.00653,0.002389817888850588,0.0019295856375341845
0.006540000000000001,0.0045060237622872295,0.002897861225326075
0.00655,0.002284955065871686,0.0035846378959913036
0.006560000000000001,0.005116199731904764,0.0030653658589098283
0.00657,0.002357264823374178,-0.0006732878579827431
0.006580000000000001,0.0002071065081966977,0.001340573971716562
0.00659,0.0011190829830600793,0.0015777189626564208
0.006600000000000001,0.0024521800940984937,0.0030116846813270435
0.00661,0.0021986548505242617,0.002925939481324401
0.006620000000000001,0.0024693727055263496,-0.0019973604996223354
0.0066300000000000005,0.0004625238659656304,0.001666033380689008
0.006640000000000001,-7.742474444590117e-05,0.0031547012320789236
0.0066500000000000005,0.005404235804990746,0.004393002177612508
0.00666,0.0019166171104365178,0.004937564873491502
0.006670000000000001,0.002641605793108948,0.001282574207832544
0.00668,0.0011182328939275178,0.001352439753329309
0.006690000000000001,0.0015694512436061963,0.002298843974505718
0.0067,0.0026677188213149764,0.0019647354019710172
0.006710000000000001,0.0032212124975497048,0.004340567172850359
0.00672,0.004247209049559499,-0.0010098906210650677
0.006730000000000001,-0.002758977547271086,0.0038291752630492367
0.00674,-0.0003841294057527361,0.0015116341949312666
0.006750000000000001,1.0164533642320443e-05,-0.0016421668836605389
0.00676,0.003434077964434724,0.0034807327407473457
0.006770000000000001,0.0011988929578557225,-0.003219034298426912
0.0067800000000000004,0.001260185444542067,0.002747285600681655
0.006790000000000001,-0.000604388882880294,0.002331024172951712
0.0068000000000000005,0.002323573803250432,0.0031235135168219052
0.006810000000000001,0.002594112820080476,1.9418261994663157e-05
0.0068200000000000005,0.004748853004379251,0.0016491220669517834
0.00683,0.002301858177381255,0.00010026980841133359
0.006840000000000001,0.0014706593483274483,0.00019782425755012
0.00685,0.0020120876655325922,0.005391470051615142
0.006860000000000001,-0.00038506722405817415,-0.00125844685083399
0.00687,0.005301830336364913,0.0015506508932455149
0.006880000000000001,0.0010220981681664317,0.00404972937518614
0.00689,0.0011497658760393277,0.005622560631717934
0.006900000000000001,0.0037176013555148867,0.0009953390451145085
0.00691,0.006677118045360924,0.0007603521258954234
0.006920000000000001,0.0038474437188816624,0.002570986698084294
0.00693,0.004967486261098154,0.005096042952122084
0.006940000000000001,0.0024287620406343484,0.00046680329655194273
0.0069500000000000004,0.003285447442703992,0.0006188262346420762
0.006960000000000001,0.006393026421674164,0.0022479450326831764
0.0069700000000000005,0.0016363569506112137,0.0023448518392279686
0.006980000000000001,-0.00032650504104732867,3.287946920217514e-05
0.0069900000000000006,0.004769322198178081,0.0006629347698829786
0.007,0.00027541862203713094,0.0030506440784879574
0.007010000000000001,0.004741394464003162,0.0034158599055011006
0.00702,0.004362826457054805,0.0004649772840205381
0.007030000000000001,-0.0004721459524634746,0.0049818484094270995
0.00704,0.0017268593650409526,0.0014781281854444692
0.007050000000000001,0.00502935035556901,0.003092866819586042
0.00706,0.003285480013928909,0.006311023543715082
0.007070000000000001,0.001087409776953599,0.0038373106350043165
0.00708,0.0024892136268097166,0.002519425934397117
0.007090000000000001,0.005432864741791653,0.0029985233610739575
0.0071,0.003453259932958039,0.0041284764700257135
0.007110000000000001,0.0016475015768939545,0.00030565188381518173
0.0071200000000000005,0.0002885272855708905,-0.0019480330599111837
0.007130000000000001,0.006491297948918532,-0.00022112823391304704
0.0071400000000000005,0.0019371138363583058,0.0014322697558616783
0.007150000000000001,0.0029951712539783223,0.003617978119321354
0.0071600000000000006,0.0041020409915154205,0.000820955637273027
0.00717,0.002047586126527656,0.0025528767181879513
0.007180000000000001,0.0018851822251658677,0.005203013755748049
0.00719,0.0033652486896250788,0.0034586834470611994
0.007200000000000001,0.0037097950191333725,0.004336480346999623
0.00721,0.0027468086825375515,-0.0006035270199476928
0.007220000000000001,0.0031848739410919543,0.0006880268202333201
0.00723,0.0013289965369080283,0.0031640718661450516
0.007240000000000001,0.004863527297695512,0.0020344896929333917
0.00725,0.0030053578272782873,0.005396978630606926
0.007260000000000001,0.002869928202368755,0.007196516663658141
0.00727,0.003520170571248965,-0.0015277738959340397
0.007280000000000001,0.0038965633552922162,0.0027566690733730713
0.0072900000000000005,0.0049701138520651215,0.0033413151825540726
0.007300000000000001,0.0021144240056801466,-0.0004530443199574339
0.0073100000000000005,0.001974016488963875,0.000295110414030862
0.007320000000000001,0.001231742535159683,0.0031739067993571536
0.007330000000000001,0.0057333242772511575,0.002786691217480732
0.00734,2.474382000501249e-06,0.002887151161857097
0.007350000000000001,0.004788228121821568,0.0007789771856309515
0.00736,0.0021276548637705448,0.002028516054856327
0.007370000000000001,0.0008266160268508788,0.003296296707490473
0.00738,0.002155239220194101,0.0028393964062963717
0.007390000000000001,0.0006228734358738896,0.0011260101017847848
0.0074,0.003843342192051315,0.0012558550884589452
0.007410000000000001,0.005853228275801021,0.001202843218874474
0.00742,0.002849390534965055,0.0038678909595470214
0.007430000000000001,-0.00043599045792480856,-0.0015183151132450385
0.00744,-0.0006498522812053912,0.004529063442684529
0.007450000000000001,0.001298462812814115,0.0071208860434547015
0.0074600000000000005,0.0012744020817726388,0.002374181826948041
0.007470000000000001,0.005487834777685753,0.006017856258426034
0.0074800000000000005,0.006527339039406008,0.0044229937189332385
0.007490000000000001,0.004453173372602899,0.003191905446838103
0.007500000000000001,0.003962486330562987,0.0009050699224783508
0.00751,0.0007700816921737367,0.0020012817639823823
0.007520000000000001,0.0020668249194284913,0.001102163421743107
0.00753,0.003800683190652127,0.0039198182980089095
0.007540000000000001,0.002585435626508633,0.004964855923274905
0.00755,0.0001259566118921745,0.0016230642436741716
0.007560000000000001,0.0009764026143545155,-0.0017221031491270124
0.00757,0.002245397729557648,0.001768061513694946
0.007580000000000001,0.005438369864804102,0.0032737658686081113
0.00759,0.00036380743924061204,0.005720913125733456
0.007600000000000001,0.004854958622136449,0.0031775084190302804
0.0076100000000000004,0.0019606326112821407,9.501908406460966e-05
0.007620000000000001,0.0016698962705435656,0.004191978869655265
0.0076300000000000005,0.006184190885161704,0.005101552287766809
0.007640000000000001,0.0014380273183215323,-0.00022358650521925446
0.0076500000000000005,0.002698205983401398,-0.001520647709552033
0.007660000000000001,0.0030634756858020314,0.0017216080401847656
0.007670000000000001,0.0014857734628000163,-0.0011720111986373571
0.007680000000000001,0.0034457523311092466,0.0009525745125016293
0.007690000000000001,7.942354138731856e-05,-0.0037259674450869197
0.0077,0.0023649319420217274,0.005563640499092363
0.007710000000000001,0.005743184166079907,0.0011055246523835075
0.00772,0.0012169450477336715,0.0029578450739343367
0.007730000000000001,0.0004253011692282589,0.0026244592949721734
0.00774,0.003954934932255842,0.004475320414864465
0.007750000000000001,0.0022231680001984894,0.0016146844776084254
0.00776,0.0006682122081606698,0.0003688488207405881
0.007770000000000001,0.001971920278279609,0.00275791763418693
0.0077800000000000005,0.004252747447898389,0.0004174053526866655
0.007790000000000001,0.005411654920684288,0.0014820922280930585
0.0078000000000000005,0.0023842422364265185,0.0005304917915283449
0.007810000000000001,-0.0024208051970019736,0.0037935812065811045
0.00782,0.0039020610732461653,0.001463410108918442
0.00783,0.0025630521271567397,0.0030585180139888046
0.007840000000000001,-0.0006953241482637023,0.0009691081263100434
0.007850000000000001,0.004018993257737457,-0.00048079191505372284
0.00786,0.003018275557015829,-0.0006848036789585347
0.00787,0.003364714913962035,0.001957649514276834
0.00788,-0.0007977139630636872,0.004358983286805803
0.007890000000000001,0.0009640606990568232,0.00040957135417205004
0.0079,0.002835075896283958,0.004327922129508301
0.00791,0.0004029869793053427,0.0021545778857860673
0.00792,0.0032929562006386547,0.0034179997098908233
0.007930000000000001,0.00278889836152409,0.001298302681150916
0.007940000000000001,0.0007815263299396074,0.0022052155448829052
0.00795,0.0002931197378041109,-0.003809204212368429
0.00796,0.003311207831892493,0.0038419349698178276
0.007970000000000001,-0.0022870867134513473,1.5171969277747496e-05
0.007980000000000001,0.003677776086938137,0.006150191968031798
0.00799,0.0024817438617982285,0.0005797623557481065
0.008,0.0020750519209628217,0.004786087846614084
0.008010000000000001,0.0011496042778322416,0.0004385173264656423
0.008020000000000001,0.0014767329017852393,0.000130810016855573
0.00803,0.002688247366338699,0.0052873896068962815
0.00804,0.0030897515478825904,0.0015338907060825648
0.00805,0.0018606562111894908,-0.0010872193220722677
0.008060000000000001,0.004211183531717767,0.0018840520517010022
0.00807,0.0020846888606393076,0.008426505298050897
0.00808,0.003043838697901919,0.0005372713458413763
0.00809,0.001594301366018199,0.0043383077159364625
0.008100000000000001,0.0026742405416254234,-0.0008345772389376418
0.008110000000000001,0.004286840237633153,0.0007062525362161293
0.00812,0.006195660055610576,0.00420319839856096
0.00813,0.001555102334255523,0.004605696121475269
0.008140000000000001,0.002586138257672383,0.0037497714509517033
0.008150000000000001,0.0034205734718375895,0.00035207106604728637
0.00816,0.001164688263768107,0.004105265859921093
0.00817,0.0017829168468017987,0.0012386067211986205
0.008180000000000002,0.0005429014273169456,0.0028936607767713523
0.008190000000000001,0.006578874992820435,-8.804460926272297e-05
0.0082,0.0025029421302420283,0.004872020480277
0.00821,0.0022958979921348347,0.002952880689461961
0.00822,0.0003310707721505264,0.0029053085969850422
0.008230000000000001,0.0020822458492597406,0.004020711278400267
0.00824,0.004831982531145078,0.007228935035182533
0.00825,0.0036171523220247014,0.0027019564288165805
0.00826,0.0028473296260799,0.0013445868357060073
0.008270000000000001,0.0031362032578298783,0.0014606718086564738
0.008280000000000001,0.0027968315729858958,0.0046872244904512484
0.00829,0.0004474980418892162,0.004332340915247323
0.0083,0.005095486362491925,0.0018170006969713784
0.008310000000000001,-0.0017817810105817664,0.0008380473196945078
0.008320000000000001,0.005056589945335535,0.002008508297933961
0.00833,0.0004646679584486687,0.0010452472951930018
0.00834,0.004145183553810153,0.0031488165763879725
0.008350000000000002,0.0019867498880491974,0.0013222525066562628
0.008360000000000001,0.0016817678825985722,0.00021163244029816773
0.00837,0.005696705163515446,0.0014123629393334952
0.00838,0.00490093994059077,0.005100186640253801
0.00839,0.00446391332094947,0.0011948641605554087
0.008400000000000001,0.0032754198432663278,0.0020102634144582394
0.00841,0.0006612235921709894,0.002707922624331803
0.00842,0.00011121489631870556,0.00443511186459214
0.00843,0.0015407265638854415,0.0024626210200568675
0.008440000000000001,0.003037203097120788,0.0015430399761347875
0.008450000000000001,0.0036446806690907836,0.0011115904208449951
0.00846,0.0042145528905926065,-0.0006300142198172676
0.00847,0.0027253822025932865,0.005940350142139774
0.008480000000000001,0.00047262466125204275,0.0007075488038009469
0.008490000000000001,0.0035017667967376888,0.002422748507755431
0.0085,0.0031758746037687685,0.003042505002110951
0.00851,0.0037447201718409395,0.004284075823294925
0.008520000000000002,0.0032955769006106196,0.0015827058280513877
0.008530000000000001,0.0038217488645798468,0.005865529606033726
0.00854,0.0022119953690564412,0.00011725132761337465
0.00855,0.004692085125108655,0.001826091412221109
0.00856,-0.0018667548548771404,0.0037622405007688643
0.008570000000000001,0.0014085878425973,0.0018868735920673126
0.00858,0.003143864380567969,0.0024494821310091586
0.00859,0.003899466387033701,0.0011980522503524564
0.0086,0.0035074329116623858,0.0015504734623271615
0.008610000000000001,0.0039595003696945,0.00330084321817978
0.008620000000000001,0.0006116596273177519,0.004242613522510409
0.00863,0.001411267296365717,0.003687305534767561
0.00864,0.00321842550110179,0.005748097548567056
0.008650000000000001,0.002037575130595892,0.0013736364689250296
0.008660000000000001,0.002446323638754353,0.0014664499717751377
0.00867,0.004085701944566197,-0.001159272592366882
0.00868,0.0003791081283138322,-6.171852012832853e-05
0.008690000000000002,0.0043877425130582105,0.00549565237885778
0.008700000000000001,0.0022788827919264227,0.0017373201107949796
0.00871,0.0026285389933073514,0.00439925769936489
0.00872,0.0006343813757701267,0.002552776210757411
0.00873,0.004440135420576263,0.0030787633511442387
0.008740000000000001,0.002869555451655876,0.004079203577882631
0.00875,-0.0029154207687113803,0.0034333980294689458
0.00876,0.0011835435920353834,-0.0015830827888059446
0.00877,0.003514750841308338,0.004826035327238037
0.008780000000000001,0.0022180988407245897,0.00398500218149092
0.008790000000000001,0.005718202158218634,0.00470961646325448
0.0088,0.005774224018569477,0.0035645766267187956
0.00881,0.0026458111013213,-0.0011230762705863396
0.008820000000000001,0.002003467257835712,0.00039489549200825676
0.008830000000000001,0.006838125627332709,0.0017301500086617893
0.00884,0.0027432973125873215,0.0031854249585981584
0.00885,0.0025847396476580643,0.005473088483124425
0.008860000000000002,0.00125288263732427,0.002472733131886282
0.008870000000000001,0.001013886346031914,-0.0005559953578310613
0.00888,0.0012759350437746514,0.0020105071384065175
0.00889,0.0016415140369957964,0.0007002694659860801
0.0089,-0.0003118716278169083,0.0019194305996856093
0.008910000000000001,-0.0005080330812260191,0.00360628361814974
0.00892,0.0026669310945864116,-0.0008284017350756005
0.00893,0.00188427691182868,0.0005829176536491609
0.00894,0.0031416871200627317,0.00476866018637947
0.008950000000000001,-0.0012463642499328151,0.0023183399112904107
0.008960000000000001,0.0021843572459494154,0.003431495994349506
0.00897,0.0029316577996212055,0.000585404896843915
0.00898,0.0018677979369622383,0.0004978191966352327
0.008990000000000001,0.004658560910474269,0.0021330211891804605
0.009000000000000001,0.0063095683903400986,0.0019696028780997687
0.00901,0.001091013431887089,-0.0009359780326834372
0.00902,-0.0010978128778734763,-0.0010762952531137336
0.009030000000000002,0.0030433588483858524,0.0031099521938733644
0.009040000000000001,-0.0006526372224471754,0.0038831039248609605
0.00905,0.0015442602777678838,0.0023871381053701666
0.00906,0.00573546140215855,0.0038877551338300682
0.00907,0.001974596180074128,0.0003122161085908344
0.009080000000000001,-0.0017913364300816037,0.0006568176154926923
0.00909,0.0020906703587920193,0.0001212885320746454
0.0091,0.0022510529340365563,0.002249874323145421
0.00911,0.002064490505004396,0.0007966880054896578
0.009120000000000001,0.002852146982299413,0.0029810967158467455
0.009130000000000001,0.0003346742232901972,0.0049196020660377225
0.00914,0.0023189304241984622,0.0021359580831397003
0.00915,0.0039331694173671316,0.0025652122719494823
0.009160000000000001,0.004423647292976387,0.0026735491540647673
0.009170000000000001,0.0012931323030848073,0.002822828330975072
0.00918,0.00023118723856926666,0.0023174607922761595
0.00919,0.00245281184710307,0.0016846274101906037
0.009200000000000002,0.0022628285557375672,-0.001662317577802423
0.009210000000000001,0.0014230850891026904,0.002287589348967593
0.00922,0.0028408785909962426,4.706794395048855e-05
0.00923,0.005053211968295394,0.000370586854702637
0.00924,0.004461340745030012,0.0029578432470025685
0.009250000000000001,0.001230601360241944,0.00565459392798872
0.009260000000000001,0.00013641153160674204,0.003942797757466225
0.00927,0.00452547862632584,0.0007637659081170668
0.00928,0.0053098729661098555,0.001605429862224271
0.009290000000000001,0.003102957581592689,0.0026266827838226942
0.009300000000000001,0.0022575803791416763,0.0037281715177412255
0.00931,0.004113802424920811,-0.001389993459054373
0.00932,0.0051361321746741535,-0.001217398321216015
0.009330000000000001,0.004593170386752764,0.004361510747949484
0.009340000000000001,0.00034677099152133264,0.0012869863704009143
0.00935,0.0003179199742716129,0.001679287010894836
0.00936,0.0019138857882503005,0.0036689639148878754
0.009370000000000002,0.00515119648100118,0.004901523905087412
0.009380000000000001,0.00140686715518104,0.0016922256240234595
0.00939,-0.0008350493684211738,0.0004994419819357105
0.0094,0.004462153678676318,0.005342860161413081
0.00941,6.437565462831833e-05,0.0009272780519332786
0.009420000000000001,0.00248088446048994,0.0026730406008941754
0.009430000000000001,0.000915111101362105,0.0029613517428505815
0.00944,0.001587261205302552,0.002084836141041501
0.00945,0.0036281297457938866,0.0021270959100590627
0.009460000000000001,0.0016634104118386259,0.0018955421095419643
0.009470000000000001,0.0023600768110079292,0.0013752496644555499
0.00948,0.0020198307346895174,0.005313075732476183
0.00949,0.0036598814812446754,0.001525330083625761
0.009500000000000001,0.003932570715108914,0.001449160729908014
0.009510000000000001,0.004885530098024508,0.0028565927456176343
0.00952,0.0023252950482952174,0.0030132505272543256
0.00953,-0.0006012348570437129,-0.00013521028461852946
0.009540000000000002,0.00015328514306881197,0.0024047184839934895
0.009550000000000001,0.006006782462240009,0.006581939892355346
0.00956,0.00381847157282713,0.0031215355201419694
0.00957,-0.0010591295917691738,0.0010350056063855543
0.00958,0.0009680344798658148,0.0008791643108067172
0.009590000000000001,0.002207930054852802,0.0011771843197607443
0.009600000000000001,-0.0014137666185578025,0.003617691622161354
0.00961,0.00039996186335246797,0.0026008701403783087
0.00962,0.006694227770071279,0.0002841121992031817
0.009630000000000001,-0.002513898495448686,0.0015513775773566458
0.009640000000000001,0.004749209543878018,0.006040585237348909
0.00965,8.880441380650864e-05,0.0031177927527495045
0.00966,0.001617895623603003,0.0019130012451413663
0.009670000000000002,0.007837815771896427,-0.0008805393849378213
0.009680000000000001,0.003057220548422855,0.003061290604639793
0.00969,0.004721925630378935,0.0023223732289833687
0.0097,0.0031670654226916917,0.0013436121203281707
0.009710000000000002,0.0030898291980936566,0.001441026710024646
0.009720000000000001,0.003795329676590669,0.0013886922680161739
0.00973,0.003306996875930168,0.002069888665571152
0.00974,0.004805506391504872,0.0020261278728716443
0.00975,-0.000992049633417078,0.004653259023368815
0.009760000000000001,0.0007431597261213833,0.0008223837218337062
0.009770000000000001,0.0013639103770342346,0.004879292638474112
0.00978,-0.0017155072125275435,0.008406413248775264
0.00979,0.004668562697512483,0.002577893415867849
0.009800000000000001,0.002447268556346624,0.0027030228208190818
0.009810000000000001,0.0035999085073898677,0.003422844604345378
0.00982,0.003669479291146671,0.002312073234650539
0.00983,0.002164199843092224,0.0018308634233858523
0.009840000000000002,0.002169666064227596,0.00440144798234143
0.009850000000000001,0.0037472016279787366,-0.003746372002942948
0.00986,0.00387249491281609,0.002524374813966423
0.00987,0.002523880641655899,0.0013583623573591446
0.009880000000000002,0.004810128008357036,0.004030948708154061
0.009890000000000001,0.0010167512662144628,0.002950496560389617
0.0099,0.0006197967864868638,-0.0006223484588481739
0.00991,0.0013102790809186294,0.003862170382936238
0.00992,0.004470566516790078,0.003164049529151977
0.009930000000000001,0.004015110517670886,0.003170730197812154
0.009940000000000001,0.0012825578940496157,0.003002713331884477
0.00995,0.004166941898639732,0.0036479452059377557
0.00996,0.00494455097857388,0.0035564642297953447
0.009970000000000001,0.003270221662481118,0.004280650686905038
0.009980000000000001,0.0025148833655866676,0.0003770942689786396
0.00999,0.002242392218376514,0.0006515313297513854
0.01,0.0012187694845644998,0.0018527920131159834
0.010010000000000002,0.0009848857074086824,0.0015263987181872397
0.010020000000000001,-0.0012169046423827364,0.0025694013033469333
0.01003,0.0025733344121597833,0.0005091284262985461
0.01004,0.003890013196576919,0.00401893745269959
0.010050000000000002,-0.0006429998418121599,0.0006188387989816471
0.010060000000000001,0.0010344328440710356,0.0002649730226972301
0.01007,0.004232264514303032,0.001757617506779595
0.01008,0.002044882065252811,-0.0018619646939937754
0.01009,0.0038453443569327534,-0.0003322668128346133
0.010100000000000001,0.0026949697374568224,0.002701493486872035
0.010110000000000001,0.005297017481343407,-0.00047041186069702624
0.01012,-0.003462728576340397,0.0025154170466067396
0.01013,0.0061779131774111155,0.004626099375978231
0.010140000000000001,0.002996804358038278,0.0011654227057452482
0.010150000000000001,0.004192325068431863,0.00020209077888737543
0.01016,0.0035313893966622957,0.003160611292759405
0.01017,0.0046996872914191155,0.007669478543685787
0.010180000000000002,0.0033646926654824394,0.001132718401657419
0.010190000000000001,0.0025293049982283676,-0.0013870192732631744
0.0102,0.0011916198892561354,0.001333054240426813
0.01021,0.001533461522270646,0.0024568151380140913
0.010220000000000002,0.0009373902585126312,0.004394652703504141
0.010230000000000001,0.00258323569722889,0.0021344763995596113
0.01024,0.0019276232180057374,0.002463943781066608
0.01025,0.004234199904073593,0.0004197870524248193
0.01026,0.0012683607609050135,0.0015470801962323313
0.010270000000000001,-0.00010655810242175042,0.0005165010041766084
0.010280000000000001,0.001633331644596685,0.0039042792552266637
0.01029,0.003111485339082298,0.002543164587517247
0.0103,0.004288747537575642,0.0018817247602142804
0.010310000000000001,0.003368469888563949,0.0019505081050785167
0.010320000000000001,0.0031188531068122825,0.0009919172717987935
0.01033,-0.0022889180448586893,0.0018893589413232468
0.01034,0.0054348000524821315,0.004010830451894769
0.010350000000000002,0.004520685903491021,0.0046311431762269106
0.010360000000000001,0.0027677929162264877,0.0025539949365600036
0.01037,0.0013557603899272761,0.0015276993032037373
0.01038,0.0038231925738557377,0.00456809508792138
0.010390000000000002,0.0023133434640205033,0.0012604285874648824
0.010400000000000001,0.0025938773222415413,0.003363701224308069
0.01041,-0.0002943031899920942,-0.0024305938644052292
0.01042,0.0014929174301620478,-0.0002791767879643187
0.01043,0.0015782950703659674,0.001867167155236197
0.010440000000000001,0.0016886626342954383,0.0050681422982681865
0.010450000000000001,0.0032492326189116306,0.002764635092887331
0.01046,0.003840740666361909,-0.00011350100923947009
0.01047,0.004675132893403086,0.00201311521465794
0.010480000000000001,0.00393845314556729,2.1407592237712627e-05
0.010490000000000001,-0.0005094433756757271,0.0038013793545705844
0.0105,0.003351475107085352,0.00036197462005131925
0.01051,0.0008599114446492023,0.00441742469831397
0.010520000000000002,0.00022099502805735536,0.005452378147614702
0.010530000000000001,0.0007991582058844526,0.0034442929152651187
0.01054,0.0019437432403735973,0.0033743604609118446
0.01055,0.0015133323601450237,0.0018428760334796112
0.010560000000000002,0.002683978543983258,0.00016456289354055496
0.010570000000000001,0.004084368369671975,0.0011429863446649343
0.01058,0.0021460989911168712,0.00018119011434305794
0.01059,-0.002520789695000632,0.0017883084381801907
0.0106,0.0074296869249382645,0.003740047353285616
0.010610000000000001,0.002566513440195765,0.001645531647889821
0.010620000000000001,0.0026505437625696207,0.0032660257805995074
0.01063,0.00024456378343569105,0.004400904899072737
0.01064,0.004037529142367491,0.003609106636596216
0.010650000000000001,0.0034842947473556042,0.0022124418923884447
0.010660000000000001,0.003953642161235086,0.0033573099530924706
0.01067,0.0019004143487923383,0.0010269509656277093
0.01068,0.002812784104871315,0.0052726673578387
0.010690000000000002,0.00013143276950375966,-0.0007599512152031964
0.010700000000000001,0.002939743673030211,0.0022773466999042075
0.01071,0.002957480052814026,0.0026639493907464383
0.01072,0.0021649666125779536,0.005156241290126362
0.010730000000000002,-0.0005898627725859909,0.0005199915010177397
0.010740000000000001,0.0024060093918192404,-0.001108921214003941
0.010750000000000001,0.0022613834967189004,0.005500867317962647
0.01076,0.0026554383418395853,0.0026397990970272525
0.01077,9.390856124843593e-05,0.0009461444898793481
0.010780000000000001,0.0018644177244542875,0.0015439068545025632
0.010790000000000001,0.00517867013626112,0.0032951886336125705
0.0108,0.00039303836165294247,0.0026732852556655235
0.01081,0.0036129691703940623,0.004461042685375572
0.010820000000000001,0.005778178113487775,0.00015102485750068638
0.010830000000000001,0.0009959524544338482,-0.00033347412015894253
0.01084,0.002150198165171862,0.003114866427165028
0.01085,0.004593476993596907,0.002030715436074409
0.010860000000000002,0.001979682661916181,0.0024866009978249857
0.010870000000000001,0.0009496613246189262,0.006362629711961094
0.01088,-0.0005948058349875122,0.0025535004072771766
0.01089,0.006668297421463585,0.002198085645583303
0.010900000000000002,0.0022415753496115715,0.0014700615442758088
0.010910000000000001,0.002261438166021993,0.004931115499530349
0.010920000000000001,-0.0018009345093915694,0.005252751840288452
0.01093,-0.0002245575336584705,0.0016530453943731098
0.01094,0.0017654350633369265,0.0033639219355460106
0.010950000000000001,-0.0005717579919594816,0.0031116257997355783
0.010960000000000001,0.006673676441899064,-0.0005386027412551874
0.01097,0.0030050356901682954,0.0008642454418738381
0.01098,0.003477963603520712,0.0022269696113984645
0.010990000000000002,0.0013437808862573185,0.003164882615356835
0.011000000000000001,0.006236016114613033,0.0018077941815393221
0.01101,0.004067400647968964,-0.00039648070065484214
0.01102,0.0007155765570652009,0.003135340952038115
0.011030000000000002,0.00559724559365244,0.00290221800651599
0.011040000000000001,0.0020034613807182683,0.0021900367643164016
0.01105,0.0001293255587670834,0.0034009469829426
0.01106,0.004395370416505248,0.0012881977739436197
0.011070000000000002,0.0016911829421524056,0.0027245967412852868
0.011080000000000001,0.0017583903925143668,0.0020610366284713653
0.011090000000000001,0.006831835751413018,0.001699711765719329
0.0111,0.001916273859530374,0.0008991405995510599
0.01111,0.004121899779521058,0.0018322366424913914
0.011120000000000001,0.0013353311157283864,0.004837753566449598
0.011130000000000001,0.005473844240595424,0.0009947586186446686
0.01114,-0.001097880948165123,0.004211093113628902
0.01115,0.001266499710258329,0.0037777766520991777
0.011160000000000002,-0.001303888181746593,0.003982179586546755
0.011170000000000001,0.0002145353721320492,0.003658972340981095
0.01118,0.002665984828941115,0.0002900241940487602
0.01119,0.001823925215986772,0.003570998614211427
0.011200000000000002,0.002850345583078725,0.003367646066528009
0.011210000000000001,0.00659199636776042,-0.0009292049743587455
0.01122,0.0058740985578576346,0.002408448006150864
0.01123,0.0008426632082103379,-0.0004604334994070358
0.011240000000000002,0.0022625481084185776,0.004043951336175655
0.011250000000000001,0.0023862479229470996,0.005223418072729578
0.011260000000000001,-0.0002604482536252674,0.002177387156465553
0.01127,0.00013767288990519785,0.0029292853977064912
0.01128,0.004416790901088334,0.0013609543661301541
0.011290000000000001,-0.0025648555598596547,0.0026008303092176777
0.011300000000000001,0.003517604980130038,0.003011979329136362
0.01131,0.005116247674771266,6.17380053173416e-05
0.01132,0.004005670608114415,0.004589315677145626
0.011330000000000002,-0.0009113819726641807,0.00284405933413042
0.011340000000000001,0.0016379880239428641,0.0020421651090765333
0.01135,0.003342254836542571,0.0012312078432798951
0.01136,0.0012960395879721073,0.002274424066304514
0.011370000000000002,0.0004735174391433902,3.492297732755542e-05
0.011380000000000001,0.00400730914752148,-9.05610871489845e-05
0.01139,0.00398174054275286,0.0031326630615997504
0.0114,-0.0008019452623145421,0.0008528044089485952
0.011410000000000002,0.005038439351118728,0.000246055634423798
0.011420000000000001,0.0017219640660056236,0.0031329612119953133
0.011430000000000001,0.004218105351050155,0.0017062141282451412
0.01144,0.0014568553816385675,0.005054483844976412
0.01145,0.006130226234245499,0.004167912191138551
0.011460000000000001,0.0028236140249148734,0.0005941163613858748
0.011470000000000001,0.0009926394577256796,0.0032561274777353696
0.01148,0.003490874942002282,0.005014747663421614
0.01149,0.0039555286134271535,-0.0007941591675325356
0.011500000000000002,0.004759073291085391,0.00021633088829400198
0.011510000000000001,0.001887784838584228,0.0027133030111825217
0.01152,0.006647611388880046,0.0084331899156092
0.01153,0.0038702712547897143,0.0018474095205818241
0.011540000000000002,0.0037263848614730944,0.003989563314040168
0.011550000000000001,0.002016586442588169,0.005805124628573084
0.01156,0.003118611042877468,0.003210637299912769
0.01157,0.003990865561402027,0.0030587732988048527
0.011580000000000002,0.004337445293441014,0.0009815424115305785
0.011590000000000001,0.00154350772263172,1.6188777269423617e-05
0.011600000000000001,0.0035396603330017378,0.0037748184607020027
0.01161,0.003576749948919427,0.00556637828305033
0.01162,0.0026505582278293052,0.0035553244427655208
0.011630000000000001,0.00047889426649754376,0.0014440891947392173
0.011640000000000001,0.004053916992012348,0.003916940042497933
0.01165,0.0020754527448708696,0.0020759842921683467
0.01166,-0.00037181598423299215,0.0015055711230257118
0.011670000000000002,0.0044452424111048406,0.003370486039819831
0.011680000000000001,0.0036663518081670407,0.002320069619480703
0.01169,0.002679690670797666,0.0009003259585585914
0.0117,0.004063764889274214,0.0030633598738751913
0.011710000000000002,0.0036506891477666873,0.0011697898028853102
0.011720000000000001,-0.0016394912770731967,0.004416610170713271
0.01173,0.001710062469908269,0.0004971982342939229
0.01174,0.0040552377240981805,0.0014391692320473788
0.011750000000000002,0.004788694907403438,0.003457650947048553
0.011760000000000001,0.00403650272428995,-0.0005078281060040151
0.011770000000000001,0.0050937937083921185,0.0027470284328061203
0.01178,0.0019318928189564354,0.0025117480910388183
0.01179,-0.0008814822964277854,0.003042720328524619
0.011800000000000001,0.0006127859371385376,-0.0004794825550971998
0.011810000000000001,-0.0003726489224174659,0.004451677838607813
0.01182,0.0014140828717368002,0.005294199341082844
0.01183,0.001601546654949329,-0.0011875294009068504
0.011840000000000002,0.00044064033618146023,0.004699252107719573
0.011850000000000001,0.002362432208611222,0.0011314963886491065
0.01186,0.002994804078282046,0.00323207832856148
0.01187,0.00491010403447875,0.005125952951501513
0.011880000000000002,0.001956307601528993,-0.0004226994838124878
0.011890000000000001,0.0018494527759693419,0.002750398059574259
0.0119,0.0007494031659251964,0.00031597613638418036
0.01191,0.003365034416950366,0.0021334139448047434
0.011920000000000002,0.0027435899959076704,0.0007141684226248241
0.011930000000000001,0.0022177316439958906,0.0003831330101814604
0.011940000000000001,0.004459466678430687,0.004302537937780437
0.01195,-0.0010127693677070989,0.00037345728079388445
0.01196,-0.0003129159356439976,0.0009328706287513163
0.011970000000000001,0.0025138025702672964,-0.0006659326815950063
0.011980000000000001,0.0008374945368202684,0.00022588203803631905
0.01199,0.003096284193369202,0.002372924245138909
0.012,0.0012388095180413709,0.002588315868991234
0.012010000000000002,0.0015894592646965714,0.0016918022227939294
0.012020000000000001,0.006030258143000357,0.004916472631155999
0.01203,8.472573682319611e-05,0.003895453213166124
0.01204,0.004307215288045174,-6.010058425482854e-05
0.012050000000000002,0.004322511155428885,0.00531272721223466
0.012060000000000001,0.0004403996651256431,0.00040229488216243564
0.01207,0.004721345342198901,0.0027807280615510625
0.01208,0.0037895078114538695,0.002919352555641478
0.012090000000000002,0.0034684796772222895,-0.0004143336833051475
0.012100000000000001,0.004782255545290429,0.0045782267764882005
0.012110000000000001,0.002229370663244796,0.0021525288784623297
0.01212,-0.00037353111138473333,0.003268428045026944
0.01213,0.0038333302428734664,0.0021159720226391248
0.012140000000000001,0.0049384532686366275,0.001572634887370411
0.012150000000000001,0.0038194893142239113,0.00020189573398488774
0.01216,0.002643703798677932,0.001892950727248152
0.01217,0.0031419543073038514,0.0015030399870166757
0.012180000000000002,0.002428923359836602,0.0038946225594392184
0.012190000000000001,0.0018188698901797163,-0.000970191842507323
0.0122,0.0061920957124165735,0.00500630442960302
0.01221,0.00010893177937185399,0.0036232455670991946
0.012220000000000002,0.0016880366206392446,0.0027712378430883922
0.012230000000000001,0.0032829631388622293,0.0017758810393371672
0.012240000000000001,0.0011275119960425142,0.0008640475349016661
0.01225,0.0008631876702712158,0.0005819179949526712
0.012260000000000002,0.0025617428231425802,0.0008144749776800074
0.012270000000000001,0.004060731165013478,0.005220919583962868
0.012280000000000001,0.001537047909883918,0.002725668364945209
0.01229,0.003697051701303211,0.003191295769782181
0.0123,0.002850118833988488,0.003733087702509197
0.012310000000000001,0.003663232750709585,-0.00022717056695115883
0.012320000000000001,0.004437573251398423,0.004023167138508206
0.01233,0.001173214921959934,0.0023248920957882613
0.01234,0.004066970854407343,0.0018308195215885911
0.012350000000000002,0.004846794433900802,0.006977622661064502
0.012360000000000001,0.0011293914741417454,-0.0005117812478913839
0.01237,0.0033095256634669548,0.003693863031057892
0.01238,0.0022406803895582365,0.005157689185922721
0.012390000000000002,2.5725935278757533e-05,0.0036374347201905137
0.012400000000000001,0.0014917400235130104,0.005690782678045526
0.012410000000000001,0.006689016234841106,0.0007191428585097193
0.01242,0.001605394853670102,0.0039720607537076106
0.012430000000000002,0.00193077115673806,0.002162491267064933
0.012440000000000001,0.00275633236241761,-0.001585604108491556
0.012450000000000001,0.0026784028286836532,0.0008747149348252723
0.01246,0.001720355210472655,0.005141862547298632
0.01247,0.00019410933631091318,0.00388143674990331
0.012480000000000002,0.002149719269335948,0.0016959336543818865
0.012490000000000001,0.00428891066310113,0.002935983974677713
0.0125,0.0038499143426373402,0.004192677880251975
0.01251,0.0020465927955683944,0.001032262043576229
0.012520000000000002,0.0005394294594255008,0.0006063411860771106
0.012530000000000001,0.008608440050966342,0.004746947921267806
0.01254,8.622893274167973e-06,-0.00038690085934022433
0.01255,0.00367502391233317,0.0033529707241260137
0.012560000000000002,0.0038095793609320243,0.0017489553986327808
0.012570000000000001,0.0024614228102175636,0.002915051671851831
0.012580000000000001,0.002884636721590227,-0.002178882702470807
0.01259,0.002253770565816043,0.0005573303759678092
0.012600000000000002,0.0030643115222568603,0.008231086233406733
0.012610000000000001,0.0034493706126996282,0.001633933622087635
0.012620000000000001,0.004558528623181077,0.0032267933178776118
0.01263,0.0035556326780961287,0.00347554306198418
0.01264,0.006829048645633034,4.891203336755343e-07
0.012650000000000002,0.00366374322951867,0.00040992763006570516
0.012660000000000001,0.003828021669966408,0.0004257405499815271
0.01267,0.0018827797932456365,0.001673357211555017
0.01268,0.0046696636444296296,0.004100869179414941
0.012690000000000002,0.00022711198056449885,0.002374251549720726
0.012700000000000001,0.0012999032944301368,-0.0002522036724781616
0.01271,0.0022855449166259943,0.0016482631783413155
0.01272,0.007573527747107326,0.0031315707978516447
0.012730000000000002,-3.4624726435728004e-05,0.0011365253164298723
0.012740000000000001,0.004763892110621937,0.006443380834184153
0.012750000000000001,-0.00045032611567006773,-0.001492931731863888
0.01276,0.006464085593262199,0.003046566929689059
0.012770000000000002,0.0009860842574659148,0.0033370180705535944
0.012780000000000001,-0.0025483115328113386,0.002274932021957701
0.012790000000000001,0.0033793402605320315,0.004117142185651119
0.0128,0.0006964197258192066,0.0024403969148154127
0.01281,0.0008738758400931967,0.0027802105766749335
0.012820000000000002,0.0009345456558581629,0.0014536616484705379
0.012830000000000001,0.000734120466252818,0.0035725558603122423
0.01284,0.004443166191585763,0.0018014620752950048
0.01285,0.002803252398133999,-0.0006260599865802181
0.012860000000000002,0.0021279353099558887,0.0021711330252732245
0.012870000000000001,0.007969386733910002,4.8027413931203515e-05
0.01288,0.005656666723671042,0.004266098008246601
0.01289,0.003290096498207937,0.005790040215512505
0.012900000000000002,0.0034735458265575288,0.003051536214495811
0.012910000000000001,0.002623604516788159,0.004720773954523546
0.012920000000000001,0.004923294981595841,0.0010226997719664905
0.01293,9.237256590622061e-05,0.0018685110204436808
0.012940000000000002,0.0011313000177238868,0.002147840885540489
0.012950000000000001,0.0052067633578949234,0.0013607042556501264
0.012960000000000001,0.0026467500188087135,0.002391770358264991
0.01297,0.004429767989950527,-0.0022176366644693344
0.01298,0.0015200148316248724,0.00269912629519238
0.012990000000000002,0.005134082281436067,0.00129317071529068
0.013000000000000001,-0.00101867234395978,0.0035168149946948404
0.01301,0.0014642167424318722,-0.00010152492991561497
0.01302,0.0014867589453355992,0.001909173751751765
0.013030000000000002,0.001526468353385928,-0.0021324917747882334
0.013040000000000001,0.00453059778725938,0.004828806088113665
0.01305,0.00404001684080983,4.100124904084842e-06
0.01306,0.002334497008804344,0.002266844089794305
0.013070000000000002,0.003935575828613963,0.003616982746741238
0.013080000000000001,0.0012701461792448893,0.002444707725986276
0.013090000000000001,0.0036535610681632837,0.005192775896358382
0.0131,0.004148519575829989,0.0038596590610221145
0.013110000000000002,0.0029076657447009028,0.00510287820643329
0.013120000000000001,0.003560043829133219,0.0005601981212312948
0.013130000000000001,0.005547763681843001,0.0036785943082530926
0.01314,0.001855440960015792,0.0013242154462646304
0.01315,0.0033351851098309846,0.003209984386024405
0.013160000000000002,0.0031371233249794135,0.002906645353585254
0.013170000000000001,0.0061429580742218505,0.004427527319409262
0.01318,0.0031248187964289333,0.004167474981989379
0.01319,0.0006790038534439102,0.0030811205233825644
0.013200000000000002,0.006363168164627675,0.0018495870335025807
0.013210000000000001,0.0010497911709396123,0.0009819132459072068
0.01322,0.0005662962751541438,0.0007169792038948489
0.01323,0.002005049233255216,-0.0005242192226563207
0.013240000000000002,0.0027778049381559046,0.004091880757561139
0.013250000000000001,0.000931558509298663,0.005326305650536371
0.013260000000000001,0.0037691574057866464,0.004349310166985527
0.01327,0.001432406240257509,0.003997610441815837
0.013280000000000002,0.0005647094267805376,0.004069465781002002
0.013290000000000001,0.003092757547433806,0.0033958838108862368
0.013300000000000001,0.0003983910578254238,0.0004996520781321181
0.01331,0.003944537868049151,0.00039350594642577515
0.01332,0.003676994939732288,-0.0004436636651985056
0.013330000000000002,0.004447431466668439,-0.00017402488806994142
0.013340000000000001,0.0038561833645890777,0.003542693203639325
0.01335,0.0013585400626436107,0.003455893866769608
0.01336,0.0032734681991038062,0.001214566218077079
0.013370000000000002,0.0007359740401622914,-0.0016325924531740903
0.013380000000000001,0.003452883002018535,-0.0008365378107623202
0.01339,0.002944770568914451,0.001766579903905883
0.0134,0.004112866747310457,0.001689793743752331
0.013410000000000002,0.00209618441421243,0.003758034360758195
0.013420000000000001,0.0034256945998979616,0.0029270128790189138
0.013430000000000001,0.003694612040800189,-0.000776035466032987
0.01344,0.004270152305520017,0.0035204539876258815
0.013450000000000002,0.0007237065379441742,0.001807762875190346
0.013460000000000001,0.002678955834859396,0.0020273374806305785
0.013470000000000001,0.00342578772401325,0.0051594716441790995
0.01348,0.004922098393004538,-0.00032729347084425875
0.01349,0.004003201831351489,0.004955418195241637
0.013500000000000002,0.003533175571772239,0.004479918851576338
0.013510000000000001,0.0067845958682993465,0.00434578334356373
0.01352,0.0032591683818098973,0.004388947255006439
0.01353,0.0030508228377480813,0.002346982254465412
0.013540000000000002,0.0020587144488280135,0.005426408552418865
0.013550000000000001,0.001125181105019558,0.0053647227569993605
0.013560000000000001,0.0037622619692523653,-0.0004982197628146121
0.01357,0.003498327361115081,-0.0018992553428822641
0.013580000000000002,0.004014539630919551,0.004071665530743739
0.013590000000000001,0.0015793062771148135,0.002548702655961826
0.013600000000000001,0.006672827416388206,0.0012905183619784726
0.01361,0.0006471915048209933,0.005265742889272243
0.013620000000000002,0.006690674959890273,0.002310211549506273
0.013630000000000001,0.004788920319657396,0.0049861759661801106
0.013640000000000001,0.0012815192241625185,0.0013330162017596093
0.01365,0.0052287299266025565,0.005674059975583163
0.01366,0.003893235602618901,0.0005448060653508017
0.013670000000000002,0.006742088858837098,0.0012428961396614671
0.013680000000000001,0.002098183597721381,0.0029899165761601886
0.01369,0.005877272297844586,0.004013595641368942
0.0137,0.0035991745254804466,0.0032326233389947815
0.013710000000000002,0.0028569647026416467,0.003422727707922302
0.013720000000000001,-0.0022886931769141193,0.0017136359707267735
0.013730000000000001,0.0032535622342142025,5.224741684107647e-06
0.01374,0.0035440561589605117,0.0018987122973042057
0.013750000000000002,0.006282851852239459,0.005454095830576568
0.013760000000000001,0.0018407800232208282,0.002006782408621052
0.013770000000000001,0.0026249865099294144,0.0014055401419996658
0.01378,0.0031634218629941683,0.0007926960302843816
0.013790000000000002,0.0005126312532190724,0.0035550835009958348
0.013800000000000002,0.004033410894319803,0.0007014302306246364
0.013810000000000001,0.0045655521650701586,0.0010473068001949787
0.01382,0.003281661132436826,0.003951550604380981
0.01383,0.002708594655176401,0.0032207445363354897
0.013840000000000002,0.001743449400698169,0.0019187294905778265
0.013850000000000001,0.0023650785065276346,0.000818905722434521
0.01386,0.002423737498055796,-0.0007847746112152006
0.01387,0.001795466562444298,0.0017431103839023088
0.013880000000000002,0.0022659025608785907,0.0018302656763768703
0.013890000000000001,0.0026552214522467628,0.0032725426153297228
0.013900000000000001,0.004528271563543226,0.0010145279502771964
0.01391,0.0003733230452807497,0.00023036821829482221
0.013920000000000002,0.0018058060321754828,0.0016110128601602765
0.013930000000000001,0.0012407066386574438,-0.00027697956527583754
0.013940000000000001,0.0018689437908265525,0.0026785050855139786
0.01395,0.003971730830658545,0.00120120363597556
0.013960000000000002,0.00195616248665686,0.0004630508364601015
0.013970000000000002,0.0027197658011477704,0.0006199877130038582
0.013980000000000001,0.003929385558583602,-0.0012544906597722178
0.01399,0.0020643561569029874,0.00291985416088089
0.014,0.00315176988391456,0.007704103784761436
0.014010000000000002,0.0034841860298735782,0.00031032405353146816
0.014020000000000001,0.002594142396285598,-0.0012336628129803622
0.01403,0.002624356082104719,0.0006531141632197027
0.01404,0.004616820602811875,0.0012205419680397026
0.014050000000000002,0.002552992472103036,0.0010489028913812633
0.014060000000000001,0.0062647110406602435,0.001677928916071787
0.014070000000000001,0.006452606238679074,0.003949113664028056
0.01408,0.003752109202914088,0.0030586719434845997
0.014090000000000002,0.003576053723202098,-0.001533744183002111
0.014100000000000001,0.002231175499245631,0.004012312062885827
0.014110000000000001,0.0026916308638749472,-0.0004879886100667189
0.01412,0.0026850990556894563,0.005730996897476113
0.014130000000000002,0.005284173896926613,0.0021991724462651317
0.014140000000000002,0.00469377131222355,0.0015905608431060656
0.014150000000000001,-0.0006163883398129879,0.00047503714544612605
0.01416,0.005917614230317799,0.0017763770151326007
0.01417,0.0023055503779847815,0.0017250806627547841
0.014180000000000002,0.00660107294353085,0.0055770685821734615
0.014190000000000001,0.007230841443391439,0.0020074538466292044
0.0142,0.003385010950803297,-0.00070734749539375
0.01421,0.005748111607306046,-9.228342827952672e-06
0.014220000000000002,0.003228274449544023,0.00013211868114652598
0.014230000000000001,0.0016174700209215164,0.0006525916716636142
0.014240000000000001,0.0015799332910998625,0.001249263745664298
0.01425,0.0016996261465675256,0.003994569414772126
0.014260000000000002,0.0005869178604131333,0.002769376705739743
0.014270000000000001,0.005233041247664393,0.0013022932046378242
0.014280000000000001,0.0013617644447076601,0.0018680285869093452
0.01429,0.00515753171294781,0.0027176848246345787
0.014300000000000002,0.0017361315641476885,0.0032976144126145544
0.014310000000000002,0.0005944544981781193,0.0036929715008870347
0.014320000000000001,0.0036167318453323625,0.0017150267299371968
0.01433,0.001122823852939785,0.000557672842511797
0.01434,0.0038701081304964064,0.004789386529768912
0.014350000000000002,0.0015263357600192,0.0032485895926522247
0.014360000000000001,-0.0013726251983167469,0.0011629712082374308
0.01437,0.0027397883467307036,0.0005132301430322125
0.01438,0.0009293706254886536,0.0009974279951406543
0.014390000000000002,0.0033872457835614467,0.001958719026183401
0.014400000000000001,-0.0016731253984199894,-0.0019076334633247463
0.014410000000000001,0.0015900832435517321,0.003249529617229229
0.01442,-0.002690719765199317,0.0013350855204187554
0.014430000000000002,0.0017522703183839778,0.005111610681357266
0.014440000000000001,0.002035198309576611,0.003101302171454009
0.014450000000000001,0.0030882319054094795,-0.0019254198556024082
0.01446,0.00434260754161138,0.0027668948421667554
0.014470000000000002,0.003823205661923613,0.010188965796765318
0.014480000000000002,-0.0013610824308514053,0.005786272061643279
0.014490000000000001,0.002232723266492443,0.002911924774938667
0.0145,0.002717068463644928,0.0014891823293242787
0.01451,0.0016689015387614608,0.002997060323422839
0.014520000000000002,-0.0002253057648454724,0.0038395888698378178
0.014530000000000001,0.0019771268444832633,7.867936578398764e-05
0.01454,0.0019099637567442443,0.004853503813404823
0.01455,0.0017397929101405838,0.003056499778849726
0.014560000000000002,0.001349023937362746,0.0038558232321553075
0.014570000000000001,0.004182425164406321,0.006037584016095866
0.014580000000000001,0.002460754787498917,0.003678062603721507
0.01459,0.0030084905431131564,0.004932883030332005
0.014600000000000002,0.0013751632684490835,0.0038315363926480803
0.014610000000000001,0.002423905825384301,0.002213535541040626
0.014620000000000001,0.0029972775550114687,0.0028467786447406163
0.01463,0.00258178646313951,0.0027721100033121387
0.014640000000000002,0.00597095242277346,0.004313968621927858
0.014650000000000002,0.004553497046130444,0.0014323756412065254
0.014660000000000001,0.0010371775536140023,0.004254441081304806
0.01467,0.004568223939734838,0.005289566417111841
0.01468,0.0016086400432357652,0.0018855126850623343
0.014690000000000002,-0.0004618962932599019,0.001560052543413723
0.014700000000000001,0.004810683585907381,0.0014123885865971924
0.01471,0.004098972484671063,0.0019647575525278374
0.01472,0.0034665970770191186,5.076523449950264e-05
0.014730000000000002,0.002989371843157905,-0.003635739847740291
0.014740000000000001,0.002445630348109251,-0.0009140304829307459
0.014750000000000001,0.005231881215520094,0.003902114451159796
0.01476,0.0037537034620227215,0.005389695771958122
0.014770000000000002,0.0009229975699961976,0.005842793116540584
0.014780000000000001,0.004685682651833153,0.001875339380587058
0.014790000000000001,0.005093008527675587,0.00013624599594608223
0.0148,0.001173208418801708,0.001132036471646499
0.014810000000000002,0.0017647496330452813,0.0002364833617570115
0.014820000000000002,0.005269339289667609,0.0018322724076671446
0.014830000000000001,0.0035286509976998723,0.0012096608688687074
0.01484,-0.0008170978351785085,0.0028908605441101297
0.01485,-0.00099993368034798,0.0022138597933111987
0.014860000000000002,8.841349725664674e-05,0.006326061774803604
0.014870000000000001,0.004648236123776695,0.0025633990826308636
0.01488,0.005353390939532136,0.0006596411019691615
0.01489,0.003913403046865007,0.002752275314398053
0.014900000000000002,0.0033549509582162028,0.004897742670661559
0.014910000000000001,0.004292361308069708,0.0029308640531927094
0.014920000000000001,-0.0004819316618332298,0.0004337050278651474
0.01493,0.0025828912529116442,0.0025409230918247913
0.014940000000000002,0.0005683673818155394,0.007177912253420672
0.014950000000000001,0.005862028454525124,0.003559175936364691
0.014960000000000001,0.0029737793814477256,0.0019309015835951868
0.01497,0.0009263338559187034,0.0025106606229328772
0.014980000000000002,0.003346140775764949,-0.00012744166771281934
0.014990000000000002,0.0034994532521311463,0.0020459411179912478
0.015000000000000001,-0.000984050173093957,0.0006360687616842194
0.01501,0.0020048182039061647,0.0061325935009150685
0.01502,0.00394559965118598,-0.0003133657134081168
0.015030000000000002,0.0038050299158140033,-0.000736631478786341
0.015040000000000001,0.004998803183314918,0.0014161061056710382
0.015050000000000001,0.0026466122405364167,0.005010327450700902
0.01506,0.00026002082744200523,-0.00043512363203106804
0.015070000000000002,0.0016676124628454666,0.004436248859255657
0.015080000000000001,-0.0002034180799488994,-0.0033044417833635272
0.015090000000000001,0.0019334191144032013,0.003463729105112977
0.0151,0.005236722895872791,0.0014343027105209797
0.015110000000000002,0.0020138085525026475,0.004668804669744911
0.015120000000000001,-0.0009023594569433592,0.0015843392547236239
0.015130000000000001,0.0032184337035911096,0.003260195689003827
0.01514,0.0018184343244404518,0.0024310175488504605
0.015150000000000002,-0.0021381454029281437,0.0010460158176097262
0.015160000000000002,0.003745988128283126,0.00039830152861277095
0.015170000000000001,0.002957400352036474,0.003257011391750444
0.01518,0.0021547945194372235,0.0027045705635111786
0.01519,0.0009148886096967028,0.0019507969320205817
0.015200000000000002,0.004061246705580218,0.0026783417219371198
0.015210000000000001,0.0016682122606370507,0.002813204756033359
0.015220000000000001,0.004270954621832901,-0.0017347346232169975
0.01523,0.005160343218901753,0.001693014282267105
0.015240000000000002,0.0036936348117398757,0.004760393271986255
0.015250000000000001,9.976721511038324e-05,0.0009473929244523864
0.015260000000000001,0.002266476690377191,0.0007991432313850294
0.01527,0.006313906514807496,0.0006534812701907424
0.015280000000000002,0.0017333988938156891,0.0027761785453137887
0.015290000000000002,0.0004406522991449893,0.0015764139230806313
0.015300000000000001,0.0034803165813590705,0.0017024292427037493
0.01531,0.0026590948578754546,0.0013098603720061246
0.015320000000000002,-0.00018261371641353254,0.003012085405741836
0.015330000000000002,0.006356651181171763,0.002406076471684764
0.015340000000000001,0.003297771218158565,0.003755092788467536
0.01535,0.00030903974641311024,0.005775050503837443
0.015360000000000002,0.003252815898451633,0.005634108736496162
0.015370000000000002,0.00138254969111334,0.006006892375735139
0.015380000000000001,0.00439938385744091,0.0034772221363538486
0.015390000000000001,0.0033175787761410367,0.0018744580044239608
0.0154,0.005251049993497568,0.002652608098252483
0.015410000000000002,-0.0010836961102597266,0.00013788839535115944
0.015420000000000001,0.0024792082243411738,0.002992632087695471
0.015430000000000001,0.0027381789943836422,0.004810948346106202
0.01544,-0.0010503917005953603,0.0026605551274036642
0.015450000000000002,-0.0007836905559555803,0.0038931761761204628
0.015460000000000002,0.0026638061455063213,0.0032133437030075506
0.015470000000000001,0.0011254131452132002,0.004933425639294236
0.01548,0.00493708369913938,0.0035419562423977154
0.015490000000000002,0.0025950549947456915,0.0035349539108984855
0.015500000000000002,0.0014407592829658157,0.004086722205986024
0.015510000000000001,0.0061539609512681155,0.004517203399404205
0.01552,0.0013962487800914924,0.0030991881495206156
0.015530000000000002,0.0002696250028754719,0.0035215052170439057
0.015540000000000002,0.003757569100598545,-0.001362537160302098
0.015550000000000001,0.0005332485855171929,0.0018111884938575976
0.015560000000000001,0.0022555505917096707,-4.111697023491531e-05
0.01557,0.003635681171718926,0.0028811545765771154
0.015580000000000002,0.0024696388906471555,0.0008669946614695038
0.015590000000000001,0.004956044663785613,0.005689762036210348
0.015600000000000001,0.0018919605145583055,0.0011549839692894218
0.01561,0.003841951699516501,0.0016636288831482992
0.015620000000000002,0.0025811946691407257,0.0038593636307725923
0.01563,-0.000958270587248134,0.005017031507506944
0.01564,0.0030062549694396686,0.00155780994511233
0.01565,0.0026828777612582953,0.002306024166828631
0.01566,-0.0006006045721726901,0.00537141098051962
0.01567,0.0029449010805599083,0.0032679077017666843
0.015680000000000003,0.0047658009549432865,0.0003399472876016692
0.015690000000000003,0.0038100966263063755,0.0018473586295246328
0.015700000000000002,0.004557145609962676,-0.001871445573873397
0.015710000000000002,0.0026658665073825355,0.0011777362578340245
0.01572,0.0037290318746986406,0.0033238340939329867
0.01573,0.0014497048667693586,0.0009597659880184585
0.01574,0.00264407641988731,0.0005911971064502157
0.01575,0.0045498248662876085,0.001646434852588491
0.01576,-0.002947668826898666,0.001635572680491478
0.015770000000000003,0.0007896699245845623,-0.0008769674489300986
0.015780000000000002,0.00039235406270832695,0.0026047683620752174
0.015790000000000002,0.005524938587070125,0.0030126874508730433
0.0158,0.0016550995642874533,0.0032984938266899053
0.01581,0.0019503749493368523,0.0009978514798542767
0.01582,0.0005602792814606607,-0.0011162387647093664
0.01583,0.0020896060722403846,0.0027038923081838255
0.01584,0.0026766548322276593,0.0015562178010886127
0.015850000000000003,0.0009788585574119276,0.0036050102182373636
0.015860000000000003,0.00023653516529433547,0.003940939689836603
0.015870000000000002,0.0008668131137338172,0.0008843792642774931
0.015880000000000002,-6.187526304309065e-05,0.0013868111717511987
0.01589,0.0048227678221296495,0.0034212372188073574
0.0159,0.004829434736782528,0.003434631560195174
0.01591,0.0006656982839684331,0.0017291332962435088
0.01592,0.0013130869320292344,0.005052226679863825
0.01593,0.0004803549677608299,0.004178837227918979
0.015940000000000003,0.004660286892476335,0.006051047080547687
0.015950000000000002,0.002055452680122648,0.0038168156750219414
0.015960000000000002,0.007438576073240846,0.001157252531663049
0.01597,-0.0001943617382804911,-0.0013671198015424149
0.01598,0.0043015889931481005,-0.0013730359178766522
0.01599,0.0021319728303912508,0.003268254955661222
0.016,0.0032474078331490514,0.0032448822448202185
0.01601,0.0033220821168732624,0.0049520879296231935
0.016020000000000003,0.0009733151123159467,0.0010407296644497704
0.016030000000000003,0.0013330742746927012,0.004055467055438066
0.016040000000000002,0.004679635456562992,0.003297897412820919
0.016050000000000002,0.005246270551367544,3.97282341764644e-05
0.01606,0.006214176201959415,0.005442650259522317
0.01607,0.004351416558250753,0.005960133733380498
0.01608,-0.0004326294428837448,0.0013480023957741691
0.01609,0.001410454283808342,0.0038402199211440514
0.0161,0.0007812237828334996,0.003912614030651074
0.016110000000000003,0.00562302143123878,0.003788391843655498
0.016120000000000002,0.003449894896294576,0.0004226015265096361
0.016130000000000002,0.0011891344471420871,0.004897948037187691
0.01614,0.004441977742495831,0.002321033059729196
0.01615,0.0020479038234926528,-0.0016521819220949516
0.01616,0.0007424610832172736,0.00622263357795101
0.01617,0.0003236976095406436,0.002779116479704152
0.01618,0.004899939354468092,-0.00010932721095930449
0.016190000000000003,0.003254914839919379,0.004276710342188706
0.016200000000000003,0.0029109348423730667,0.00813804637510761
0.016210000000000002,-0.0004508201849004736,0.0045190581747785764
0.016220000000000002,0.0025412168186302268,0.003945802130696261
0.01623,0.0037698763838323918,0.0009360099877354108
0.01624,0.003345696478980179,-0.001313120104843453
0.01625,0.0040946401356218125,0.002999360001141713
0.01626,0.00416590673914549,0.004519639845896697
0.01627,0.003624267176794238,0.002699942017379026
0.016280000000000003,0.0011273317448753015,0.0009796814881867122
0.016290000000000002,0.005263378407855155,0.005277153520385072
0.016300000000000002,0.002414128871830259,0.002496847752897398
0.01631,0.001081561399243442,0.004750715354416159
0.01632,0.004222064029385068,0.006287995798514896
0.01633,0.001135024288577431,0.0016499042456156053
0.01634,0.0033550021772589763,0.0036992580936693184
0.01635,0.002461214774889417,0.0006607156685195681
0.016360000000000003,0.004655804654284736,0.0038492672625129185
0.016370000000000003,0.0010608807706089908,0.005118240684555044
0.016380000000000002,0.005234265594444039,0.0026763064788311456
0.016390000000000002,0.0030535029343021834,0.003516187285769566
0.0164,0.001171339931890847,0.002468492818420054
0.01641,-0.0014095823244389496,0.004161699125144884
0.01642,-0.00022736315803690383,0.005415985322677938
0.01643,0.0022358214508409755,0.0019861693914129215
0.01644,0.0016410320085596226,0.0018337831548012524
0.016450000000000003,0.005734000523174943,-0.0025653990049996625
0.016460000000000002,0.005451306447568481,0.0030866225338939176
0.016470000000000002,0.00048377005272117347,0.0002603079075466793
0.01648,0.00625103690659278,0.0005202759141885156
0.01649,0.0005919871655892411,0.004686275597845735
0.0165,0.0035762311049882846,0.0005361520578383392
0.01651,0.0033328123000577357,0.00036085440031688237
0.01652,0.005101641974288474,0.004535458113060105
0.016530000000000003,0.003964448234810366,0.00313639458069282
0.016540000000000003,0.006423248578318363,0.002412801247166971
0.016550000000000002,0.0005375604010182853,0.0033127324116916743
0.016560000000000002,0.007073838906234486,0.0003846214528745143
0.01657,0.0021792552612614645,0.0032473882283884977
0.01658,0.0027948069164803998,0.00045024456422794066
0.01659,0.005146767979312732,0.0070552886018088465
0.0166,0.0032957506699409396,0.0006074258712258317
0.01661,-0.00019399798032736443,0.0029318695663322026
0.016620000000000003,0.005112112907307139,0.003366608110477663
0.016630000000000002,0.0028999855229037376,0.0012380841880467368
0.016640000000000002,0.0007209007567068196,0.004086484879091082
0.01665,0.004733205915813162,-0.0006741227513107416
0.01666,0.006085775113962244,0.003565833720437289
0.01667,0.00570572076627345,-0.0002662099006577219
0.01668,0.0001753173175160364,0.0021204611556610966
0.01669,0.00391296846864813,0.006011475461287854
0.016700000000000003,0.004319991263306077,0.0019337451635380344
0.016710000000000003,0.0008555286756305688,0.004879462625953198
0.016720000000000002,0.0009792897293769063,0.005676752215171438
0.016730000000000002,0.0023403646063714766,0.005601332737867761
0.01674,0.0042674296453598754,0.002146530962779848
0.01675,0.0018712073163567968,0.0017390593981666102
0.01676,0.0037670662747981655,0.0025755412187831697
0.01677,0.0017232427393795889,0.002090318341629858
0.01678,0.0030684521160147917,-0.0018355342280854422
0.016790000000000003,0.00382806662296284,0.0004628441724843532
0.016800000000000002,0.0006054977596913953,-0.0009520495483020916
0.016810000000000002,-0.0006751904208481688,-0.00028790347334366195
0.01682,0.0014949845046371931,0.006329862057988316
0.01683,0.001861698749502478,0.0027791961087504256
0.01684,0.0037148523922424775,0.0026861782452822147
0.01685,0.002759434052414824,3.381218577699994e-05
0.01686,0.00581660726191988,0.006039144703996699
0.016870000000000003,-0.0004501341943742576,0.00037704580244552616
0.016880000000000003,0.002355993374798893,0.0004963788257784276
0.016890000000000002,0.003927975869475446,0.000969261306180331
0.016900000000000002,0.007246587438673398,0.004807254059220573
0.01691,0.003342053742463179,0.0044804804209884076
0.01692,0.005129136745850181,0.0012989638064542172
0.01693,0.0012853314619426467,0.0025834956612682224
0.01694,0.004641468092023385,0.0027056809500605196
0.01695,-0.0002353673910881959,0.0008222617470731626
0.016960000000000003,0.002771109414791967,0.0022769297734704357
0.016970000000000002,0.006864568902822895,-0.000343364690473082
0.016980000000000002,0.003931092278907989,0.005407187488369169
0.01699,0.007463242370959743,0.0016205163680462968
0.017,0.0039036307094717235,0.003569181736955999
0.01701,0.0033121640302484208,0.0022323202937961427
0.01702,0.00379357994859964,-0.002634131934748487
0.01703,0.004286196591683333,0.0026830654482593494
0.017040000000000003,0.0024775360996142676,0.006524783303575596
0.017050000000000003,0.0015730459770097877,0.0016252560712919574
0.017060000000000002,0.006906448580380754,0.000767634443220066
0.017070000000000002,0.0018235392115916052,0.002138055075895619
0.01708,0.004605666383482661,0.002848059673768631
0.01709,0.000339374207095647,0.0013684661357066333
0.0171,0.0017103433577221132,0.0022787096411352385
0.01711,0.003777166704874109,0.003269911579825699
0.01712,-0.0006261171161413177,0.004561730246614609
0.017130000000000003,0.003431470929314236,0.005203260437224987
0.017140000000000002,0.0038151565784434226,0.004637190195280345
0.017150000000000002,0.003860277074629905,0.005127343597339375
0.01716,0.003972114093109935,0.0022394092646524
0.01717,0.00747290847294047,0.004213661542307262
0.01718,0.00407595392680569,-0.0001166741273895015
0.01719,0.000352275744547775,0.00302171294576629
0.0172,0.0032203591117669285,0.001208383995242194
0.017210000000000003,0.0032117076944373317,0.005614229993228019
0.017220000000000003,0.0043209726656730785,0.00015530599774784843
0.017230000000000002,0.002707575326171483,0.000827736804015753
0.017240000000000002,0.0021556182541996524,0.0016107850514085627
0.01725,0.001976151871191361,-7.190787572835611e-05
0.01726,0.0026765584657172346,0.0013174939488020134
0.01727,-0.002926604915776795,0.006544999494629595
0.01728,0.005110256251403113,0.0016868000878809842
0.01729,0.002970779364608695,9.64388042990873e-05
0.017300000000000003,0.00632501118647024,0.006234670718905469
0.017310000000000002,0.003247376896773217,0.004487500317499862
0.017320000000000002,0.0032849868514374693,-0.0002326662793849638
0.01733,0.0021111902529364858,0.0027049859707390655
0.01734,0.002026165094822531,0.00200416879086641
0.01735,0.0027528848030347487,0.002280063528382333
0.01736,0.0030406241292357263,0.0003209554396544586
0.01737,0.001502497924762962,-0.00012665804053823507
0.017380000000000003,0.004892584241905457,-0.0017684386042034366
0.017390000000000003,0.0052445565935629185,0.005215898732941524
0.017400000000000002,0.002333437342387051,-0.002762729707855547
0.017410000000000002,0.0022155998470133687,0.002315520545170504
0.01742,0.0009174468310032113,0.001413796350767744
0.01743,0.00599945581396305,0.0037744316044317303
0.01744,0.0010903591784622545,-0.0007502770469899052
0.01745,0.002285874608732185,0.0020183516169220697
0.01746,0.003932729301306954,0.0013749755050792975
0.017470000000000003,0.003963751605971902,0.006316260636216656
0.017480000000000002,0.004572175874987562,0.002350119038726205
0.017490000000000002,0.0025752941091698295,0.001733293153849408
0.0175,0.00530329794382793,0.0011923557707774989
0.01751,0.003032882451183775,0.002549721578682313
0.01752,0.0019392894085767606,-0.00029726233671958143
0.01753,0.003589227409349711,0.002326003671473953
0.01754,0.003944179795943083,0.0013811537305691154
0.017550000000000003,0.0053857617568349005,0.0006951493815319533
0.017560000000000003,0.006368619876708814,-0.001046233602828559
0.017570000000000002,0.00381449943471826,0.0034002431272361485
0.017580000000000002,0.0013542650142630418,0.003298511855860797
0.01759,0.005504836181955785,-0.0019835716078944075
0.0176,0.003951707997599333,-0.002536133606334432
0.01761,0.0010153081637861421,0.005709082600594469
0.01762,0.001783492940436758,0.00010333165151397549
0.01763,0.002551600633953897,0.006587245839388314
0.017640000000000003,-0.0007154694693318818,0.00034915479581904864
0.017650000000000002,0.0059431771731910735,0.00616752063563409
0.017660000000000002,0.0027418699887376665,-2.5648253492464943e-05
0.01767,0.0071408379202975505,0.005641683011719503
0.01768,0.004307463220578898,0.0008283344807812629
0.01769,0.002851928740907179,0.0021327598408925853
0.0177,0.0036121080586360636,0.005355823577578489
0.01771,0.004709657407933221,0.0002994091198034051
0.017720000000000003,0.005704233951521661,0.003080766000495813
0.017730000000000003,0.004325790218733871,0.005387923760078539
0.017740000000000002,0.0007289155533700834,0.0023835310796310955
0.017750000000000002,0.0018895842250458146,-0.0006801965435779063
0.01776,0.003646330408465072,0.007478975355132408
0.01777,-0.0007268280600035391,0.0023916408494918545
0.01778,0.004234830125309616,0.0027026981694620133
0.01779,0.002727904826817482,-0.0001415513911367421
0.0178,0.0034201509450922005,0.0009436928264893189
0.017810000000000003,-0.001424849572571277,0.0048467445415903586
0.017820000000000003,0.004872181706191749,0.0025612212496965237
0.017830000000000002,0.003413975523125419,0.004606874392360816
0.01784,0.0034049213916974835,0.004266612423005469
0.01785,0.0023616934591781233,0.005082883612915489
0.01786,0.003598644947068948,0.00284735872110934
0.01787,0.0004173668036863798,0.0030335051165897124
0.01788,0.0012939944837931743,0.0011833664050900194
0.017890000000000003,0.001327568251721703,0.0003278003206944233
0.017900000000000003,0.007208277355995248,0.005123286511113679
0.017910000000000002,0.006799884448027819,1.515642708069644e-05
0.017920000000000002,0.0031020716896445343,-0.00012573082863780475
0.01793,0.0015685890339522503,0.0006253682871519069
0.01794,0.005439561252327812,0.0016695006067446517
0.01795,0.0050975662106400275,0.0036705393279489427
0.01796,0.007568499204111994,-0.000496253434711168
0.01797,0.005480102189103483,0.004755854092250603
0.017980000000000003,0.0010152918962140713,0.0044775762414725265
0.017990000000000003,0.0036347532143031908,0.002008694143004184
0.018000000000000002,0.0013150058836670251,0.0010257647318165323
0.01801,0.0070629144720540365,0.002465686121964107
0.01802,0.004527963560060115,0.0008828584476896703
0.01803,0.001404410794845576,0.0046289634342526
0.01804,0.00026537724838669643,0.0016349027625331644
0.01805,0.0030329973318768007,0.0026884118625884485
0.018060000000000003,0.002607168632116497,0.0032576424597489054
0.018070000000000003,0.004351479260506847,0.003935614105318792
0.018080000000000002,0.0009945725326957811,0.001898364813690092
0.018090000000000002,0.005356118129514987,0.004256305258257431
0.0181,0.00022128561322961064,0.0031703064359003474
0.01811,-0.0009890340172950072,0.0025615520700368543
0.01812,0.006763362335172803,0.0005722323408417266
0.01813,0.0012995938860182082,0.003996412726841762
0.01814,-0.00011695152287236618,0.0012031783712042586
0.018150000000000003,0.004161945168611574,0.0012004518819448127
0.018160000000000003,0.0024975341604132305,0.003957730023482841
0.018170000000000002,0.003812977398911556,0.0030033303002613312
0.01818,0.0022920516260477777,0.003210150522423371
0.01819,0.0027232416330137507,0.003385974175457566
0.0182,0.0019772536076083443,0.002105559550181323
0.01821,0.0009916125935063996,0.0024010167019843354
0.01822,0.001349936828383232,0.0002432733245591812
0.018230000000000003,0.003489671084775656,0.0028971799594226244
0.018240000000000003,0.004538506348908361,0.0016097833314266793
0.018250000000000002,0.0037892745192821794,0.003573963558146729
0.018260000000000002,0.0038631262446489787,0.0008213948712779567
0.01827,0.0032727152538133317,0.0032013165326419263
0.01828,0.002988754740408239,-0.00169958579208462
0.01829,0.0032957864290249703,0.0068987650681584765
0.0183,0.002255137875341788,0.0010178821390480482
0.01831,0.00372232262147604,0.003099125981881401
0.018320000000000003,0.0053615047796307875,-4.1033643778620905e-05
0.018330000000000003,0.004439203758367184,0.003655879778640624
0.018340000000000002,0.0026925588415569967,0.0031527431611934288
0.01835,0.005036175398784288,0.004220332035839129
0.01836,0.0006916301896449646,0.00411635028105107
0.01837,0.002848699840114189,0.002622114616760421
0.01838,0.00312487912687779,0.0021762128378591495
0.01839,0.005362308092218316,0.0023095951721259405
0.018400000000000003,0.0007402086529283091,0.0016903035380012965
0.018410000000000003,0.003337098013692622,0.0049361248585040735
0.018420000000000002,0.004186305479158638,0.0007769566543429183
0.018430000000000002,0.00795090333074587,0.0030079096377826535
0.01844,0.005531712220576412,0.0021752618348292747
0.01845,0.004048056340367948,0.00415795927944948
0.01846,0.005418134240157614,0.0045940903319743615
0.01847,0.004726545641925341,0.0018495115921154965
0.01848,0.0018390662425604473,0.0031452312910225876
0.018490000000000003,0.004849221015535292,0.002034905967380104
0.018500000000000003,0.005113715206474233,0.005385911841257274
0.018510000000000002,0.0011511357010268028,0.0008071678069401071
0.018520000000000002,0.0027034335455510096,0.003096565298158504
0.01853,0.001935455620199289,0.005186075949864931
0.01854,0.003833129215449308,0.002560895202168991
0.01855,0.00011358214978513968,-0.00014930013030118325
0.01856,0.003547825263749668,-0.001782529469477108
0.018570000000000003,0.005011487008815261,0.0021666842578818984
0.018580000000000003,0.009472803415857801,0.007099154495270656
0.018590000000000002,0.0026241244862374646,0.0022709779201081632
0.018600000000000002,0.004978590661846284,0.005890326959962089
0.01861,-0.00028822561075206787,-0.0010884394917030187
0.01862,0.0017441676245792401,0.0036501161882616616
0.01863,0.003982389009683643,0.004624513398918425
0.01864,0.0005896512264526315,-0.0021469878857191867
0.01865,0.00470547898995847,0.000829236529888686
0.018660000000000003,-0.001047120951474423,0.002776085687772809
0.018670000000000003,0.0045766101935880675,0.002242172936182101
0.018680000000000002,0.0020749659466540575,0.00216789162534045
0.018690000000000002,0.0022499009582273664,-0.00020914936030233056
0.0187,0.0015621087553204817,0.0035298333323905084
0.01871,0.0036352306807100557,0.0028237216780213903
0.01872,0.001001979985409916,0.0021249241705820028
0.01873,-0.0013614499299850567,0.0028452121365310067
0.018740000000000003,0.005850798655056407,-0.0004596772561753452
0.018750000000000003,0.0018216308321871405,0.003147128649819823
0.018760000000000002,0.005499574250055713,0.0015927938297321926
0.018770000000000002,0.001609790988151553,-0.0014482753670244822
0.01878,0.0032015704340062913,0.006574050739212529
0.01879,0.0035498134913697606,0.0024456683274168968
0.0188,0.0036396634444876073,0.0024683697905879516
0.01881,0.001369872197528641,0.00413744102848244
0.01882,0.0034478259710686862,0.0025264349856766112
0.018830000000000003,0.001045972716904781,0.005098551516500694
0.018840000000000003,0.0043265119726820815,0.0013860210349571475
0.018850000000000002,0.005001157763991286,0.0014970479763195563
0.018860000000000002,0.0014339025103921876,0.0009731102479640732
0.01887,-0.0005438263076816036,0.003435927960130872
0.01888,-0.0006635777906903299,3.628213976642836e-05
0.01889,-0.00115206302014958,0.0023213569064517527
0.0189,0.0026988729741318686,0.0018404302422267652
0.018910000000000003,0.0009147592667671264,0.00014968142522067815
0.018920000000000003,0.003929055009516002,0.001393371219197971
0.018930000000000002,0.0036334324168088347,0.0007243037480118893
0.018940000000000002,0.003363241615708571,0.0051016831197599945
0.01895,0.004173847952614896,0.0016706252208821956
0.01896,0.0035163143795539035,0.0020144482078592553
0.01897,0.0030180767607105963,0.0018448820397417836
0.01898,0.002674045797612239,0.00292061632491805
0.01899,0.0010163984939800543,0.0004649973272295364
0.019000000000000003,0.00022643033505762456,-0.0007034619775522946
0.019010000000000003,0.0005693494737862835,0.002816330383211675
0.019020000000000002,0.0012187391087975642,0.003524959324213253
0.019030000000000002,0.003074140785003077,-0.001438953116881492
0.01904,0.004315063469935963,0.004119977403613934
0.01905,0.00101778583221084,0.00333908788894504
0.01906,0.0012929134539586128,0.0026943701357610835
0.01907,0.00047731172838705793,-0.0010868590552145303
0.019080000000000003,0.0022410726433294025,0.002252220313471929
0.019090000000000003,0.0022117459824375586,0.00013194133441600878
0.019100000000000002,0.0022077054594835466,0.003038916089630326
0.019110000000000002,0.002918115604661823,0.002865652668138743
0.01912,0.001668069212355772,0.004844410347803219
0.01913,0.0006563507558223708,0.0034764189130293143
0.01914,0.005372877297943838,0.003463438193988178
0.01915,0.00260444420852431,0.0014453514940434857
0.01916,0.0050820653830282395,-0.0003436807949354125
0.019170000000000003,0.0010700388462233804,0.00170747688225717
0.019180000000000003,0.005485992035932111,0.003262450932503905
0.019190000000000002,0.001074990025804753,0.0018826233864571314
0.019200000000000002,0.0017828321446544898,0.001083983839282397
0.01921,0.004969654308200049,-0.0002396015184430605
0.01922,0.006229833529124951,0.00416066692669376
0.01923,0.005194391653876182,0.001578651218514642
0.01924,0.0027131832380784416,-0.00036145080014966845
0.019250000000000003,0.0019641360943384893,0.003492485000708356
0.019260000000000003,0.005605983133050005,0.00029118403862077487
0.019270000000000002,0.002283241105423452,0.0022032214889390824
0.019280000000000002,0.00022307041391926097,0.0036888405605675734
0.01929,0.00156706386284441,0.0021156834129048173
0.0193,0.002111541359757943,0.0009281090326821811
0.01931,0.00300174557921071,0.0020758887065957226
0.01932,0.002272515101653887,0.0010505063308217694
0.01933,0.0036556753933768863,0.005814985712550916
0.019340000000000003,0.003296795572760279,0.0045003090977983285
0.019350000000000003,0.00023697218182822544,0.002823916930091676
0.019360000000000002,0.0008230741891388582,-0.00044513452882087535
0.019370000000000002,0.0015394626771119669,0.004892835161111851
0.01938,0.00491863168443193,0.0029953669938304075
0.01939,-4.6406687400872906e-05,0.0021171171958697796
0.0194,0.0036227887258026125,0.0028610717983059307
0.01941,-0.0006678043128984859,0.0007296843752828829
0.019420000000000003,0.0028920213423829087,0.0035832225142933593
0.019430000000000003,-0.0013716848842391257,0.002186713260089607
0.019440000000000002,0.0033070620557716563,0.004210505595817494
0.019450000000000002,0.004407073313423497,0.0036767445561751103
0.01946,0.0014218706314706965,-0.0013040821637888278
0.01947,0.002236039501777812,0.004515505844994097
0.01948,0.005809447313184529,0.003933660375601566
0.01949,0.00388161301729194,0.003272161336607579
0.0195,0.0019110868631460757,0.002253081214049383
0.019510000000000003,0.006361856264834288,0.0006284054434757321
0.019520000000000003,0.006253667522758466,0.0018697846926505667
0.019530000000000002,0.005675366759437382,-0.0002994695780225297
0.019540000000000002,0.004196703415344346,0.0010409395012680395
0.01955,0.00019475297290175208,0.0029518670831188754
0.01956,0.005044623149752153,0.0008252352392766297
0.01957,2.803973963612068e-05,0.0023317475990831398
0.01958,0.0028515929632813575,0.0036123952873640007
0.019590000000000003,0.00492604459624491,0.0023972444675141114
0.019600000000000003,0.006738253788289281,0.002964863010325423
0.019610000000000002,0.002334785724483429,-0.0007064226122740504
0.019620000000000002,0.0025027111463799263,0.001844256693356389
0.01963,0.004949031102915562,0.0034423162042188653
0.01964,0.0006700744633596997,0.0028621759945621976
0.01965,0.004372266119393795,0.005574048100008139
0.01966,0.00480460265321935,0.004039996743273962
0.01967,0.003150157523328099,0.0032952453929313043
0.019680000000000003,0.005529386024573698,-0.00014661557133806595
0.019690000000000003,0.0023318881312540773,0.0009741194618374618
0.019700000000000002,0.0037894634592356394,0.004980018940660445
0.019710000000000002,0.0018375989581110946,-0.0022607166212026478
0.01972,0.0022074962250541188,0.004347156996604939
0.01973,0.004107587578437981,0.003376899341569703
0.01974,0.002472731100215012,-3.721741848019709e-05
0.01975,0.00406369615273435,0.0008525975366211122
0.019760000000000003,0.007401690655968433,0.003662492570938184
0.019770000000000003,0.001872590138127217,0.0012990245518860234
0.019780000000000002,0.0028483877584457302,0.00204310799003666
0.019790000000000002,0.005268333025685352,0.002895260856055189
0.0198,0.0015717911743800958,0.0063036264645228435
0.01981,0.0031340603675327652,0.004060740919037575
0.01982,0.001819379616725582,0.003249609190808618
0.01983,0.003658441415955901,-0.0012556043852348115
0.01984,0.007067160331680712,0.0051052992799453835
0.019850000000000003,0.0022426080306966385,0.0003197869319228712
0.019860000000000003,0.0037325103180677714,0.0026980377620756755
0.019870000000000002,0.0037491132904055313,0.002908113001811771
0.019880000000000002,0.004050645550159026,0.005419885350234611
0.01989,0.0041747580356254746,0.0004262785915953946
0.0199,0.00576406526027008,0.005807134250379068
0.01991,0.00934344082910527,0.0002792324870194065
0.01992,0.0035254790674793153,-0.00163766152658853
0.019930000000000003,0.004146400910999268,0.0014304505060272058
0.019940000000000003,0.0068873816210198065,0.0009779362812609787
0.019950000000000002,-0.0003374887352661942,0.0015849537552820882
0.019960000000000002,-0.0009097110161958564,0.004029995057627727
0.01997,-0.0010885145043303215,0.002585026119527688
0.01998,-0.0011135851131103451,0.0018878300533438116
0.01999,0.006329181653208562,0.0032500360473369425
0.02,0.001315824823346542,0.0024666477855129327
0.02001,0.003079232345823314,0.003474629850966001
0.020020000000000003,0.0003098683205133672,0.0037148179999090224
0.020030000000000003,-0.0023648118938059777,0.0012702285375536262
0.020040000000000002,0.0020678098839062215,0.003796965381706847
0.020050000000000002,0.0030900053507590757,-0.00028050039356442924
0.02006,0.001075143347654595,0.002928299615211689
0.02007,0.0028873807468309063,0.0013730051562832692
0.02008,0.0020842335602962725,0.00392390304686447
0.02009,0.0020109015799314196,0.0023556981391161026
0.020100000000000003,0.007386545365870413,-0.00031517117424414076
0.020110000000000003,-0.0006566279316103218,0.004099686799275241
0.020120000000000002,0.001690156628670845,0.0018963456822356354
0.020130000000000002,0.001485515092707338,0.0020135336222007754
0.02014,0.006245289048963165,0.004137703885042485
0.02015,0.00477304470253557,-0.00029869418156973967
0.02016,0.0007466749379369153,-0.0031440845285239057
0.02017,0.0014306053795476487,0.0044477919219548774
0.02018,0.004083644542369299,0.00209167168040416
0.020190000000000003,0.003005535311184056,0.0011572396767535915
0.020200000000000003,0.0034600378898587193,0.004067079775015581
0.020210000000000002,-0.0001808693245443681,0.003134930944515652
0.020220000000000002,0.004916157996292702,0.0017057472424200715
0.02023,0.004453073361715489,0.008165568859599515
0.02024,0.002843370313674332,0.0033231861198567787
0.02025,0.0015763253736805181,0.002899386293208363
0.02026,0.003973366311602907,0.002926880495751251
0.020270000000000003,0.0010138158222336973,0.002950231104199243
0.020280000000000003,0.005977981618576083,0.0034350907361273826
0.020290000000000002,0.0049779472783482255,0.002064106811917541
0.020300000000000002,0.004554156417787961,0.0030969778725965574
0.02031,0.0011529173980721337,0.003175795549439859
0.02032,0.001071728328939773,0.0012733042332905768
0.02033,0.0034341609487442302,0.003133864472659352
0.02034,0.0006774219624070322,0.004647658510806037
0.02035,0.0042002818877240715,0.001130541039543175
0.020360000000000003,-1.8517942956181466e-05,0.0022504995947913537
0.020370000000000003,0.0021651464213931606,0.002766900409195187
0.020380000000000002,0.0023311826064288657,-0.0014739835842393712
0.020390000000000002,0.0022811040123102188,0.0019300024573829437
0.0204,0.004325501779277902,0.001145151772754532
0.02041,0.006415910798033445,-0.0012814196366010542
0.02042,0.005681278049289819,0.0020935337660213695
0.02043,0.004778494281701996,0.0027020848193998774
0.020440000000000003,0.005338816973426395,0.001768067966191653
0.020450000000000003,0.0008628462965067467,0.00538411041444452
0.020460000000000002,0.0028335069818073086,0.002986528632426302
0.020470000000000002,0.0055303531096885464,0.0004798109470148847
0.02048,0.004252211966318703,0.0013642415651341504
0.02049,0.002797272230702143,0.002688898556594806
0.0205,6.154787165266054e-05,0.0009869759889414883
0.02051,0.005764517913628762,0.004317341801577526
0.02052,0.0029374733901995115,0.0030315155924082607
0.020530000000000003,0.00247464783152323,0.005258744599241355
0.020540000000000003,0.0026628078671356494,0.0030095710653656954
0.020550000000000002,0.005355953373016488,0.000991452866301701
0.020560000000000002,0.006181851397909837,-0.0005144181271297035
0.02057,0.006323937117595293,0.0018014622823616748
0.02058,0.00257963506853726,-0.001232898232567733
0.02059,0.002155822720709451,0.00046781760897968627
0.0206,0.0018504989385480805,0.002273117202472489
0.020610000000000003,0.004981754214718373,0.0029632542017284077
0.020620000000000003,0.003681903531793722,0.0003573169880515736
0.020630000000000003,0.001305421167840301,0.006146113971277924
0.020640000000000002,0.0015969062825026859,0.005861388509617876
0.02065,0.0025815648422737145,0.0025538558508918915
0.02066,0.00520879633161801,0.005093372697835537
0.02067,0.0028468195449325795,0.0017734095245982616
0.02068,0.002956982306082184,0.003226118368196402
0.02069,0.004851808997898461,0.0025589706122968407
0.020700000000000003,0.004307352524727199,0.00582753784399008
0.020710000000000003,0.0038325773413150042,0.003174431479238346
0.020720000000000002,3.251453838533152e-05,-0.0027100272159302674
0.020730000000000002,0.003847465602574095,0.0023620917884611147
0.02074,0.0020415266336934763,0.0030391077555638286
0.02075,0.0029506622484917976,0.004807914847577756
0.02076,0.003244069050812099,0.001058814678316145
0.02077,0.005052557283759434,0.0021187059038153618
0.020780000000000003,0.004125675548962563,0.0015984533497551874
0.020790000000000003,0.0017733256707226275,0.002721917834203811
0.020800000000000003,0.0030990138733188476,0.003513541959593104
0.020810000000000002,0.0025364421086322454,-0.0011185252602422687
0.02082,0.0022085627616932214,0.0041421375635139045
0.02083,0.002479735168691692,0.002062040049690075
0.02084,0.005047617022078834,0.0011311665293357728
0.02085,-1.0365858257237442e-05,0.002234156777654928
0.02086,0.002107269128656521,0.000623232313845768
0.020870000000000003,0.0027252364573370482,0.0035390420883623787
0.020880000000000003,0.003057792469125293,0.0031702986837040164
0.020890000000000002,0.006703561097655273,0.0018708844637012646
0.020900000000000002,0.003633818963605107,0.001538521014200929
0.02091,0.0013847781336517255,0.0013874378893201564
0.02092,0.0021203561950013682,0.003276510152255782
0.02093,0.007776400561665004,0.0011257769499405743
0.02094,0.0022453739129413624,0.0024319229660008292
0.020950000000000003,0.0038705976432809102,0.0030855756903396788
0.020960000000000003,0.0056475668413172725,-0.00229400509588254
0.020970000000000003,-0.0016941092934501401,0.0015673275845515082
0.020980000000000002,0.005274725901599278,-0.0005719073465542037
0.02099,-0.0029347641871646808,0.003702052221956834
0.021,0.003568189791569275,0.0003795811936321311
0.02101,0.0011101708809826477,0.0006208150706001727
0.02102,0.0033026953420421967,0.0013079763651427125
0.02103,0.004070127056213705,-0.003148342095585549
0.021040000000000003,0.0013686698857632352,0.0003091075262654738
0.021050000000000003,0.0025700665437070084,0.0014854240541959164
0.021060000000000002,0.0046788096314427366,-0.0011568499437566732
0.021070000000000002,0.003174479082366922,0.0036788003797469902
0.02108,0.00679716494782739,0.0015988994303438248
0.02109,0.003733161115439158,-0.001044990467865623
0.0211,-0.0016992947827400725,0.004252587519145962
0.02111,0.003073870644951409,0.004920367703171882
0.021120000000000003,0.00033855894796776167,0.0036034500643678437
0.021130000000000003,0.006823373788041111,0.003403360369576715
0.021140000000000003,0.0036392743866562756,0.0025813645879528956
0.021150000000000002,-5.52783826941604e-05,0.005275701477130608
0.02116,0.0018651422956817096,0.0035738252039188107
0.02117,-3.883810637792711e-05,0.00020624235369058695
0.02118,0.005957778124508113,0.0018708600025276047
0.02119,0.005994526985361775,0.002409306066320346
0.0212,-0.0005954469174244566,0.004350205294224951
0.021210000000000003,0.0019089364762835874,0.0039637503385227596
0.021220000000000003,0.0031395152183548215,-0.0005195612211939594
0.021230000000000002,0.003418055273759186,0.006959423948749252
0.021240000000000002,0.00407581080814102,0.002452244494806099
0.02125,0.0052408967315576305,0.0029889191742907594
0.02126,0.003509650313225747,0.00038463404940054097
0.02127,0.0035586497179470773,0.004639073283226007
0.02128,0.0014192010645336516,0.0054174800564709275
0.021290000000000003,0.002908284911593963,0.0007932512614686985
0.021300000000000003,0.005087332593746403,0.001995503590694024
0.021310000000000003,0.004611469583857398,0.0019858764824064227
0.021320000000000002,0.002973158779848495,0.0035568157475451938
0.021330000000000002,0.003674976329241461,-0.0014210667228016336
0.02134,0.0008510657702419109,0.004429118214252681
0.02135,0.0028296509982989127,0.0015231369531131505
0.02136,0.00037714696064630173,0.0004114281375766616
0.02137,-0.0009489315842297116,0.002368640471756667
0.021380000000000003,0.001898161128624369,0.0006383271638509935
0.021390000000000003,0.0029591599231877344,0.0032997451518909267
0.021400000000000002,0.0072821730114110556,-0.00045166209680388156
0.021410000000000002,0.005414909496875429,0.0045186086243343
0.02142,0.0015383320847051373,0.002979178079373505
0.02143,0.002181621107953539,0.0029443839069229574
0.02144,0.0061155195666792155,0.0037845196952898817
0.02145,0.004114844109734391,0.0017129889821883887
0.021460000000000003,0.0001298837470571101,0.0021569715012867362
0.021470000000000003,0.005511582990597496,-0.0004801275822716735
0.021480000000000003,0.0009885574388903999,0.002827043720256668
0.021490000000000002,0.0011297959904181553,0.0009897613788504174
0.021500000000000002,0.0022522776721044064,-0.00015612660152526745
0.02151,0.0011516003092396183,0.0039822638827561084
0.02152,0.00048547349406975705,-0.0006200364688591477
0.02153,0.0018405320471550825,0.004039918464792056
0.02154,0.0027071072288361547,0.0016471448719459054
0.021550000000000003,0.0031900371694680053,-0.0009148083603043923
0.021560000000000003,0.004091099502677325,0.003343775954362933
0.021570000000000002,0.002283439758793619,0.004589054210262062
0.021580000000000002,0.0008474329121877324,0.004833322377332602
0.02159,0.0034117807357275246,0.0019046983243377219
0.0216,0.0030634143196614956,0.0023635729949227973
0.02161,0.005544095460595847,0.0004250432033048217
0.02162,0.0015788591584139267,0.0046513060834150015
0.021630000000000003,0.0019131956269536506,0.004380065204346829
0.021640000000000003,0.006503505215703587,0.0017757076556736944
0.021650000000000003,0.004467725547035051,0.0002722117162794924
0.021660000000000002,0.004614835026134622,0.002978742729933059
0.021670000000000002,0.004051812422433012,0.0012890490025561719
0.02168,-0.00021606365282654657,0.0035869955745295025
0.02169,-0.0010203359142917337,0.001946088668753935
0.0217,0.004989201228113078,0.0029648832430673767
0.02171,0.0070038897817876426,0.004631604104509666
0.021720000000000003,0.0017997746049028842,0.0026363104970849646
0.021730000000000003,0.0030131967583044606,-0.0005823719411944817
0.021740000000000002,0.0012275070048392302,0.001460757529801934
0.021750000000000002,-0.0009637696008320869,0.0026775639487454147
0.02176,0.0026108941753846377,-0.0007629132116156361
0.02177,0.00391782994787714,0.00401491756950796
0.02178,0.0035638394205864798,0.0019353331292479249
0.02179,0.004293020904878653,0.003944207510648443
0.021800000000000003,0.003725309772398028,0.0009348395094120965
0.021810000000000003,0.003664070088711541,0.004975322443144407
0.021820000000000003,0.0019179762584243245,0.006780536861663248
0.021830000000000002,0.002060338218944859,0.0026497691627444444
0.021840000000000002,0.0017669944995611006,0.0030317936713990037
0.02185,-0.0003721121955673609,0.001493465176315462
0.02186,0.0009284541806876155,0.0028565221550875307
0.02187,0.005101956617717047,0.0038781544299171457
0.02188,-0.001629891675990469,0.006670577869027297
0.021890000000000003,0.003704351999791324,0.0010337367008346977
0.021900000000000003,0.00342841292322842,0.0029394109567081046
0.021910000000000002,0.001780824511995436,0.002983160887568861
0.021920000000000002,0.001899942125345349,0.0017788997200536556
0.02193,0.0017426930778787753,-0.0002774228100626613
0.02194,0.003407288832818385,0.0037588146179330885
0.02195,0.004145747521814743,0.004228362137222268
0.02196,0.003765025081321747,0.001523356434203714
0.021970000000000003,0.004796036616219859,-0.00012593193865965708
0.021980000000000003,0.0013157302429131852,0.000660998620331943
0.021990000000000003,0.005277549141392264,0.00447527132544681
0.022000000000000002,0.004092411407053509,0.004733849473478889
0.022010000000000002,0.0013595991727432509,0.0032874753406326213
0.02202,0.002868179580237798,0.004284344578568831
0.02203,0.0028884435662490894,0.0018209897759663243
0.02204,0.004201072557816453,0.004343508981321667
0.02205,0.001782928515412567,0.0024693143106184075
0.022060000000000003,0.00100310091738426,-0.002404361462981585
0.022070000000000003,0.003521264622285011,0.0038098661155577243
0.022080000000000002,0.0036448420477283843,-0.0013067732889872966
0.022090000000000002,0.0024193725348854666,-0.0018440507176132352
0.0221,0.005860836471294988,0.0004208302067803828
0.02211,0.005632604231397859,0.0044849731395381585
0.02212,0.0013209789595190684,0.0003279583434788445
0.02213,0.003823262645177014,0.0009051744782492103
0.022140000000000003,0.0033278539403121653,0.0016284615904244007
0.022150000000000003,-0.0004390698334876767,-0.0018665251339006878
0.022160000000000003,0.0035769777278151175,0.0014715894569492446
0.022170000000000002,0.0020177917283924606,0.003986726586077693
0.022180000000000002,0.00547121794297077,0.0020502033365285043
0.02219,0.0024434978995394587,0.003595872629989201
0.0222,0.00041118599385918126,0.003042186370978308
0.02221,0.00422919079312525,0.003956634289316608
0.02222,-0.0007477249429003936,0.0010737568572035676
0.022230000000000003,0.0013696154655596098,0.0027965347433862725
0.022240000000000003,0.004087992536400273,0.005590475000677064
0.022250000000000002,0.002136933718418924,0.0016022024539192662
0.022260000000000002,0.005426569915913497,0.0031907945059506445
0.02227,0.005662889996320119,0.0031753897269261263
0.02228,0.0008137147291700166,-6.80299829044018e-05
0.02229,2.5284358072197744e-05,0.003922623315705437
0.0223,0.005505863288975481,0.006297536762355161
0.022310000000000003,0.004815240991153981,0.0049247823819669415
0.022320000000000003,0.0019693582420774163,0.00028656625470845076
0.022330000000000003,0.004829910050344964,0.0034350519680226687
0.022340000000000002,0.003345000509640945,0.0033747259142698684
0.022350000000000002,0.0037768429987254646,0.00516790907634709
0.02236,0.005720803373769716,0.0036890083791964587
0.02237,0.004822798017141453,0.0036289850115444216
0.02238,0.002209212773455283,0.00411428140306708
0.02239,0.00034292196302005773,0.004709227218808761
0.022400000000000003,0.0007432259822016253,0.0031733426632762894
0.022410000000000003,0.0014423236037333746,0.003708805945862435
0.022420000000000002,0.003065140625514495,-0.0005871921319661744
0.022430000000000002,0.003974749794200167,0.0014467699500252769
0.02244,0.004896003326666689,0.002605554515236096
0.02245,0.003924911106852089,0.0006880567766228184
0.02246,0.001955763822492066,0.0016862088782093419
0.02247,0.0048481922934126955,0.005958531704715923
0.022480000000000003,0.001524802775407864,0.004757765112111688
0.022490000000000003,-0.0012038497121313885,0.00021598122936379192
0.022500000000000003,0.0012183069539082778,-0.00010036622345772905
0.022510000000000002,-3.095427172115136e-05,0.003430940018760524
0.022520000000000002,0.0027084456526557093,0.0033640439440047257
0.02253,0.004517884859371909,0.003136758004759939
0.02254,0.004452824177281809,0.002466750230923839
0.02255,0.0007636692851310926,0.004721733865478894
0.02256,0.001959789931925717,0.0007352035222390027
0.022570000000000003,0.002782536480682874,0.0007810648126571449
0.022580000000000003,0.002303869402249175,0.00329508494148525
0.022590000000000002,0.0038357714778636,0.0008116073282990275
0.022600000000000002,0.0021640349858982905,0.004756223749228489
0.02261,0.004132603599043322,0.006757978012730398
0.02262,0.005500417242267398,0.004896724181367883
0.02263,0.0003647812245848141,0.004136148773660629
0.02264,0.0030346620523916935,0.0015067544054557897
0.022650000000000003,0.0034772635667904505,0.0044994309399480565
0.022660000000000003,0.0041432531973981555,0.0008523500423495618
0.022670000000000003,0.004626864872037364,0.0013344122513675673
0.022680000000000002,0.00357567021211465,0.0020031768072896177
0.022690000000000002,0.002704928299993768,0.00414265241534916
0.0227,0.0010626300931304926,0.006500846053207341
0.02271,-0.0004987979764378486,0.001415409893951323
0.02272,0.0038841544715882397,0.003779662865622522
0.02273,0.002943135680352811,0.002496542315583995
0.022740000000000003,0.003965543622253774,0.002149473872112144
0.022750000000000003,0.005931162197954452,0.004290600077597251
0.022760000000000002,0.004890804515038627,0.0006798773412266682
0.022770000000000002,0.0029867349956880463,0.0020115477461471938
0.02278,0.001134665025194668,0.0033330967839495375
0.02279,0.002070932093762756,0.003923864765136774
0.0228,0.0010061962170296672,0.006051426937467653
0.02281,0.0013542696599497276,0.003052238909562463
0.022820000000000003,0.004731009133117431,0.0014726418152291977
0.022830000000000003,0.0048525832353788255,0.0001558438376469901
0.022840000000000003,0.006052236684086039,0.002642797838008552
0.022850000000000002,0.0019555337080996147,0.0020164239553223714
0.022860000000000002,0.004766550202319748,0.00144616502590767
0.02287,0.001650351325438102,0.002172290441263519
0.02288,0.000795497420817335,0.006256739396588192
0.02289,0.0020169873073974764,0.004279173014849955
0.0229,0.003569071402059846,0.0006471591208806575
0.022910000000000003,0.0031385764628155564,0.0041845204774521635
0.022920000000000003,0.0027743177591559786,0.005003028425209128
0.022930000000000002,0.005194225664662206,0.004454919775250098
0.022940000000000002,0.0022322356860760466,0.00045769262060636404
0.02295,0.001924728273244974,0.0030101467656077057
0.02296,0.0042438310662799615,-0.001725190639213242
0.02297,0.0031363852932037267,0.002934417824975235
0.02298,0.0025978771430464325,0.005201074174428961
0.022990000000000003,0.003996879665538882,0.005239197352733686
0.023000000000000003,0.00272175223987646,0.004494055479925948
0.023010000000000003,0.006424159735422729,0.005242774270022239
0.023020000000000002,0.0009700973276226964,0.0021123220112406185
0.023030000000000002,0.0024644045740853907,0.003598469949669104
0.02304,0.004527794467981785,0.0009424621630575484
0.02305,0.003291117661287728,-0.0014193206031503465
0.02306,0.00603968382316257,0.0015960720483805418
0.02307,0.00326787477202685,0.002001807488907606
0.023080000000000003,0.005448555025888129,-0.003053619660124805
0.023090000000000003,0.003123632077547469,0.002410041932155776
0.023100000000000002,0.002249932776238542,0.006074418681657148
0.023110000000000002,0.0013828993258876289,0.004165844006903844
0.02312,0.0038704164162131774,0.005145576138420487
0.02313,0.0018238851675422669,0.0011568857349474688
0.02314,0.005350755553512545,0.0034737519686875748
0.02315,6.909334989860022e-05,0.0015447850609781883
0.023160000000000004,0.003932085558946126,0.004299209189978396
0.023170000000000003,0.001801211056235038,-0.0032045456566070205
0.023180000000000003,0.004206470748908479,0.00018361043849968606
0.023190000000000002,-0.000874301300485041,-0.0030401146169428245
0.023200000000000002,0.004788689838061845,0.0028820574678081004
0.02321,0.0027097670817988802,0.0054031565462890705
0.02322,0.0044360808385461425,0.00585799307862315
0.02323,0.0003763120612312854,0.0025565768375952
0.02324,-7.129230740780595e-05,0.0021671984336816314
0.023250000000000003,0.0026652540758043976,0.0038794753034312977
0.023260000000000003,0.0032539647904665063,0.003873347156658189
0.023270000000000002,0.004570068443369648,0.00693667500579585
0.023280000000000002,0.0025329459195616456,0.0007450569404233531
0.02329,0.0036560574180102418,0.0010228268980561734
0.0233,0.00612816258576406,0.0020612354049337513
0.02331,0.0020334390789950633,0.0016853244909778827
0.02332,0.004601777331945259,0.0023127463372970723
0.023330000000000004,0.0018819594194753302,0.005959228429568062
0.023340000000000003,0.0014533038576901287,0.0026999409530859267
0.023350000000000003,0.004470606226123196,-0.0006335772849204017
0.023360000000000002,0.004126865214283342,0.00051916163609834
0.023370000000000002,0.00481225996645591,0.0007043589346752252
0.02338,0.004552582566617624,0.004841610982921685
0.02339,0.004890267557200948,0.003132861959049319
0.0234,0.0027051425280425895,0.001477673242622624
0.02341,0.006110163608521764,0.0012318056082110719
0.023420000000000003,0.0010943117978196785,0.003961817492457357
0.023430000000000003,0.0015765199618128912,0.0007312361219524565
0.023440000000000003,0.0002819345722941389,0.001665826853160681
0.023450000000000002,0.0030040624825774472,0.003118113323360367
0.02346,0.005072454358062473,0.0036860089721442515
0.02347,0.002788446674873776,0.002236104949699492
0.02348,0.004190855201817872,0.005177919726890979
0.02349,0.0034235177185191184,0.0016948007121725798
0.023500000000000004,0.001185506278571714,-0.0002570651676309021
0.023510000000000003,0.004504126491711768,0.0037895852701692913
0.023520000000000003,0.004326662970478675,0.00237659211303499
0.023530000000000002,0.005986154090515004,0.0016659567206264488
0.023540000000000002,0.00508317165750432,0.0025569905451377356
0.02355,0.0019562801440485577,0.0038198194963924735
0.02356,0.0039926023071180485,0.003348986868305898
0.02357,0.0033362352162973055,0.0025595375757839598
0.02358,0.007950770566519091,0.005004119340541475
0.023590000000000003,0.00462002848556737,0.0028594865990287355
0.023600000000000003,0.005189037117898938,0.0036721599894743474
0.023610000000000003,0.0032274801497202683,0.00202932386188102
0.023620000000000002,0.003013583802736908,-0.0037041169619147236
0.02363,0.003596967897037223,0.0016600642688114843
0.02364,0.006361453861942932,0.002675986411663893
0.02365,0.0007985345798639664,0.0025378197246647203
0.02366,0.0010845667090529656,0.0035846765491538164
0.023670000000000004,0.0037590509748541725,0.004553822586735609
0.023680000000000003,0.0015957399366021566,0.002706441045802662
0.023690000000000003,0.0004478071098386015,0.004041695868114984
0.023700000000000002,0.004215940149222769,0.0036305977193864976
0.023710000000000002,0.0031817828457226262,0.003468814754176019
0.02372,0.0063875699013731455,0.002069361676037374
0.02373,0.003456528861069676,0.0004675787315919738
0.02374,0.0014430632865580254,0.0028357389783397143
0.02375,0.005387798926540524,0.0021278317282675974
0.023760000000000003,0.00270844530523646,0.0018269037948533385
0.023770000000000003,0.002111111460303106,0.003230898024899086
0.023780000000000003,0.00018645585723755078,0.005203115019016508
0.023790000000000002,0.0018504728044759751,0.004085323511397388
0.0238,0.0006416663666890237,0.003979477399142162
0.02381,0.004525898845514258,0.0034104818023347784
0.02382,0.0011934985624254876,0.0031414544805910462
0.02383,0.0008165891204920668,0.0021371119571270253
0.023840000000000004,0.005241873483667806,0.004236322610291874
0.023850000000000003,0.0032137588665593674,0.000693585816096022
0.023860000000000003,0.004474914013537704,0.002682241578143167
0.023870000000000002,-0.0014565470915068822,0.004209018813253375
0.023880000000000002,0.003135963861097349,0.005048941637581173
0.02389,0.0009942338232162354,-0.003709088580607216
0.0239,0.0037432878179038203,0.0032277262265470916
0.02391,-0.00019587800537727244,0.000687879532130382
0.02392,0.008696245794272202,0.0020339370695719476
0.023930000000000003,0.00464807322502013,0.0013441182405476222
0.023940000000000003,-0.0009941056515009152,0.0023052009225395967
0.023950000000000003,0.0026556358081370936,0.0018462403831371152
0.023960000000000002,0.002957907948830364,0.003174812771656205
0.02397,0.002887300317162985,0.00011854318396303494
0.02398,0.004160248311379125,-0.001251908775639421
0.02399,-0.0009124917689077787,0.004125474863264074
0.024,0.0042026080162208945,0.00253260220632919
0.024010000000000004,0.00039801469767716943,0.001231850041559151
0.024020000000000003,0.0026637623560623325,-0.0005438371039443259
0.024030000000000003,0.0017115425887110464,0.003952890343773209
0.024040000000000002,0.0060445545957954466,0.001809638920290777
0.024050000000000002,0.004703264447509155,-0.0011793330333542723
0.02406,0.004509534002027618,0.0010411688846558552
0.02407,0.0038056664434662395,0.0021538394080514852
0.02408,0.005832146829257252,0.0009007514024535895
0.02409,0.004446874913904752,0.0020908861513777638
0.024100000000000003,0.0028753947813682664,0.0022824715947770873
0.024110000000000003,0.0015010028565835753,0.0026222596767464454
0.024120000000000003,0.0030673958591527083,0.003133216257229411
0.024130000000000002,0.0033620457423095412,0.004247002935940692
0.02414,0.005040395740311437,0.0005500451938571503
0.02415,0.0049312664765189815,0.0002788969086379516
0.02416,0.004369776128623873,0.0038913251822087318
0.02417,-0.0006282266440131136,0.002838083880459569
0.024180000000000004,0.0022577576095695173,0.0011348725708321156
0.024190000000000003,0.005896797104743345,0.001345322429486389
0.024200000000000003,0.0015826811023034516,0.0028043481396378468
0.024210000000000002,0.004566956880531669,0.002369938561333683
0.024220000000000002,0.005528860816931661,0.0037154644559199554
0.02423,-0.001159960665886447,0.0015948565285788157
0.02424,0.0020731199332430436,0.00361278961106756
0.02425,-0.0020524879119832137,0.007752364295326419
0.02426,0.0042595403698822394,0.0029523755845264855
0.024270000000000003,0.005560965502832801,0.007342207106285791
0.024280000000000003,0.004939665159705451,0.00455280214279391
0.024290000000000003,0.003459893630686498,0.002372401317578924
0.024300000000000002,0.002247264315733411,0.001003505640669181
0.024310000000000002,0.0018251685371474607,-4.510557942774291e-05
0.02432,0.00304779527885872,-0.000713052154608916
0.02433,0.0035817125831388093,0.0025838983598215947
0.02434,0.00349409139724887,0.001612572937456553
0.024350000000000004,0.009354282717523203,0.005377344305026262
0.024360000000000003,0.0007118180648030921,0.0031231250323183156
0.024370000000000003,0.0019852317780928515,0.0006287056825292491
0.024380000000000002,0.0005214408319601238,0.003522374721673653
0.024390000000000002,0.0018391653256157234,0.004593869518198915
0.0244,0.005189830957729794,0.0054063222963977855
0.02441,0.001497833640862642,0.0036095007290689813
0.02442,0.004467856162125924,0.0017106890651214172
0.02443,0.0016597442814351771,0.005878362580510557
0.024440000000000003,0.0036586203266742966,0.00393153251004674
0.024450000000000003,0.001559816842213714,0.00022130376132937536
0.024460000000000003,0.0020654095192752416,0.0024121055314805183
0.024470000000000002,0.0010762091688055059,0.002640734227033096
0.024480000000000002,-0.00017202116766494102,0.00042060446370436244
0.02449,0.004547151642968984,0.00386855573979728
0.0245,0.0024219154655561338,0.0006257213980222984
0.02451,0.0011512016552240123,0.0019149887676157534
0.024520000000000004,0.004495385415604332,0.004518291811946754
0.024530000000000003,0.002213624547539022,0.00035509067353583796
0.024540000000000003,0.0037427147926362187,0.0010152806070385597
0.024550000000000002,0.002170861649852941,0.005313177678536663
0.024560000000000002,0.004861937107709636,0.002978848998175166
0.02457,0.000664207483746061,0.0030859683113104177
0.02458,0.005333699215390252,0.0019121825742717934
0.02459,0.005910951874142176,0.005249215141059683
0.0246,0.006536528331378598,0.0032744853981426765
0.024610000000000003,0.00438418495225538,0.0054926482316847575
0.024620000000000003,0.004104528225021192,0.001662079876320217
0.024630000000000003,0.002312993388814898,0.003141932363311145
0.024640000000000002,0.0006292948417723136,0.0023785789159327135
0.024650000000000002,0.005403850458785329,-0.0017171367376882267
0.02466,0.006280058875498989,0.004910393547163041
0.02467,0.0022919038028182794,0.0037527008377971688
0.02468,0.0032180667639042956,0.005126173918459426
0.024690000000000004,0.005177475784346014,-0.00013367433797458004
0.024700000000000003,0.004386972427609935,0.0022554852552443276
0.024710000000000003,0.0033784507568130036,0.001210670942109666
0.024720000000000002,0.006709397682392228,0.004747412092801046
0.024730000000000002,0.001733919057915599,-1.6591244008717573e-06
0.02474,0.0024424538790126676,0.003536840945551937
0.02475,0.003694548497422065,0.005174374794430454
0.02476,0.004794313835965509,0.00460752061554816
0.02477,0.0038685226884702436,-0.00010994154955874585
0.024780000000000003,0.0028237522342308935,0.004789108665222689
0.024790000000000003,0.003112440762438817,0.0036753831249648795
0.024800000000000003,0.0025783272257056044,0.0006098518207642511
0.024810000000000002,0.0029694728786199593,0.003287843461910901
0.024820000000000002,0.0019051226321662913,0.0021985990720455226
0.02483,0.0013379085654149792,0.004908784310764401
0.02484,0.0026282604264874277,0.005576078407778424
0.02485,0.006275004449058607,0.0025087481580332847
0.024860000000000004,0.0012009480032900218,-0.0015006829699300075
0.024870000000000003,0.00027410795689154386,-7.628423804331361e-05
0.024880000000000003,0.00597545790663879,0.002903307140630897
0.024890000000000002,0.003998064162938373,-0.0017689115690164253
0.024900000000000002,0.0008232586336841081,0.004446362412725157
0.02491,0.003793076008631247,0.002378064641790142
0.02492,0.004349548707254507,0.00594434307915973
0.02493,0.002778115183666566,0.0028117592683769743
0.02494,0.0036057299834453124,0.007457511058275439
0.024950000000000003,-0.0009778404330003316,0.004040009870513434
0.024960000000000003,0.0029916034628448855,0.003807379275102097
0.024970000000000003,0.0019067986316263668,0.0025761776714520747
0.024980000000000002,0.004644700592584292,0.008900199974376926
0.024990000000000002,0.004838287421336728,0.0009785201440811859
0.025,0.002375031202265313,0.0017680948200077579
