time,sp3,sp4
0.0,0.01638871365473997,0.019319819616597126
1e-05,0.02008911690580285,0.01578248901256224
2e-05,0.01960890139366819,0.017905641583212506
3.0000000000000004e-05,0.015041951645280476,0.015397480837394645
4e-05,0.018789791265332968,0.01601915322241372
5e-05,0.014764389855892516,0.013049912343069901
6.000000000000001e-05,0.014115388690565105,0.011562427264053092
7.000000000000001e-05,0.009022535871663583,0.01580742219483125
8e-05,0.012861287622729773,0.011724135900522332
9e-05,0.011797376675117145,0.008722899790018388
0.0001,0.010943812754432432,0.006314222220145602
0.00011,0.015308767327614485,0.006413450442591215
0.00012000000000000002,0.00816307189947302,0.007416725472375294
0.00013000000000000002,0.012306436324478526,0.007782636399676427
0.00014000000000000001,0.006789868079446655,0.00975703944031453
0.00015000000000000001,0.010282533807227986,0.00785549605692362
0.00016,0.009835114637808643,0.011130604704970548
0.00017,0.012380039557026136,0.004562444636222967
0.00018,0.010885443404156332,0.006324934387209638
0.00019,0.008283978514415095,0.0018237086366693664
0.0002,0.006612210981471892,0.003257577574743981
0.00021,0.008294278742540412,0.00672424889276815
0.00022,0.0021913475052243708,0.004259495841791312
0.00023,0.008302267235766004,0.00367317151361358
0.00024000000000000003,0.00725012351332577,0.004512313774770904
0.00025,0.0062232312700231385,0.0030504145630678562
0.00026000000000000003,0.002868426406848342,0.0011518682723151955
0.00027,0.0064950929538299465,0.0032538358447391576
0.00028000000000000003,0.0045867012758850426,0.0022045609291818868
0.00029,0.004052689688173912,0.005000346186793465
0.00030000000000000003,0.0038034366920662336,9.463163551910432e-05
0.00031,0.005783155734585743,0.0022525338684649993
0.00032,0.004191232527050214,0.005777396230578815
0.00033000000000000005,0.003930193785722676,0.0030540198041023817
0.00034,0.0014662795247318127,0.001962120590309915
0.00035000000000000005,0.00490560220991519,-0.0007722325693808509
0.00036,0.003959967272549992,0.0024872087875181894
0.00037000000000000005,0.0035215846026138468,0.0043159142208300996
0.00038,0.003997332144669138,0.005161403114570218
0.00039000000000000005,0.001239140458200701,0.0024473667650814174
0.0004,0.00330123591240297,1.285664778817629e-05
0.00041000000000000005,0.004958681751283291,0.006781250858102647
0.00042,0.0029333484394970934,0.0031263886673525212
0.00043000000000000004,0.0030648011126245497,0.000676846332660952
0.00044,-0.0008105811404027501,0.0006827914835900164
0.00045000000000000004,-1.1410882285058706e-05,0.005495039041086199
0.00046,0.002489848815258158,0.0013892684647547307
0.00047000000000000004,0.004451527732580013,-0.00016667431561782345
0.00048000000000000007,0.0010978211442101689,0.002209874121423863
0.0004900000000000001,0.004652180848155491,0.00307496446520645
0.0005,0.0030587437872425793,0.002226481004976636
0.00051,0.003333975965723133,0.0024728457942514302
0.0005200000000000001,0.0004485491318783328,0.002161520476835433
0.0005300000000000001,0.0003393224130765183,0.002231783262888217
0.00054,0.0015064868851164034,0.007148996101057287
0.00055,0.0023716387152523735,-0.0007373343054884562
0.0005600000000000001,0.0021689836605991264,0.003111021987539631
0.0005700000000000001,0.005771996412803081,0.0008947667705050334
0.00058,-0.0007498938576131881,0.003708887246400237
0.00059,-0.0003549869304638664,0.0012045917411529867
0.0006000000000000001,0.0018835814845423304,0.0019394508490361121
0.0006100000000000001,0.003770957182274574,0.0007133719082477196
0.00062,0.0018400194368219645,0.002054115042021636
0.00063,0.002682435396807435,0.002280405417111908
0.00064,0.003251808661824715,0.003774594970985969
0.0006500000000000001,0.003162317787313542,0.00299631261413688
0.0006600000000000001,-0.0007895379020673391,0.002191875818978184
0.00067,0.003332311840004278,0.0035516285010391297
0.00068,0.0009874459699218954,0.0007780345860444564
0.0006900000000000001,0.001223201204876655,0.003171344524050105
0.0007000000000000001,0.004438773428414101,0.0012860325041912943
0.00071,0.004186854570201495,0.002350377086609782
0.00072,0.0021225488055356925,0.0016831392870857416
0.0007300000000000001,0.003864772256031019,0.0027595763200824997
0.0007400000000000001,0.006923839609231597,0.0004065044386784883
0.00075,0.0034092165205975027,0.0010551025395061759
0.00076,0.0006354269708514295,0.002094336838927161
0.0007700000000000001,0.002649838340244637,0.007954998615488366
0.0007800000000000001,0.0020081023673221648,-0.0001391134317655792
0.00079,0.0029237899031829893,-0.0020254329537588846
0.0008,0.0021953307105597925,0.002158509930320398
0.0008100000000000001,0.003970011241776783,0.004076323958254426
0.0008200000000000001,0.0013753182424091953,0.0018304781811138127
0.0008300000000000001,0.0008519352144329502,-0.00012178658421672971
0.00084,0.00300575082636293,-0.00041019569621890146
0.0008500000000000001,0.0015585503440820173,0.00014926799571550247
0.0008600000000000001,0.003489066162314503,0.005745119439578094
0.0008700000000000001,-0.00021153286934200068,-0.0015611323894547335
0.00088,0.0021438558008894226,0.002178946799726345
0.0008900000000000001,0.002832973842977373,0.0012575574493822194
0.0009000000000000001,0.001996437928784443,0.0028878666113760047
0.0009100000000000001,0.004480672091659716,-0.0017546049543841879
0.00092,0.0016640548743577727,0.0025857559481607065
0.00093,0.0005681321361954695,0.005623121910373125
0.0009400000000000001,0.0011354400672939425,0.0020808396450234553
0.0009500000000000001,0.0035205023656805197,0.0009834955079907762
0.0009600000000000001,-0.0012824685420224696,0.0013113934341950182
0.00097,0.004471797438865778,0.0014975466444835566
0.0009800000000000002,0.0007223044021068745,0.00402531243416779
0.00099,0.0017558964484161474,0.001156273937072756
0.001,0.0027186469896460937,0.003720719713388329
0.00101,0.007185464665244873,0.00383631118978628
0.00102,0.004744033532713747,0.0011725219970568088
0.00103,0.0003749456650514174,0.00231172806283207
0.0010400000000000001,0.002643361413238509,3.2646221714529005e-05
0.0010500000000000002,0.0020807828762680215,0.0029909084604200866
0.0010600000000000002,0.0031545190077887863,0.003203445581179485
0.00107,0.003018031223876837,0.0011834441039913443
0.00108,0.0014106787055094458,-0.00019785501735615366
0.00109,0.006010416311078624,0.0022295295597060056
0.0011,0.001993553942619385,0.0003476203124217591
0.00111,0.00831697673234728,6.111855472529237e-05
0.0011200000000000001,0.0015903725381739178,0.0030420128484238314
0.0011300000000000001,0.0036509079356247948,0.004128762176823946
0.0011400000000000002,0.00606811837806113,0.0032277665292591946
0.0011500000000000002,0.0003432644783652977,0.0017041083149140603
0.00116,0.003073420531136074,0.006356992128721461
0.00117,-0.0003354208173950218,0.004628228614201814
0.00118,0.002822457547977996,0.003901266257956759
0.00119,0.002261082047121138,0.0005432634889733269
0.0012000000000000001,0.003969263412778015,0.0035395082991283894
0.0012100000000000001,0.004414081573847423,0.002206548363179827
0.0012200000000000002,0.001272776523277128,-0.0008819111112972123
0.0012300000000000002,0.004113622907858124,0.00308594090955429
0.00124,0.0005457695263130892,0.0011635074530190412
0.00125,0.0015462779610329286,-0.0007228274500298919
0.00126,0.0008468937189485359,-2.203895338890498e-05
0.00127,0.0016597653194863485,0.0007707008164978097
0.00128,-0.0007668199868078006,0.006295744010504947
0.0012900000000000001,0.004994739292551377,0.0006949861042787229
0.0013000000000000002,0.003036969852874703,0.003090410166859681
0.0013100000000000002,0.004876769047208441,0.0006207185975894733
0.0013200000000000002,0.004681282033855672,0.0011645603134018477
0.00133,-0.0001721845576253228,0.0037110799034901216
0.00134,0.005083529351939757,0.00744105417348433
0.00135,0.00010503451114854314,0.0036654986044444724
0.00136,0.001687355197268473,0.0038367932186356033
0.0013700000000000001,-0.000431548842336588,-0.0002530536445822357
0.0013800000000000002,0.0009601529511469502,0.0024328176450820384
0.0013900000000000002,0.0012322119985658504,0.0035953954192669384
0.0014000000000000002,0.004570635138151858,0.003478832516705858
0.00141,0.005756891830026287,0.003113714916539164
0.00142,8.799290556965296e-05,0.00501119242553822
0.00143,0.0013139426085641648,0.004107647654076527
0.00144,0.00567419109995042,0.003202551447008165
0.0014500000000000001,-0.00046312867931987394,0.00045510937833885957
0.0014600000000000001,0.005177142717592519,0.001955640142395155
0.0014700000000000002,0.0026932641146365,0.003813879667542542
0.0014800000000000002,0.003929224325334244,0.0028561693045798795
0.0014900000000000002,0.0021217015858878267,0.0016755651609765831
0.0015,0.0042572937558775625,0.0034103670213462478
0.00151,0.002029351798608717,0.004469772001165037
0.00152,0.0022883370848192047,0.0006045359973735941
0.0015300000000000001,0.0010309151434219625,0.0003526852076294294
0.0015400000000000001,0.002006485339030917,0.004779915544134981
0.0015500000000000002,0.0009435613436638084,0.0026917122005519372
0.0015600000000000002,0.0012428167516803181,0.0017964298828222764
0.0015700000000000002,-0.0004614459352696109,0.001878252402738183
0.00158,0.002173663991781501,0.003402179267731336
0.00159,0.003010071969375352,-7.29127136176698e-05
0.0016,0.004734339066502611,0.002746739427444502
0.00161,0.0029651590110779886,0.0023100241220427985
0.0016200000000000001,0.0015352833653497744,0.002766242679140723
0.0016300000000000002,0.003524398224764266,-0.0011609105044046984
0.0016400000000000002,0.001498119509859008,0.0018252235435751419
0.0016500000000000002,0.0030903988977550975,0.004723969850238275
0.0016600000000000002,0.0010369891638874855,0.0013436482678910423
0.00167,0.0015578122211533838,0.0007387346955879538
0.00168,0.001890913584948577,0.00388560604387834
0.00169,0.00048001814413452335,0.0032018359595465343
0.0017000000000000001,-0.000813716392092878,0.0012257306029858808
0.0017100000000000001,0.0019335047231623188,0.005700319254307926
0.0017200000000000002,0.0020452702441924823,-0.0020496998145430843
0.0017300000000000002,-0.001400515200990402,0.0024230274660614936
0.0017400000000000002,0.003827188269319351,0.003108055133165853
0.00175,0.002937166859839915,0.0046838317279169275
0.00176,0.0015252204046803809,0.004151296777807235
0.00177,-0.000657254654295775,0.0005537371784395785
0.0017800000000000001,-0.0010049393662802442,0.0018160934955430972
0.0017900000000000001,0.0025189853038411216,0.002596132436601674
0.0018000000000000002,0.002737634736776413,0.0005149622775613356
0.0018100000000000002,0.002235742585581753,-0.0006226907497978418
0.0018200000000000002,0.005345034393795222,0.0017670782807877828
0.0018300000000000002,0.0016431522771540258,0.005554333143633333
0.00184,0.0001387754011810717,0.00012739457016126962
0.00185,0.00043316763345062565,0.002244936628206388
0.00186,0.0034912072015241356,0.0038621352339340198
0.0018700000000000001,0.007774266064413976,-0.002113981360875328
0.0018800000000000002,0.003850073908540017,0.0012727160271542486
0.0018900000000000002,0.0014620955342084304,0.0011495209468850387
0.0019000000000000002,0.0008197053815270957,0.0057601973415392915
0.0019100000000000002,0.004324154047866649,0.002439616567883826
0.0019200000000000003,0.005343901340509842,-0.0006297618801343664
0.00193,-1.7234221633879304e-05,-0.001958573441122635
0.00194,0.0012476489241409104,0.0027228196145136214
0.0019500000000000001,0.002854492876777815,0.0027001615180770808
0.0019600000000000004,-0.00017104447505234249,0.004009836945077009
0.00197,0.003132613436967422,0.0038716804477590613
0.00198,-0.0011298809953568345,0.0030305927205458594
0.00199,0.0002823935849607046,0.0016149983411710715
0.002,0.0037289303133822447,0.0025938606593476324
0.00201,0.0009593927558529871,0.00242624314901345
0.00202,-0.0003983299652354959,0.004716249839462899
0.00203,0.002256436330048566,0.0046548280003236835
0.00204,0.001616200456820394,0.0013725840841186476
0.00205,0.001143145482907,0.0041740867901800885
0.00206,0.0012549077356580603,0.0037129276059152108
0.0020700000000000002,0.0019111120245450387,-0.0015261970643886099
0.0020800000000000003,0.0015376312364661154,6.950091248314602e-05
0.0020900000000000003,0.00274830316193953,4.8884718551067945e-05
0.0021000000000000003,0.0045346820573247066,0.002249526392013604
0.0021100000000000003,0.002329769815467736,0.003745435416365464
0.0021200000000000004,0.004615001439530119,0.0023954218015593107
0.0021300000000000004,0.0011470085660319862,-0.001110356595735767
0.00214,0.0013195270827204525,0.0012051166723587871
0.00215,0.0029079547833596718,0.0017512011608609185
0.00216,0.0040719149624433865,0.0012174773967729556
0.00217,0.0025841716978550083,0.004813363130793776
0.00218,0.0033841053572126684,0.002327252785059322
0.00219,0.0014987628403323615,0.001182800047861019
0.0022,0.0010036179233417917,0.0013691794610856407
0.00221,0.004218364735232343,0.002009342409437919
0.00222,9.67148455345351e-06,0.0059913787348413634
0.00223,0.0033513285221594634,-0.0003569299891492206
0.0022400000000000002,0.001829876767097767,0.0026806417360798022
0.0022500000000000003,0.006124931269468961,0.00024455173658029586
0.0022600000000000003,0.0046699969771272585,0.005261652742387363
0.0022700000000000003,0.0014627713929336933,0.0019095514670762043
0.0022800000000000003,0.0006496219972114826,0.002059550848136595
0.0022900000000000004,0.00265121707162801,0.00378766318904182
0.0023000000000000004,0.004906916545631435,0.0009740567910198382
0.00231,-0.0012059518710602572,0.0024296407814223694
0.00232,0.003317918057403891,0.0029728428546932735
0.00233,0.0020796373446802137,0.002725384564737408
0.00234,0.005766010416796441,0.0032412173630499215
0.00235,0.001990517044757119,0.0014792178509572252
0.00236,0.002399678424572322,0.005754953695612106
0.00237,0.0023749071328378096,0.0024437412227446974
0.00238,0.0017790030051621096,0.004683148645583191
0.00239,0.00666542245130477,0.0033882559533849298
0.0024000000000000002,0.0029134077603181897,0.0025624393752228625
0.0024100000000000002,-0.002018641381173681,0.00398101524773308
0.0024200000000000003,0.0030204115213700003,0.0033492334119063407
0.0024300000000000003,0.0013312570601692565,0.0017254673501685943
0.0024400000000000003,0.0019342306169432646,0.0045394549046961635
0.0024500000000000004,0.0020008561577095647,0.006663353464648863
0.0024600000000000004,0.0036221923259789203,-5.151253587856947e-05
0.0024700000000000004,0.0025054628912675085,0.0011983186074315364
0.00248,-0.001624125122531326,0.005702422927486309
0.00249,0.004173005607122955,0.0035717040301821473
0.0025,0.0030996049318071954,-0.0002569412207451406
0.00251,0.0018036368202723788,0.004192456186910826
0.00252,0.0006705009443257466,-0.002552847052897964
0.00253,0.002320795325826593,0.002228969658274818
0.00254,0.0030481969613362497,0.003971311507255933
0.00255,0.0040543410063069996,0.003033599574286787
0.00256,0.0051722478941380184,-0.000520097542275829
0.0025700000000000002,0.003792400982345062,0.00377269713566255
0.0025800000000000003,0.0003061615324415328,-0.0004843460627430838
0.0025900000000000003,0.001295447135082633,0.0012000833929327562
0.0026000000000000003,0.004296212147075189,0.0012958562331505665
0.0026100000000000003,0.0010787145804812368,0.0013034302702671218
0.0026200000000000004,0.005030711263539173,0.002554544877222594
0.0026300000000000004,0.0024369761201369832,0.0023102039785129996
0.0026400000000000004,0.0053816270287157675,0.0010336248535455887
0.00265,0.005430547760843061,0.0029547107393923387
0.00266,0.0024807138796321578,0.007537265496559854
0.00267,0.000692291790290464,0.0018298358852445907
0.00268,0.0003407230954455922,0.004443870813702082
0.00269,0.00618597493836999,0.00588052848809187
0.0027,0.005257502783812759,0.00214717464640411
0.00271,0.0020811282538367136,-0.0007981946827365391
0.00272,0.006885358950922718,0.003483826941651908
0.0027300000000000002,0.001831696498539259,0.0052037071484117
0.0027400000000000002,0.000872076473905539,0.0033625567049043632
0.0027500000000000003,0.002474339224792712,0.003828382881967472
0.0027600000000000003,0.002694439203046234,-0.00034911449592224574
0.0027700000000000003,0.002974724632111125,0.004652178990940965
0.0027800000000000004,0.0027671215128559886,0.004106387126340366
0.0027900000000000004,0.0007364746384988267,0.0025053382457971775
0.0028000000000000004,0.0015804888474097135,0.00405352125288178
0.0028100000000000004,0.002894465907191189,0.003941403474638763
0.00282,0.0050088735522030685,0.003946186648096572
0.00283,0.0033816563925494715,0.0005682152007937856
0.00284,0.0028318110481878817,0.0015001459951454249
0.00285,0.002151216037702008,0.00181894245760322
0.00286,0.0008814504336229958,-0.0013449855636561724
0.00287,0.0015069700834702778,0.00295812828641345
0.00288,0.00014885366535738118,0.0026044085526207685
0.00289,0.006647693174269678,0.004620828833018883
0.0029000000000000002,0.0061361849207872115,0.003358640081359834
0.0029100000000000003,0.00518606414690813,0.001130120449955191
0.0029200000000000003,0.001564303600712142,-0.002898567923441826
0.0029300000000000003,0.005227211765947905,0.005662020036948557
0.0029400000000000003,0.0017505000733302927,0.002075125279369933
0.0029500000000000004,0.0013510611595403004,0.0033499894520623965
0.0029600000000000004,0.005110578390757127,-0.0008992108840545311
0.0029700000000000004,0.0036815153785035287,0.002034637307960039
0.0029800000000000004,0.0030913492354835773,0.0035076137308270917
0.00299,0.0024900748389354668,0.0023840940003019926
0.003,0.002440645790153731,0.004533539208913641
0.00301,0.003707829611316691,0.0030357101125269995
0.00302,0.000330316984773215,0.0018390169306070439
0.00303,0.004671466666625295,0.002673200106174754
0.00304,0.004195096400118549,0.006132458280908623
0.00305,0.004955147923182171,0.0027873762678077693
0.0030600000000000002,0.0018578569897711105,-0.0025044174814479606
0.0030700000000000002,0.0025449622648478654,0.001952276057536355
0.0030800000000000003,0.0036643585250242913,0.002298107168006849
0.0030900000000000003,0.002244747303102018,-0.0009512664180822369
0.0031000000000000003,0.0010074703211303208,0.003562444607490848
0.0031100000000000004,0.006321107083192112,0.002415700117012484
0.0031200000000000004,0.0035467971058596903,0.004517312846239198
0.0031300000000000004,0.001271267532549958,0.0033475875693953177
0.0031400000000000004,0.0014139529590645535,0.004345208626290419
0.0031500000000000005,0.003199614366954971,0.0032140609729687285
0.00316,0.001333483520006187,0.00403281700224821
0.00317,0.007069976357412135,0.0006045211855148988
0.00318,0.002222899667843451,0.0030851491862684865
0.00319,0.004477094655088586,0.001504428709916205
0.0032,-0.002759916409849511,0.005343484705067679
0.00321,0.004429015751856941,-0.0008592075017323461
0.00322,0.0016947226857521184,0.005764631679525673
0.0032300000000000002,0.005807307288599255,0.004507123558157153
0.0032400000000000003,0.0025613412031897658,0.002797392486119108
0.0032500000000000003,0.00265356352856548,0.004889468806261497
0.0032600000000000003,0.0011655768529717882,0.0010229589887894373
0.0032700000000000003,0.004939654837293788,0.002547401925944564
0.0032800000000000004,0.005677881853710237,0.001294664452866987
0.0032900000000000004,0.0028132293937593277,0.0007944244302301236
0.0033000000000000004,0.0029393479522315945,-0.00031628442607572506
0.0033100000000000004,0.0019511897365225633,-0.00023014170742594302
0.0033200000000000005,0.004316134558679317,0.004077098814460656
0.00333,-0.0005304083193467097,0.005313243287862655
0.00334,0.007926773989821698,0.0027390337929792813
0.00335,0.0016515393684314158,0.00829722899610893
0.00336,0.0002976526111474155,0.0026903251255259815
0.00337,0.0032966534492263186,0.005341949404516138
0.00338,0.003658703738061172,0.0016559259489596397
0.0033900000000000002,0.0010386715287407132,0.00197108729294854
0.0034000000000000002,0.0009289976373606517,0.002751916392685934
0.0034100000000000003,0.0018162697073840293,-0.0003302773763071902
0.0034200000000000003,0.005456760979856697,0.001663983268675402
0.0034300000000000003,0.0004120007672681878,0.0023243378104682755
0.0034400000000000003,0.0030868201312729627,-0.0008305519386941182
0.0034500000000000004,0.003615172613546964,0.0005695894875963206
0.0034600000000000004,0.0063757328452415185,0.003713346451437581
0.0034700000000000004,0.002155670871516491,0.0011766083889743907
0.0034800000000000005,0.002747328748434429,0.003894041625263868
0.0034900000000000005,0.002908066914747138,0.0022356564605434635
0.0035,0.003077584467954181,0.0014637678752871081
0.00351,0.002276218462532103,-0.0014985897369643323
0.00352,0.004911866932714342,0.0032720978545569355
0.00353,0.0014192846719577811,0.00647347716944315
0.00354,0.0031420089533197824,0.0006052227450484772
0.00355,0.004683228220693609,0.0034751067833536783
0.0035600000000000002,0.0037606884957988597,0.0018289973909899765
0.0035700000000000003,0.0038742928904182336,0.0021584880679115757
0.0035800000000000003,0.004086955044175297,-0.0011263904040934394
0.0035900000000000003,0.0021090937019142874,0.006129300371973346
0.0036000000000000003,0.0014444720019493036,0.001478803079927756
0.0036100000000000004,0.002084448327479127,0.0002583547370272328
0.0036200000000000004,-0.0014344286408889424,0.002228279390118914
0.0036300000000000004,0.0032556114912301592,0.0025859250819932453
0.0036400000000000004,0.0026958930836772084,0.0027784978552243193
0.0036500000000000005,0.005033088556828588,0.002313002507607393
0.0036600000000000005,0.0018409937159411204,0.0021331205559975116
0.00367,0.0041496035047848615,0.005520899818346145
0.00368,0.0017363714893345805,0.002896186068730899
0.00369,0.0036711207096182365,0.0007146328212434563
0.0037,0.003036984902290356,-0.00023009062471549555
0.00371,-0.0005402074051304509,0.0034362160848243634
0.00372,0.002231884254805208,0.003108748195660369
0.0037300000000000002,0.002965582227420681,0.0007528493352187465
0.0037400000000000003,0.002912599938498113,0.00024090682377941614
0.0037500000000000003,0.005786787544553872,-3.373297188356047e-06
0.0037600000000000003,0.002615004505939038,0.000625480140886299
0.0037700000000000003,0.0041491475551400404,0.0020486144728033237
0.0037800000000000004,0.0019726998789023928,0.004419332185943802
0.0037900000000000004,0.0030706205683285275,0.0037476678583719027
0.0038000000000000004,0.0010508315437390216,-9.380705247065803e-05
0.0038100000000000005,0.0032296213454482874,0.002079579999489268
0.0038200000000000005,0.004269794751437491,0.002558899694388092
0.0038300000000000005,0.0034287940584546775,-0.0005266065489188845
0.0038400000000000005,0.006797233228643843,0.00239311448198806
0.00385,0.004417247263131132,0.0010508530903084912
0.00386,0.0036398051111196303,0.00011878292771730576
0.00387,0.003929630986172936,0.0020139583630018145
0.00388,0.0030855843467261115,0.004123286729640558
0.0038900000000000002,0.0005638287792999047,0.0013597854139232946
0.0039000000000000003,0.003945262067890394,0.006926640105683363
0.00391,0.0027561509888238155,0.003913895757011841
0.003920000000000001,0.0028200729266320322,0.006617539165794826
0.00393,-0.0004587291963316963,0.0029237126186451765
0.00394,-0.00021367758799566627,-0.0022772519535236217
0.00395,0.003634029004363006,0.0030163055505720944
0.00396,0.0024711235262582223,0.002526338668626168
0.0039700000000000004,0.009239086865221742,0.0022237915899422345
0.00398,0.00406442541370064,0.0014428253780706271
0.0039900000000000005,0.003636328641209573,0.0022664989595507974
0.004,0.0022265114383843336,0.006382172814527194
0.0040100000000000005,0.0054036013626557,0.003019276640475346
0.00402,-0.0015575112765299787,0.0020251706567477458
0.004030000000000001,0.008458647016726646,0.002287269696470262
0.00404,0.005260704464890098,0.005633879935923316
0.004050000000000001,0.0034938727324496403,0.0010677521531288665
0.00406,-0.001813006029042798,0.004121120308272279
0.004070000000000001,0.0014297785231945958,0.003106491465081558
0.00408,0.00056131991117973,0.002225110353357982
0.004090000000000001,0.0031300669355019102,0.003294165678755146
0.0041,0.0008346508667496258,0.005152191712527036
0.00411,0.0018721702747097051,-0.000589179585042583
0.00412,0.002849575800444505,0.002829897703809268
0.00413,0.003390462502868486,0.0054867978785221455
0.0041400000000000005,0.0025980451656030987,0.0025246780497432592
0.00415,0.0008662314919590662,0.004406406779908566
0.0041600000000000005,0.0034428740171007412,0.001926625049869922
0.00417,-0.0007334396379657269,0.005656883885878478
0.0041800000000000006,0.0006222019118722415,0.0015868807355956876
0.00419,0.003795901192815962,0.00037769642915885153
0.004200000000000001,9.384118832479228e-05,-0.0014757090672662793
0.00421,0.0045245014752894825,0.0016831857062684194
0.004220000000000001,0.008938692835710174,0.0007862184540084649
0.00423,0.001242893947953263,0.0016455113322944358
0.004240000000000001,0.0035737069179882916,0.001837257586981385
0.00425,0.0043137419235259825,0.0008218527863625264
0.004260000000000001,0.0003275322273364441,-0.0008160362946164059
0.00427,-0.001354796215944558,0.0017456170851249968
0.00428,0.0024920262436910487,0.0015202413368949623
0.00429,0.005582431510206272,0.005240534412643045
0.0043,0.00242764529299735,-0.0008020112917811388
0.0043100000000000005,0.0019654707143917823,0.001587543433351915
0.00432,0.001786238984951895,0.001393102051142345
0.0043300000000000005,0.0017952094192530898,0.0020168086217938995
0.00434,0.0018326776422216081,0.0032078872280834427
0.004350000000000001,0.0038261202345035465,0.0009713007619633631
0.00436,0.005649134756945092,0.0008338134320242394
0.004370000000000001,-0.00012697747539185253,0.003556839657288626
0.00438,0.001475425481432752,0.0034392103199645443
0.004390000000000001,-0.0016954790975880316,0.005582881515875259
0.0044,0.004458059636958772,-0.0002016428148915745
0.004410000000000001,0.00015753165691844437,0.006145181143686786
0.00442,0.0016419375543416594,0.001133617097050299
0.004430000000000001,-0.0014137969917446527,0.002101766254706017
0.00444,0.002664476186055865,0.004235643148583689
0.00445,0.0003233651679276444,-0.0002345839172173815
0.00446,0.004025052297224705,0.0048207809503316434
0.00447,-1.757427100103088e-05,0.004971678554766034
0.0044800000000000005,0.0032014159233130332,0.004993589073531067
0.00449,0.0029874917372764817,-0.002233250982231608
0.0045000000000000005,0.002825596331817998,0.004932917396788266
0.00451,0.0013436361158579804,0.00203802318283356
0.004520000000000001,0.0027804566311794726,-0.0029837528182510595
0.00453,0.006477012705309785,0.001013843867268335
0.004540000000000001,0.004147380772621093,0.0026445117101585097
0.00455,0.005652738815885395,0.0036313434575666317
0.004560000000000001,0.0026692414030032563,0.0010335167378105329
0.00457,0.004736379044185973,-0.0009250214900464785
0.004580000000000001,0.004434044634932506,0.0006250842996060641
0.00459,0.005648415733894292,0.0031470840676706283
0.004600000000000001,0.00443367902895587,0.002989772289310305
0.00461,-0.00035774114106973485,0.0011056445187549082
0.00462,0.004493371758055935,0.0031617211735752515
0.0046300000000000004,0.005512151409686979,0.0036362638724948128
0.00464,0.0012183448214666674,0.0012388901976024067
0.0046500000000000005,0.0033591588801763113,-0.0017957674084977402
0.00466,0.006501781863978212,0.003717114975303386
0.0046700000000000005,0.005610539782635633,-0.00032628706671151454
0.00468,0.005647171912091778,0.007299216487333903
0.004690000000000001,0.0005178543953182103,0.0043803186481455635
0.0047,0.0031633990267738326,-0.00025005769776084274
0.004710000000000001,0.00414851363382715,0.0045073099007710265
0.00472,0.001962057663647082,0.005173228580530932
0.004730000000000001,-0.00016765243487895957,-0.00014682614281525145
0.00474,0.0034406313151378195,0.0028947458817831576
0.004750000000000001,0.001735850232589115,0.004464451943755521
0.00476,0.004232345068209437,0.0045628275343750895
0.004770000000000001,0.0029258413489008026,0.004052994828361108
0.00478,0.002282369947462601,0.006956755156133389
0.00479,0.001550133905864823,0.0070609947065239705
0.0048000000000000004,0.003246554796100062,0.00010065873261817836
0.00481,0.005914489626472389,0.003104762549581854
0.0048200000000000005,0.004882129718104445,0.0053019494721653
0.00483,0.003857341802249247,0.0016710324133358625
0.0048400000000000006,0.005134405203149388,0.002858300195664071
0.00485,0.004556240424564459,-0.0014493982748261486
0.004860000000000001,0.0040800331510163846,0.0015821635329514641
0.00487,0.006494232515521272,0.004106780812239692
0.004880000000000001,0.003668870855933953,0.003834495663347708
0.00489,0.001193814384820986,0.006109657249063831
0.004900000000000001,0.007174976261358794,0.003650237715826732
0.00491,0.006374580507557351,0.0017273797636360238
0.004920000000000001,0.0016010828000823237,0.002948789768362876
0.00493,0.004066727191909734,0.002080229666139793
0.004940000000000001,0.004273915303334163,0.0034822434023939995
0.00495,0.0012032978084621166,0.003908310538754252
0.00496,0.004928498913780362,0.003214921864679552
0.0049700000000000005,0.005508268342402416,0.00043843303223857445
0.00498,0.0041404013289160135,0.0005339352642795667
0.0049900000000000005,0.0009778647627544652,0.0016138897395461898
0.005,0.001323432756579676,0.001781013175577297
0.0050100000000000006,0.0027807768008774434,0.004552565871810625
0.00502,0.0025682823016300593,-0.0002917437443108943
0.005030000000000001,0.00549225769103032,0.0012065768599929532
0.00504,0.0030962014291542514,0.00377507829091628
0.005050000000000001,0.0036143820758669427,0.0050716112175902585
0.00506,0.004174685155949932,0.0011618785082306133
0.005070000000000001,0.007575319525668303,0.0032744088427893742
0.00508,0.002925029715374095,0.004814835717949347
0.005090000000000001,0.0037201257377967693,0.003686682924487348
0.0051,0.008207104210802648,0.002339224063703697
0.005110000000000001,0.0025887254875160393,0.003123863044449417
0.00512,0.005368788906869301,-0.00012112421738730587
0.00513,-0.0007038462849783588,0.0017189498504150433
0.0051400000000000005,-3.907325187887554e-05,0.0020447529750752553
0.00515,0.004235277936630031,0.0011141519550011436
0.0051600000000000005,0.00037812998265892303,0.0030355567547042674
0.00517,0.004958373414854942,-0.0004918329557398304
0.005180000000000001,0.0048752532730096726,0.004533956563287422
0.00519,0.005144459436654396,0.005337533568197288
0.005200000000000001,0.00764181656655743,0.002189616775595651
0.00521,0.0034584300950110543,0.00207015049604802
0.005220000000000001,0.003244737578453926,0.005969999322434183
0.00523,0.0005522506153708899,0.0011833772779148565
0.005240000000000001,0.005998135894450859,0.004946772413144567
0.00525,0.002519003913636905,0.00461672494821241
0.005260000000000001,0.003929190829388204,0.005909690483649421
0.00527,0.00339726902416226,0.004961624589608197
0.005280000000000001,0.008533763108221694,0.004107776548189527
0.00529,0.0033498838318127204,0.0043576888682447116
0.0053,0.0025221527626804823,0.007689945755481457
0.0053100000000000005,0.003614342302828088,0.0023693579409597492
0.00532,0.0015843067388149144,0.005110877995364522
0.0053300000000000005,0.0049915428725730675,0.0019229406972231583
0.00534,0.004411552815426048,-9.825186793480491e-05
0.005350000000000001,0.003630072137334018,0.003825582204989169
0.00536,0.0066762702555821386,0.0013796401349785341
0.005370000000000001,0.0007063838189159117,0.0011316288687757902
0.00538,0.0005914293102247657,0.005597005370242911
0.005390000000000001,0.006363320932995195,0.0035653284919348865
0.0054,0.005710107067634786,0.0031940155990122184
0.005410000000000001,0.0030787675188567397,0.0022612259253350212
0.00542,0.0026496812776101715,-0.00016710079654928172
0.005430000000000001,0.0038004440452224595,0.00284903447854675
0.00544,0.0047641260387491155,0.0031179481082676303
0.005450000000000001,0.002949466078377063,0.001189712708515349
0.0054600000000000004,0.003420647667795784,0.004409769723228377
0.00547,0.0009911297497012385,0.0031094381051344397
0.0054800000000000005,0.0037453590010746744,0.0014995552129967247
0.00549,0.002105024686112757,0.003398099509667069
0.0055000000000000005,0.001015358292345107,0.0036379171271195008
0.00551,0.0014929534530104013,0.005064967822887484
0.005520000000000001,0.007960778404195162,0.001218936432447645
0.00553,0.004354998196229681,0.0014881546870491695
0.005540000000000001,0.005369949225376704,0.00041230900462443454
0.00555,0.004250671652429787,0.0011980340830919243
0.005560000000000001,0.002876985069903208,0.0008831465318066877
0.00557,0.004937110160375852,0.0012724203126550167
0.005580000000000001,0.0043977915689043315,0.002259367781678536
0.00559,0.003066371002671058,0.0032442573499291832
0.005600000000000001,0.0017731179665376202,0.0033706603424004914
0.00561,0.006358886872882635,0.0013949160101013561
0.005620000000000001,0.005643287338932459,0.005948479204429839
0.0056300000000000005,0.0016688052595796416,4.3351975168230954e-05
0.00564,0.003906484103404881,0.001859822282873493
0.0056500000000000005,0.007041214690109497,0.0030254274505700906
0.00566,0.001701054270840917,0.0006626672897451775
0.0056700000000000006,0.005486706729722835,0.0018157912097504362
0.00568,0.0033959970276779407,0.004870936401150483
0.005690000000000001,0.0023412642377687305,0.0028686439162003826
0.0057,0.0032780845335750124,0.004328320172096091
0.005710000000000001,0.00449414933759332,0.0025226121774326762
0.00572,0.003441397007715586,0.0022204490261239418
0.005730000000000001,0.0003603111968529084,0.0034803750943886674
0.00574,0.007101355569156503,0.0011989003526553068
0.005750000000000001,0.001772347578910737,0.0012260472720370967
0.00576,0.0047690244230012505,0.003865636834653351
0.005770000000000001,0.003004198267947994,0.0011337898463619068
0.00578,0.0035074589460357833,-0.00015825530642602252
0.005790000000000001,0.0036109891321453678,0.004715197637024751
0.0058000000000000005,0.0008231672894754589,-9.172883145011591e-05
0.00581,0.006485869842009862,0.001750946244065287
0.0058200000000000005,0.005600317180865327,0.0026676269397853053
0.00583,0.003005938222836573,0.003853603365246923
0.005840000000000001,0.0015632754512442304,0.003242926900997232
0.00585,0.002569718586264088,0.0003380993293299974
0.005860000000000001,0.004009084762567125,0.002453623161591072
0.00587,0.0030214931023122052,0.0005610684074778801
0.005880000000000001,0.006519764592546912,0.0047359691484587674
0.00589,0.005266695677753348,0.0023728008172621074
0.005900000000000001,-0.00011856285981601744,0.006890673401308585
0.00591,0.0032190258731677954,0.0014883864288343421
0.005920000000000001,0.004176240971144728,0.0053213739544115055
0.00593,0.0032979526088088964,0.005545428047413684
0.005940000000000001,0.0055114684653985255,0.0008366596480636657
0.00595,0.001999302215784938,0.004905639641555585
0.005960000000000001,-0.0020769298876639336,0.002692796204171754
0.0059700000000000005,0.0004880446264237631,0.002039741249089233
0.00598,0.002753477620932556,0.002277500346105668
0.0059900000000000005,0.002248005046413353,0.000800841043687872
0.006,0.007937758820970885,0.006731190585893646
0.006010000000000001,0.00103121237127041,0.006161637310934068
0.00602,0.002557819745738085,0.003256914984396577
0.006030000000000001,0.0032316085149286648,0.0016801779857911927
0.00604,0.00532726582578769,0.0032525825636775555
0.006050000000000001,0.002407861994470136,0.0003927638552969036
0.00606,0.0015751775169399209,-0.0002796852393048919
0.006070000000000001,0.003388216348460302,0.0006108750674292192
0.00608,0.002834048940262864,0.00574554023287425
0.006090000000000001,0.00576516883385725,0.0029419120271102633
0.0061,0.0031937989701021235,0.006767343222265944
0.006110000000000001,0.004410878411746621,0.002353108532655977
0.0061200000000000004,0.000518726702291924,0.0037975942410208483
0.006130000000000001,0.005030806266651717,0.0017476701336546327
0.0061400000000000005,0.0039559590387417505,0.0022849509989520717
0.00615,0.003006882561641261,-0.0019624230897407314
0.0061600000000000005,0.002932777411332241,0.004953082099685939
0.00617,0.0021149269960565502,0.0031205177360435843
0.006180000000000001,0.0018672216144696558,0.003737468894562633
0.00619,0.002947466588212992,0.0011392220429527423
0.006200000000000001,0.006047004911335409,0.0048766877760416825
0.00621,0.0021734764806672236,0.004015518037130252
0.006220000000000001,0.0044595010889827156,0.0043056606046184475
0.00623,-2.4485890377312983e-06,0.005035386982264635
0.006240000000000001,0.0022480504439864723,0.0023076328505309326
0.00625,0.00866459609099271,0.003628149349980329
0.006260000000000001,0.0026175709044259357,-0.001385073229646885
0.00627,0.006171126446730291,0.0003362081600582919
0.006280000000000001,0.001386101752471907,0.002365033950067665
0.0062900000000000005,0.0062271835830586654,0.0045753286311646215
0.006300000000000001,0.0030800644821474613,0.0036465419599782164
0.0063100000000000005,0.0021963466826584645,0.0033103734542236645
0.00632,0.003545169191343705,0.004969713178611539
0.0063300000000000006,0.005334228649268663,0.0040212345358094604
0.00634,0.002676553063512284,0.004518029818542686
0.006350000000000001,0.0032186860944076697,0.0008716610271283292
0.00636,0.002597421367573257,0.003205647345547848
0.006370000000000001,0.0052258015220460734,0.0026706397279180893
0.00638,0.0009883446166583563,0.0031522812160956312
0.006390000000000001,0.0036350252871221772,0.0034115739697730065
0.0064,0.005249226492582507,0.005078845141979973
0.006410000000000001,0.0022224310577021187,0.001809810785065186
0.00642,0.0013318238127993597,0.004440827172772031
0.006430000000000001,0.006311228976401153,0.0024141292012731124
0.00644,0.0029320942503709715,0.005978954491739364
0.006450000000000001,0.0044274368037270665,0.003918956206495211
0.0064600000000000005,0.001035852902499418,0.004405035454627539
0.006470000000000001,0.0015607771525356375,0.0007806325657130288
0.0064800000000000005,0.00272686970336512,0.0018781802166452804
0.00649,0.0029785755979755617,0.00016889422699698214
0.006500000000000001,0.005340768838292378,0.005307321026219431
0.00651,-0.0004701883732962774,0.0050099541003784005
0.006520000000000001,0.0018047987782320424,0.004768078727664213
0.00653,0.0032903216309308502,0.0031127670613765443
0.006540000000000001,0.003058377013537047,0.005480561738120289
0.00655,0.000950753103393816,0.004273070522537652
0.006560000000000001,0.005633945396449354,0.0044911556425834415
0.00657,0.00808203795791114,0.0020016667155464568
0.006580000000000001,0.005348603963611082,0.0028484628548945917
0.00659,0.005902159789045088,0.0030463491458272577
0.006600000000000001,0.002660948521469292,0.0056749536858320335
0.00661,0.0024549277891247764,0.00023843903224051452
0.006620000000000001,0.002405708618064945,0.004303036848306136
0.0066300000000000005,0.006224829742278457,0.0032883092459373583
0.006640000000000001,0.006078495367858391,0.00035077932971819444
0.0066500000000000005,0.0025569224397802657,0.002491056754786759
0.00666,0.0032156777943743164,0.00323747272308103
0.006670000000000001,0.004827964990015122,0.002180746370753844
0.00668,0.003725546023179702,0.002981189511946735
0.006690000000000001,0.0015970535657811634,0.0028451763068680436
0.0067,0.0031628581904152684,0.0027434220963401673
0.006710000000000001,0.003515039194476006,0.00322600299970385
0.00672,0.0025882721107539698,0.0056211572312951435
0.006730000000000001,0.0011152425568572875,0.001634858545955391
0.00674,0.009015471570724435,0.0010018862090417544
0.006750000000000001,0.000749374642664208,0.0045478917236387115
0.00676,-0.000696016880799153,0.0026094588887002413
0.006770000000000001,0.007751210678483989,-8.797498365091874e-06
0.0067800000000000004,-0.0005030309725943308,8.37787434988628e-05
0.006790000000000001,0.005258953477144026,0.005332760554915893
0.0068000000000000005,0.00243839226111319,0.00445069705840869
0.006810000000000001,0.006245415199798999,0.006660029384528927
0.0068200000000000005,0.002973567849229448,-0.001516543402745978
0.00683,0.001825813612711068,0.0022338542931651653
0.006840000000000001,0.0029510260914532432,0.002712805706825316
0.00685,0.0057080242906936245,0.005638442365232291
0.006860000000000001,0.0031282183823453658,0.005287615446017866
0.00687,0.004188218205951195,0.0032207170025681763
0.006880000000000001,0.005287312758518898,0.0032372676989419354
0.00689,0.007591174961198158,0.00021699899901049795
0.006900000000000001,0.002446538164587255,0.0028418404551454964
0.00691,0.004357111894485682,0.005631855327837125
0.006920000000000001,0.0034307351268838115,0.0002525303491170668
0.00693,0.005165885000992372,0.004607961666623883
0.006940000000000001,-0.0004015359630650272,0.0030914895467054966
0.0069500000000000004,0.00030322104476875923,0.0017708484940253124
0.006960000000000001,0.0016792094073960716,0.004719732157543321
0.0069700000000000005,0.003719809371541355,0.0005310720303910075
0.006980000000000001,0.005247601919589935,0.00023569285546387684
0.0069900000000000006,0.004149017755612014,0.0014763328384832229
0.007,0.0027587554030279924,0.004113944550964726
0.007010000000000001,0.004534326973952222,0.005780389285639492
0.00702,0.003328238600454621,0.003720400155647866
0.007030000000000001,0.0026185883970623195,0.0034725246954444484
0.00704,0.004374351399953225,0.0029129709467759536
0.007050000000000001,-0.00011080618031515709,0.0037735773585587627
0.00706,0.004227132450253322,0.001751332751852113
0.007070000000000001,0.0009305493566733832,0.006064481360352286
0.00708,0.004483527611345124,0.0026556035701432853
0.007090000000000001,0.0012278832133136462,0.0014711777673272967
0.0071,0.006108441394394303,0.00339117231931947
0.007110000000000001,0.0024033973210351575,0.004136267136359629
0.0071200000000000005,0.0018770851691948555,0.006119614195389306
0.007130000000000001,0.006212791939596901,0.002185818679604593
0.0071400000000000005,0.0022511589399456557,-0.0021162616602630247
0.007150000000000001,0.0005466456954136868,0.00044210233190801126
0.0071600000000000006,0.0037814949671167077,0.002469610848888612
0.00717,0.0008217496008590141,0.002560785781685496
0.007180000000000001,0.004524400407253639,0.0041798274098286525
0.00719,-0.000284309665973368,0.0028686558285908794
0.007200000000000001,0.0007496533748910707,0.004929673501211467
0.00721,0.005085931045718404,0.0013311942110933587
0.007220000000000001,0.0019868503452520813,0.002205746360618227
0.00723,-0.0009853442477324352,0.003801247849046595
0.007240000000000001,0.002975854497129179,0.005070691952141238
0.00725,0.0013260254601257558,0.0018931254212412982
0.007260000000000001,0.0005110929461311317,0.0011238189689846204
0.00727,0.001161478297897857,0.00512537548098976
0.007280000000000001,0.0021302166837667436,0.003382806770791787
0.0072900000000000005,0.0027665109299298664,0.0005965513995494953
0.007300000000000001,0.0031927335145758313,0.004334714379421428
0.0073100000000000005,0.0011151114677073228,0.004755758336697155
0.007320000000000001,0.0018324835720450094,0.0021725891996192174
0.007330000000000001,0.004594586095275171,0.0018127082924109118
0.00734,0.003609663275941282,0.002511221764472192
0.007350000000000001,0.0037945425541576604,-0.0016198527121327254
0.00736,-0.0001222648290187616,0.00437458085109006
0.007370000000000001,0.005612753152205443,0.0013226940367754344
0.00738,0.0030516244566279817,0.0037341258207838728
0.007390000000000001,0.004927406466588738,-0.0009096480893892307
0.0074,0.0017701801555338348,0.0024815661025870336
0.007410000000000001,0.004949829715774973,0.008144603508948956
0.00742,0.0030888258267584524,0.0003348045689208364
0.007430000000000001,0.004350660682782808,0.005791767297750628
0.00744,0.003763439308928333,0.001337494129327541
0.007450000000000001,0.005464684780759696,0.004478897234530543
0.0074600000000000005,0.001497820334129304,0.003915671288929781
0.007470000000000001,0.005545797578094095,0.0055176134752306
0.0074800000000000005,0.003419652209587463,0.002438687115419789
0.007490000000000001,0.0060083808206074975,0.0007355369023809861
0.007500000000000001,0.004432274074963534,0.00041681583855699474
0.00751,0.005687149656379676,0.0026417885328607017
0.007520000000000001,0.006094844505576279,0.004141714834915909
0.00753,0.0011125178018749028,0.006009153833271715
0.007540000000000001,0.006662728329477953,0.004925479691479776
0.00755,0.002038340909685,0.002549886426438934
0.007560000000000001,0.0038536492278151927,0.001755500458523487
0.00757,0.00694876540288287,0.003452580417278515
0.007580000000000001,-0.0018413470580084376,0.00384364461202915
0.00759,0.0028703103357042084,0.0030160846844583798
0.007600000000000001,0.0028306618073636962,0.00478103473900908
0.0076100000000000004,0.005808550823678062,0.003734051639764335
0.007620000000000001,0.0028918269395426647,0.0030862736168554214
0.0076300000000000005,0.0036109219154002526,0.0015650899611662575
0.007640000000000001,0.004730852670553997,0.004091036007650017
0.0076500000000000005,0.006655149868429468,0.00568265154556127
0.007660000000000001,0.002204188895011444,0.004813548666486231
0.007670000000000001,0.0016749026327176526,0.004565815360664979
0.007680000000000001,0.0025448509990443195,0.0011284432635759408
0.007690000000000001,0.004139439410099508,-0.002173186682815007
0.0077,7.866623605126731e-05,0.002821960982122335
0.007710000000000001,0.003746768911835405,0.0024393036999284037
0.00772,0.0004242801099070999,0.0015431533623183802
0.007730000000000001,0.004366838027187369,0.0043434957113556326
0.00774,0.003553239141001353,0.005494594174201208
0.007750000000000001,0.004381744766214946,0.001687009066131575
0.00776,0.003027211296706861,0.00037718114280890476
0.007770000000000001,0.003373201449614645,0.00540810710145893
0.0077800000000000005,0.004961322970819558,0.005988916244616135
0.007790000000000001,0.002986235030427171,0.00587808823688883
0.0078000000000000005,0.0032066591288744243,0.006130049194749936
0.007810000000000001,0.003550815499234942,0.004602331486978418
0.00782,0.006546014485172983,0.0028020025213153976
0.00783,0.004033827845638299,0.005767572998680817
0.007840000000000001,0.003332303009722166,0.0005490492850588886
0.007850000000000001,0.007885582268288928,0.0022522919565385923
0.00786,0.003918338438500054,0.005504820593917433
0.00787,0.0023850960640978153,0.00117805713435185
0.00788,0.004110815358930673,-0.0003913747919551819
0.007890000000000001,0.0030287848658034507,0.003685839714176382
0.0079,0.0030659488418325383,0.00010984422075847747
0.00791,0.006795463527063398,0.0034048054778231195
0.00792,0.006470666194019807,0.0026786390748670904
0.007930000000000001,0.0018495917050595858,0.003738055164844
0.007940000000000001,0.003179294493264601,0.0008451515025493126
0.00795,0.006551689709938313,0.0019571144133212854
0.00796,-6.715976040002226e-05,0.005858966755262459
0.007970000000000001,0.0026060281661982815,0.0019879659992948235
0.007980000000000001,8.509958561569563e-05,0.006686475245112737
0.00799,0.0010381635217391549,0.0033224690722079486
0.008,0.005443614653760142,0.004049981168432928
0.008010000000000001,0.00350031407465655,-0.00019580786850264143
0.008020000000000001,0.002001421095908113,0.0035841004250774544
0.00803,0.002047770076505701,0.0036161939264405443
0.00804,0.004986851864773517,0.005135455393276051
0.00805,0.0011722525451952816,0.007604715705896958
0.008060000000000001,0.005160815548003652,0.0032089686231388807
0.00807,0.005806175008900318,0.007944185170530358
0.00808,0.0007509060116375559,0.0027638164003535473
0.00809,-0.0011272733464666286,0.0036006161734239016
0.008100000000000001,0.004361621606551552,0.00313795966524934
0.008110000000000001,0.0023230085213826164,-0.0008817749817933685
0.00812,0.00438038496349788,0.006129092540526147
0.00813,0.002452522012476359,0.004099312321736552
0.008140000000000001,0.0004995110196986379,0.004134586852167764
0.008150000000000001,0.002850275170320691,0.0016962924559786633
0.00816,0.0021175520006701336,0.0024348721980375103
0.00817,0.004404384831142631,0.0005987353383532603
0.008180000000000002,0.0028465258539777413,0.003141083938309397
0.008190000000000001,0.001443915787440591,0.0068183230273411305
0.0082,0.0019362403991380445,0.001887083303721393
0.00821,0.0016878519870646203,0.0068238811907661255
0.00822,0.004751514277373211,0.0013547002691952491
0.008230000000000001,0.005859402278694199,0.003630244316327475
0.00824,0.004162680752648686,0.0025408545383665015
0.00825,0.0021505760959269846,0.003906302565333325
0.00826,0.0025604671805376615,0.006865242422131169
0.008270000000000001,0.0011132924133084709,0.006305004890021497
0.008280000000000001,0.003430469323344545,0.003831822380424562
0.00829,0.005320654366522275,0.0019741112783472218
0.0083,0.005384066831456363,-0.002179519497369981
0.008310000000000001,0.002216821642174438,0.0013884003339652365
0.008320000000000001,0.0011510187494851794,0.0028075733991160096
0.00833,0.004430760196537771,0.004643759591420129
0.00834,0.004142242682136827,0.0019080085774492823
0.008350000000000002,0.004399750373841129,0.0034889222045630824
0.008360000000000001,0.00553505758868452,0.004795178924299169
0.00837,0.0037251252607126747,0.0014477536067744592
0.00838,0.0023594987279703314,0.002143634398700893
0.00839,0.0030360924065327122,0.0037802668713854243
0.008400000000000001,0.005098199318579844,0.0031428809288796783
0.00841,0.0037013250085676935,0.0035326826252138808
0.00842,0.0026384891326829874,0.00139623660295048
0.00843,0.00016064772349509704,0.0018576729089412063
0.008440000000000001,0.004619037618055569,0.001843098660824193
0.008450000000000001,0.003198355265549598,0.004182733429596765
0.00846,0.00471657039884637,0.001091753875476734
0.00847,0.0056705316224627145,0.005506467891828647
0.008480000000000001,0.001417934137861045,0.0016050415165175906
0.008490000000000001,0.006061035601751837,0.0029599551664429347
0.0085,-0.0007594818346374384,0.0004552455642081641
0.00851,0.003182554077597353,0.0009294690504825509
0.008520000000000002,0.002855664498435217,0.0033212919695441204
0.008530000000000001,0.0066082394048503496,0.0026765363156792867
0.00854,0.005830031399520279,0.006115908494081645
0.00855,0.006554784190404735,0.0038288407956474178
0.00856,-0.00023919694371189303,0.004181924196623696
0.008570000000000001,0.005785397078002791,0.0030990825310298654
0.00858,0.007178980444281418,0.0049818255611359386
0.00859,0.004827574312735492,0.00543586097819615
0.0086,0.004358981568989578,-0.001721580903075099
0.008610000000000001,0.002695177726495872,0.0056593161135517125
0.008620000000000001,0.002079486168328556,0.0028189744363904083
0.00863,0.0016062088971131035,0.006834703450599656
0.00864,0.007060078574637636,0.0015000587098227731
0.008650000000000001,0.003992901255130032,0.0019077460721103358
0.008660000000000001,0.004929405587809361,0.0042890374183302635
0.00867,0.005324137970385896,0.003934444685185512
0.00868,0.009572749220537587,0.0012156962164304426
0.008690000000000002,0.0002819395438449137,0.002486298733527441
0.008700000000000001,0.0005683786320751808,0.00028848941622842354
0.00871,0.001702934231959513,0.0014299704005512827
0.00872,0.001797535181455505,0.004311719802373206
0.00873,0.002695600577181095,0.0029171858777257845
0.008740000000000001,0.005497651032498296,0.0017445025408407418
0.00875,0.0031812999415297577,0.0040095995634879195
0.00876,-0.00017153813441368607,-0.0014907999867165818
0.00877,0.004405037325898269,0.004263970472200436
0.008780000000000001,0.007842447614213037,0.003597061983694656
0.008790000000000001,0.005354690931097036,0.0028908567077058356
0.0088,0.0043108695688259,0.0066172448843231976
0.00881,-0.0005303674033862822,0.004110892365947934
0.008820000000000001,0.007989994279492624,0.0038486563842395575
0.008830000000000001,0.0070211688126665265,0.0020270911878131756
0.00884,0.003657129446249925,0.003353491879731624
0.00885,-0.0007127566931293796,0.0009510132553612449
0.008860000000000002,0.001529875821583167,0.004932426952249611
0.008870000000000001,0.005469132191349453,0.003937293016724472
0.00888,0.0053742312593024364,0.002961846091984188
0.00889,0.006131087777368729,0.0033086460407805705
0.0089,0.0038441509940373786,0.002760807580032878
0.008910000000000001,0.005098521804650445,0.0024505183583033094
0.00892,0.005683681044368081,0.001029540309973658
0.00893,0.0015341827126089205,0.004669614157412632
0.00894,0.0035561232175872876,0.0023878993274544344
0.008950000000000001,0.00551452303007978,0.0020820803020037987
0.008960000000000001,0.0033352004696813875,0.006095979459512269
0.00897,0.006815082578921878,0.006443239868845204
0.00898,0.0031737407394011523,0.005760768607908042
0.008990000000000001,0.0018412805417320347,0.001486475859786253
0.009000000000000001,-0.000960532104867508,0.006646936286929639
0.00901,0.0020136128055290065,0.00304905246110326
0.00902,0.0019221162243867242,0.004693365319234185
0.009030000000000002,0.002992689493704327,0.0006943177091428498
0.009040000000000001,0.004628473353809193,0.0004374075742255381
0.00905,0.0020715276895726348,-0.0009079950042249485
0.00906,0.0008996133361069397,0.003663756633932431
0.00907,-0.00018035258881227015,0.0003453213839319301
0.009080000000000001,0.0037451710896705746,0.0022213130498268657
0.00909,0.0077351711371043096,0.006977233413984684
0.0091,0.0020164413926928963,0.004424628510680379
0.00911,0.005252039395774179,0.00211630798270332
0.009120000000000001,0.0007635786846974858,0.0032875806988802237
0.009130000000000001,0.003410157396648267,0.0024415599770866445
0.00914,0.00464166898513492,0.0018125406062549706
0.00915,0.0014542261711643417,0.0035330760868278487
0.009160000000000001,0.004531346985002105,0.0009625300617284098
0.009170000000000001,0.0056167730724485995,-0.00022423304417281157
0.00918,0.002605549501730399,0.0028016209201952476
0.00919,0.0024905130816765472,0.002188425286966905
0.009200000000000002,0.00750629307956665,0.0016176857786430624
0.009210000000000001,0.0086477706890409,0.004194614720909953
0.00922,0.0039506201700672166,0.004273748555925913
0.00923,0.008827547568513219,0.0013349880128641339
0.00924,0.001528037930940499,0.0018133472839289915
0.009250000000000001,0.0038343412867997647,-0.0001275574305438466
0.009260000000000001,0.0038159142218317133,0.0067119837144707616
0.00927,0.004075230802045056,0.002740422645697309
0.00928,0.0025372749293146478,0.0051237205770841366
0.009290000000000001,0.0021231096153834462,0.007020392102725426
0.009300000000000001,0.007642673522760575,0.003842004442490995
0.00931,0.003754102247946626,0.005390724536265109
0.00932,0.005967907357617031,0.0017183230241290515
0.009330000000000001,0.002726377549242154,0.0006865126760734882
0.009340000000000001,0.004598794688821504,0.004665363865145088
0.00935,0.001081990068344918,0.0024226103358597293
0.00936,0.0010885095770843231,0.0015363080676028707
0.009370000000000002,0.004886227138131568,0.00186784259353626
0.009380000000000001,0.0031837162492832846,8.108180686802963e-05
0.00939,0.004160523263685349,0.003248056656872356
0.0094,0.0023297985672570045,0.002959472233784227
0.00941,0.004149480592594343,0.0017086615635637176
0.009420000000000001,0.0008375390500001863,0.006950443259489968
0.009430000000000001,0.0025246915781247208,0.0031466702218300017
0.00944,0.0058140888512234305,0.01039919633963634
0.00945,0.0013046084201071414,0.004241635431292605
0.009460000000000001,0.0023796482340295187,0.00226529493792931
0.009470000000000001,0.002355499794331802,0.0010924596594678085
0.00948,0.0037145116924602603,0.00039565777454387673
0.00949,0.005691879677653597,0.003455562080703478
0.009500000000000001,0.0046443041689063725,0.002414071552003435
0.009510000000000001,0.0030661955839820705,0.003922468661588104
0.00952,0.001473670968677288,0.002632251566716287
0.00953,0.002083713539547354,0.0015679859084138132
0.009540000000000002,-0.00041556802645128545,0.006028667313201426
0.009550000000000001,0.0024321983906148764,0.005677656360634055
0.00956,0.005944027537404186,0.0007797944655845977
0.00957,0.001630786977475787,0.008473688938707771
0.00958,0.00731062744433408,0.0032905346486082174
0.009590000000000001,0.00432468744336284,0.002092767039346237
0.009600000000000001,0.004675811888302648,0.001920983729296931
0.00961,-0.0002524362790621948,0.0007131231595609642
0.00962,0.003855621096058305,0.0010949869805718417
0.009630000000000001,0.003680044583471606,0.0012086856096687922
0.009640000000000001,0.002251055144282146,0.005065224057090724
0.00965,0.004311887124524525,0.0033404498769465433
0.00966,0.00557601658023723,0.0043218807019606495
0.009670000000000002,0.006712377387264317,0.002441829307514954
0.009680000000000001,0.0029611425851047827,0.0007602131382291335
0.00969,0.002963612412462182,0.005292854821269376
0.0097,0.006422709465341881,0.005284808254073332
0.009710000000000002,0.00023551143080500223,0.0055313707528346304
0.009720000000000001,0.0001480179308319036,0.005162196910541514
0.00973,0.0030906457090002027,0.004771910350909557
0.00974,0.001162477223319689,0.005710059975949461
0.00975,0.0008985831569698968,0.0020316954038634054
0.009760000000000001,0.0018335016977188787,-0.00013908443672033463
0.009770000000000001,0.004019903967417633,0.0069825430770589034
0.00978,0.00916581673166897,0.003565555517904386
0.00979,0.006066525868652788,0.0038363118526017256
0.009800000000000001,0.0048320863171375196,0.0026887034389461327
0.009810000000000001,0.004225629966016241,0.004448835847088064
0.00982,0.0026797124243649485,0.003219767067756004
0.00983,0.0037209269913339046,0.005028439065633626
0.009840000000000002,0.0017068778144355727,0.003273424311721456
0.009850000000000001,0.0076641076061932855,0.00570550486737428
0.00986,0.006539608859179323,0.0034271236118915928
0.00987,0.004484399565885253,0.005383607171106105
0.009880000000000002,0.006964068759361897,-0.0005231965443068974
0.009890000000000001,0.0012138279335390289,0.005999771466377109
0.0099,0.0032920842698660456,0.002038315206281489
0.00991,0.0013386930284760875,0.002272596442804883
0.00992,0.0010434280448525426,0.007565690993078044
0.009930000000000001,0.0038044457060098296,0.003268473507185243
0.009940000000000001,0.005026621948482038,0.005309936614470255
0.00995,0.005743395290200492,0.00553336139185698
0.00996,0.002591077846086716,0.0027912546658587405
0.009970000000000001,0.0053919818216236195,0.0023330804685955733
0.009980000000000001,0.003844854403107853,0.0041862559819425375
0.00999,0.00542658658241618,-0.00016576406457142513
0.01,0.005286856063271764,0.0029230186981400127
0.010010000000000002,0.005273428126839974,0.00494519869956469
0.010020000000000001,0.007075490365737474,0.006099110659182979
0.01003,0.006553950704728177,0.006280411600167684
0.01004,0.004444712083616411,0.0034583082833459806
0.010050000000000002,0.005608734614132825,0.004858966709849503
0.010060000000000001,0.003246113908250345,0.004205317873315074
0.01007,0.0037951989831100036,0.0016886710392255391
0.01008,0.006447458536226567,0.003507800694111353
0.01009,0.007965098308347513,0.000147282574740087
0.010100000000000001,0.002755268590257412,0.0034644092485160453
0.010110000000000001,0.006144732278550016,0.004198934334960392
0.01012,0.004492059144188977,0.0011463315746161017
0.01013,0.0015583739999228087,0.004046731606337008
0.010140000000000001,0.0011451875721482717,0.0023388294679918447
0.010150000000000001,0.004876376591037098,0.0014387986643251299
0.01016,0.007086395839172978,0.0058521816958702
0.01017,0.0007339855086850103,0.0015404278784647413
0.010180000000000002,-0.0006935877825648639,0.0018408485567946204
0.010190000000000001,0.005411884471605611,0.0025791018747388633
0.0102,0.004801842429520301,0.0003630831611642713
0.01021,0.005477338487889202,0.002298392942056047
0.010220000000000002,0.00390686699315366,0.003223721557760086
0.010230000000000001,0.001340569850905414,0.00110416062284953
0.01024,0.005820394709851158,0.004209171890964202
0.01025,0.005986042349968486,0.004061361901144089
0.01026,0.004173063648169495,-3.9118387773633394e-05
0.010270000000000001,0.003347486714197656,0.003358991194110309
0.010280000000000001,0.007795571851719288,0.004788529651102921
0.01029,0.006962616785136571,0.004610547918003869
0.0103,0.0024690245542534897,0.0036505766258336245
0.010310000000000001,0.004365214507808068,0.0015388723100107108
0.010320000000000001,0.0031251282907121154,0.003006504287600902
0.01033,0.007106278159935071,-0.0007425883803537417
0.01034,0.006307810410227975,0.0015461561667354004
0.010350000000000002,0.0011531498921258966,0.005780484434391624
0.010360000000000001,0.005362238727673656,0.005930490688852199
0.01037,0.005500980432297058,0.007541995970132777
0.01038,0.005018157785346202,0.0031102034704497054
0.010390000000000002,0.004587696067388993,0.005910948309571194
0.010400000000000001,0.0023442254913387138,0.0021210842928186804
0.01041,0.0032861885703835254,-0.0007834531591559375
0.01042,0.00418139750352515,-0.0003456944128723007
0.01043,0.004012491029837298,0.005157992640786095
0.010440000000000001,0.002953750830917037,0.006782494579873542
0.010450000000000001,0.0009876329333287815,0.0058116334919120355
0.01046,0.0052600394574452095,-2.1054999956005536e-06
0.01047,0.009332484188457179,0.003303318873087036
0.010480000000000001,0.002157057425861721,0.0006174830821493323
0.010490000000000001,0.0034731189294740406,0.003177691335372962
0.0105,0.004119575192086493,0.002837759957611989
0.01051,0.005181863541812766,0.002658939376768848
0.010520000000000002,4.6613110805397446e-05,0.0031363224056152805
0.010530000000000001,-0.0008172858998629637,0.004143432596954247
0.01054,0.0019601966465726665,0.0037634575673500576
0.01055,0.006548074409860628,0.0015400845740704396
0.010560000000000002,0.0060435639436887826,0.0025716475237125406
0.010570000000000001,0.00742856765158746,0.002708965709205205
0.01058,0.0022423183389307013,0.004814591701593849
0.01059,0.00305285075563657,0.0017580592250767636
0.0106,0.002969876061622372,0.0033525882294737027
0.010610000000000001,0.006611041217625002,-0.0004255315679590182
0.010620000000000001,0.0039739671098520625,0.004693293330644794
0.01063,0.004315827424211184,0.0060640582884756745
0.01064,0.003781363743195711,0.0030760664640416845
0.010650000000000001,0.0051158372721802695,0.0036446379682906135
0.010660000000000001,0.0031514841247344827,0.004479138999339249
0.01067,0.0026283680864488766,0.002225336790344084
0.01068,0.0028785593501249795,0.006154669182001484
0.010690000000000002,-0.0025063629476129645,0.004240567892180754
0.010700000000000001,0.0040053354141288315,8.846825949427152e-05
0.01071,0.004557367016775964,0.004402551711906417
0.01072,0.0051183132461365,-0.0018517702519901548
0.010730000000000002,0.006672934584925547,0.0019772502067949456
0.010740000000000001,0.005314411886128836,0.004935708516426128
0.010750000000000001,0.002189002507132713,0.004775317796115781
0.01076,0.0031725301373691206,-0.0006875199328375504
0.01077,0.006280120066874938,0.0019059806329267035
0.010780000000000001,0.0022367685434996633,0.002650774555318489
0.010790000000000001,0.00449134783004421,0.0033432008021094272
0.0108,0.005044126797199703,0.0007795978236022081
0.01081,0.002464338434025661,0.0032274169460804244
0.010820000000000001,0.0077460036467343115,0.003232620149730527
0.010830000000000001,0.006121791135418685,0.00353818930234297
0.01084,0.0029851465407669036,0.0029684634577532816
0.01085,0.003616741260716938,0.004670036728711453
0.010860000000000002,0.006703919751363061,0.004182939495177516
0.010870000000000001,0.0063299687681464606,0.0015348304783732434
0.01088,0.0031276682512194017,0.0020166366444622844
0.01089,0.004586933973225586,0.00274815630778414
0.010900000000000002,0.0054187058533276,0.0016049006267655358
0.010910000000000001,0.004046336779549648,0.004841450451164913
0.010920000000000001,-0.00016921619695344729,0.00771182743073243
0.01093,0.0033961997708684263,-0.0005806852159292745
0.01094,0.004279805193267411,0.003537110951736328
0.010950000000000001,0.0038009421611439552,0.005453435255621386
0.010960000000000001,0.005460734056710432,0.004067634035998704
0.01097,0.004867268245410758,0.003263992990055295
0.01098,0.007519051210452611,0.0005151456985851479
0.010990000000000002,0.004248485066352075,0.003604414456026184
0.011000000000000001,0.005596854408187424,0.0017874845097141782
0.01101,0.0004840599422894533,0.0037896649808305226
0.01102,0.004534977356125172,0.006456044065340515
0.011030000000000002,0.0014329031779178776,0.0057870586920155
0.011040000000000001,0.008709566572469208,0.002722966910583273
0.01105,0.0013939636549331292,0.0026653730954192757
0.01106,0.004004967954514209,0.004607722336790291
0.011070000000000002,0.002795278162982736,0.006591368030334012
0.011080000000000001,0.0017501122732525615,3.384650187528322e-06
0.011090000000000001,0.0061937067108613075,-0.0010666234975772767
0.0111,0.00357313496265173,0.009718804051937414
0.01111,0.003958415712363376,0.0012427293397739808
0.011120000000000001,0.003868815889053114,0.003383485531105061
0.011130000000000001,0.004306018376814305,0.004810435159945785
0.01114,0.001907603520671118,0.006861827014058368
0.01115,0.004477161469945488,0.004941140325592262
0.011160000000000002,0.002731740828654465,0.006061137457797821
0.011170000000000001,0.003475041221352406,0.004044298784193513
0.01118,0.00212403997993858,0.0014961507007496375
0.01119,0.0053677685277472385,0.00260362011299924
0.011200000000000002,0.0022848172062274923,0.002205286533296473
0.011210000000000001,0.0053914746776023955,0.0022343965635187478
0.01122,0.003759363511100265,0.0035233464802758236
0.01123,0.00016108013029472517,0.0005518564884905864
0.011240000000000002,0.004669437897361591,0.002020868522787465
0.011250000000000001,0.006111435847184352,0.005429359026326148
0.011260000000000001,0.005437426952961613,0.007136105592615944
0.01127,0.003834014250924814,0.004795142697952949
0.01128,0.0028324939305746045,0.008402935128580235
0.011290000000000001,0.007969665857849847,0.003522772257671861
0.011300000000000001,0.00477667337451439,0.0062184223028071564
0.01131,0.0037103239599752405,0.0021873943081178156
0.01132,0.005753684220346907,0.0036583359182721232
0.011330000000000002,0.004372795060839384,0.0018337293476525874
0.011340000000000001,0.0005725630031784197,0.0039753710930737745
0.01135,0.0058189322170439945,0.003052286647079841
0.01136,0.006882967703769959,0.0020968809992513156
0.011370000000000002,0.0019017999824143,0.003371066174018426
0.011380000000000001,0.0038471236670846085,0.00504627702342975
0.01139,0.0024634827934960817,0.006243340441299437
0.0114,0.007948341689520735,0.0034296759557452578
0.011410000000000002,0.006515027627442691,0.001395781546084795
0.011420000000000001,0.006167148592342531,0.005604139818286662
0.011430000000000001,0.005744678494241929,0.003479271773975465
0.01144,-0.0018895958231167423,0.0022277542522117213
0.01145,0.002768167851766637,0.0015555088889811588
0.011460000000000001,0.004265583426902411,0.002674901737965459
0.011470000000000001,0.002372970632493989,0.0013960378352701449
0.01148,0.0025922656194508993,0.005757445697606782
0.01149,0.0027023381243823793,0.0024853786430949426
0.011500000000000002,0.0031120893522615504,0.004194051506077339
0.011510000000000001,0.004939079614125296,-0.002572440536560438
0.01152,0.006070946826206862,0.006390416315377981
0.01153,0.001928398792667547,0.0015738911044083205
0.011540000000000002,0.003129360268660877,0.0020072865444998615
0.011550000000000001,0.004478815677554812,-0.00037294935669846636
0.01156,0.001796201308279185,0.006599301892568836
0.01157,0.0021767108942227055,0.006008569968739571
0.011580000000000002,0.004744921235167122,-9.601645169285931e-05
0.011590000000000001,0.005305996960615315,0.0032879895832023383
0.011600000000000001,0.003125497895632237,0.004014043229709036
0.01161,0.004986792129590595,0.004940117189280916
0.01162,0.006395123716877411,0.0043420095195607095
0.011630000000000001,0.0012884424211537138,0.002579250574594543
0.011640000000000001,0.009926899560449794,0.004976327054287794
0.01165,0.008780469497582103,0.006319016189797429
0.01166,0.0045265907605958906,0.004131764905595082
0.011670000000000002,0.003970917975351922,5.414392424341833e-05
0.011680000000000001,0.004081263714375349,0.0059519043007038265
0.01169,0.0028469800914569096,0.0043552628837141266
0.0117,0.005750532762487256,0.0017127973477322682
0.011710000000000002,0.003145835250169136,0.0014971362374717814
0.011720000000000001,0.0024051997927991894,0.0009585492949965263
0.01173,0.002249723830520239,0.006373471520087007
0.01174,0.002220756162580511,0.0037882785456169518
0.011750000000000002,0.003047061901899216,0.005893891583891664
0.011760000000000001,0.006676212912531288,0.005265098930237245
0.011770000000000001,0.004667246057822013,0.0030756388027388297
0.01178,0.001672315898341551,0.007425614203945349
0.01179,0.0025378073497461426,0.004866647356364341
0.011800000000000001,0.006177372333048404,0.0024295915449003913
0.011810000000000001,0.006135353769609541,0.005069376478112144
0.01182,0.0075163436381442544,0.0026030543281106823
0.01183,0.0014897749110519328,0.0025315645969053308
0.011840000000000002,0.004480296735337609,0.0036597660665885854
0.011850000000000001,0.0032768002894027633,-0.000274258142625731
0.01186,0.00500572823351571,0.007489621555180898
0.01187,0.00499435060502822,0.004763999116079033
0.011880000000000002,0.005211824357431573,0.0043406165584493955
0.011890000000000001,0.0059313510246055134,0.0043380653820139295
0.0119,0.0034437498273128734,0.0019561346613158484
0.01191,0.00357224166240268,0.00417716559714457
0.011920000000000002,0.0034391075882485482,0.00417837775512049
0.011930000000000001,0.00495065804720202,0.005216852698201305
0.011940000000000001,0.006639031719151438,0.0037073017820943304
0.01195,0.0014589723858044385,0.0028618715241287406
0.01196,0.004163734119080642,-0.00011866535832021985
0.011970000000000001,0.0068540212267679135,0.0038384200794386062
0.011980000000000001,0.004840480792732298,0.006285508944450371
0.01199,0.00281857213559356,0.004703331311221136
0.012,0.003860211957862161,0.003187864811029211
0.012010000000000002,0.0025366375731088377,0.006888035734071525
0.012020000000000001,0.003331104150263377,0.004956548228632503
0.01203,0.0003331710747935322,0.005918386889343322
0.01204,0.006188689519180023,0.0037540678131348965
0.012050000000000002,0.0036314633713028627,0.004359989034270781
0.012060000000000001,0.008664010461014143,3.430472413884153e-05
0.01207,0.005651564490015506,0.0017383322854100255
0.01208,0.004048753238396152,0.0030665950886724965
0.012090000000000002,0.0032330335726180395,0.0035422131756455144
0.012100000000000001,0.0018224075965394358,0.005622292083205472
0.012110000000000001,0.0005035424058158276,0.004644247684549533
0.01212,0.0034398370070705254,0.001223655990432405
0.01213,0.004498754480643474,0.0004523903954654603
0.012140000000000001,0.004174494154141762,0.0007213252162276201
0.012150000000000001,0.00501868919511385,0.0017191505001671514
0.01216,0.0031952352532829157,0.004156549751959004
0.01217,0.0025532170701755104,0.0034535084589102823
0.012180000000000002,0.0010717180441103466,0.004831972821603761
0.012190000000000001,0.007630284157228907,0.009155424180846307
0.0122,0.004283870086339488,0.005148199232145176
0.01221,0.0005413594419866013,0.006578043784054098
0.012220000000000002,0.0056561445405233675,0.0026054920982575905
0.012230000000000001,0.006579125623967332,0.003065190367867947
0.012240000000000001,0.003189789899276016,0.004525595581749154
0.01225,0.0019802072577221404,0.005618958146621217
0.012260000000000002,0.0019960123763278523,0.001476381602747458
0.012270000000000001,0.002289687917443133,0.005096273500096811
0.012280000000000001,0.0028765920171356435,0.0008820637775511764
0.01229,0.002899857738612324,0.003514752205146805
0.0123,0.0017503475224133359,0.0012762560081129
0.012310000000000001,0.008335959662703629,0.0018592683781285173
0.012320000000000001,0.003468356515778926,0.0028467058240818004
0.01233,0.003272801651215745,0.004824653626339643
0.01234,0.006012874936295837,0.002970831285303048
0.012350000000000002,0.0016447059864769043,0.006132400287718438
0.012360000000000001,0.003928053657843325,0.007044942827523987
0.01237,-0.0003713629175037215,0.0039758846887440824
0.01238,0.007958094340132497,0.002879328706690985
0.012390000000000002,0.0036709673783757286,0.004177658775602347
0.012400000000000001,0.003005434898398463,0.0029632696270766676
0.012410000000000001,0.0034484684179135706,0.002333349805436683
0.01242,0.006582883536375425,0.004511124806776315
0.012430000000000002,0.00462749848995323,0.005206887909083455
0.012440000000000001,0.0035986017097500126,0.0020421150973811567
0.012450000000000001,0.0029231358785189185,0.003594865341181226
0.01246,0.0020110319443160055,0.0025915534372215423
0.01247,0.003098292712896488,0.007841963828449318
0.012480000000000002,-0.001416033484846914,0.003234387511784784
0.012490000000000001,0.00758405414237545,0.0038380911565080917
0.0125,0.005640571429195086,0.003794829820365413
0.01251,0.0028001394099466817,-0.0008878800282213399
0.012520000000000002,0.004546787001435659,0.0020455129713617608
0.012530000000000001,0.002536274035508621,0.002599525697948534
0.01254,0.007627736647590429,0.008407949013754966
0.01255,0.004573498462466943,0.002669512891192941
0.012560000000000002,0.0017856982726705442,0.004536900762735281
0.012570000000000001,0.0077070305954950215,0.003105912457504387
0.012580000000000001,-0.0006157046301889964,0.004941465058808743
0.01259,0.006114154698862418,0.0004304466101662553
0.012600000000000002,0.004497391237155629,0.004505361791532671
0.012610000000000001,0.003999275629431375,0.0020221394823987677
0.012620000000000001,0.006178431814476799,0.002797693083350993
0.01263,0.0011772519466591446,-0.000493725447499635
0.01264,0.006670389988103023,0.004839322119587625
0.012650000000000002,0.004325704490270597,0.0027262152304247424
0.012660000000000001,0.0030928267879019194,0.001456061239819605
0.01267,0.0032889783203971824,-0.0006318701654461022
0.01268,0.0026808280692255837,0.002987198656117053
0.012690000000000002,0.005373781011149225,0.0035299898824489293
0.012700000000000001,0.005744932459607843,0.006308881836567416
0.01271,0.006272491509597498,0.004552399835427332
0.01272,0.004180941545928551,0.0016505723357730208
0.012730000000000002,0.00563816893198854,0.006972411026988098
0.012740000000000001,0.004843557326758241,0.007448202167771105
0.012750000000000001,0.0011092660266458772,0.0013061244085756842
0.01276,0.005871876431176151,0.00414379860491166
0.012770000000000002,0.006790101519852796,0.0035850416092881765
0.012780000000000001,0.0024276498513163144,0.003189564812545032
0.012790000000000001,0.0010992960633390558,0.0013603360574615613
0.0128,0.006110615089500584,0.005363858040191743
0.01281,0.004892798531933239,0.00017689367823341996
0.012820000000000002,0.003451045460643546,0.0011698141534488395
0.012830000000000001,0.006521981549797289,0.002453134576378113
0.01284,0.001998481832927022,0.0036809357890066207
0.01285,0.002890730335316169,0.00658959559736326
0.012860000000000002,0.0027024792311494275,0.0008244152800350609
0.012870000000000001,-0.00013266444481817036,0.003562062518926408
0.01288,0.0030503637032154476,0.0007665897401424229
0.01289,0.006553737981940708,0.004959652381983263
0.012900000000000002,0.004119910214823187,0.006354577414373478
0.012910000000000001,0.005502478738040594,0.0019809756672509627
0.012920000000000001,0.002100026827590575,0.005263412809201067
0.01293,0.004972261339123643,0.003967707212389196
0.012940000000000002,0.002487591877860402,0.004844868473161764
0.012950000000000001,0.002670649562035659,0.0034257613996112454
0.012960000000000001,0.00707659525358182,0.002308827314169996
0.01297,0.0010377878674675835,0.00152616218678174
0.01298,0.0061734232445965955,0.0041414793381499585
0.012990000000000002,0.003928129832755222,0.0026145896541650794
0.013000000000000001,0.005157663193953854,0.0019353274731320183
0.01301,0.004799333095150088,0.0021717876571301148
0.01302,0.0023937415571334874,0.002360081254461913
0.013030000000000002,0.003439303595833544,0.0035381554917050893
0.013040000000000001,0.004662088031937927,-0.0037401566693275883
0.01305,0.00257693307142924,0.00285419241966115
0.01306,0.007203415802135125,0.0014780853297301825
0.013070000000000002,0.004519942292397688,0.006628909049754086
0.013080000000000001,0.0015694691213608012,0.0044275564778546725
0.013090000000000001,0.0025919194327155624,0.0026310958498343877
0.0131,0.002591298146771997,0.002177405738698941
0.013110000000000002,0.009642400619842704,0.005330788834009401
0.013120000000000001,0.006403108352701906,0.004626620511477849
0.013130000000000001,0.0009881751536649484,0.004433305640378921
0.01314,0.006347603857552779,0.0019373466279547324
0.01315,0.006133453658148962,0.0050535735867987975
0.013160000000000002,0.00790793590645095,0.002810090448261268
0.013170000000000001,0.00200968914346553,0.0029231552762639156
0.01318,0.007077108184221597,-9.645529050018604e-06
0.01319,7.026965608048722e-05,0.0038267112444075064
0.013200000000000002,0.003322897190099451,0.0036641306434718854
0.013210000000000001,0.006099753806967213,0.0025442900525046133
0.01322,0.00046417289210929887,0.007739145464188597
0.01323,0.0022167820696795517,0.0015328614286138314
0.013240000000000002,0.006419732564183864,0.0028827104715848984
0.013250000000000001,0.0040865665269284555,0.004618021721376052
0.013260000000000001,0.0063815659340374946,0.002986272565413235
0.01327,0.00725535703950706,-0.0006176535478619517
0.013280000000000002,0.005736080604967971,0.001975642951087703
0.013290000000000001,0.0069621016716637524,0.003939538662358238
0.013300000000000001,0.0028728010862970727,0.004981883248746937
0.01331,0.00600604096155954,0.004940740387232825
0.01332,0.0021613241101473843,0.0026896686942608976
0.013330000000000002,0.004213623043356016,0.003575934157743738
0.013340000000000001,0.005722311603054838,-0.00037059875851032636
0.01335,0.004892526502734597,0.003079990963379187
0.01336,0.0025479227096550016,0.0021757298051230415
0.013370000000000002,0.003796899970003203,-0.003540717436817832
0.013380000000000001,0.0028244473223675583,0.001910572257645107
0.01339,0.005293643856276508,0.0020518974005183555
0.0134,0.0037989006202130827,0.00674825260359595
0.013410000000000002,0.006218881852822415,0.005468990455392833
0.013420000000000001,0.0032314843551939443,0.004751260246182183
0.013430000000000001,0.003764483828590356,0.003273757023575413
0.01344,0.0050527001416009725,0.00247270375100774
0.013450000000000002,0.007220385499203034,0.0033471778575317568
0.013460000000000001,0.005472150071112511,0.006579386030441125
0.013470000000000001,0.006299785948556633,0.0008510935284277736
0.01348,0.005127319463243835,0.005371116911657691
0.01349,0.006022302804835546,0.0014438345708412386
0.013500000000000002,0.0029255551877084823,0.0056602865546549926
0.013510000000000001,0.0027171536360123105,0.0030725235420714977
0.01352,0.00739347452688708,0.0035770624553454
0.01353,0.002789222978057132,0.0019181712719492225
0.013540000000000002,0.004909258074537471,0.00100785472748396
0.013550000000000001,0.003750195465480994,0.004341356302742527
0.013560000000000001,0.006844214829003611,0.005010735611744182
0.01357,0.0028188325637687286,0.00603322203464716
0.013580000000000002,0.003648980154115357,0.001205721034565851
0.013590000000000001,0.0039049747582704636,0.0065542088910854205
0.013600000000000001,0.0045805846430970855,0.0037036573589216953
0.01361,0.007525574717573761,0.0008166468093138753
0.013620000000000002,0.0016809999047579928,0.0004484061666953031
0.013630000000000001,0.004998541030472877,0.004013827700463599
0.013640000000000001,0.0073397637371337855,0.00416853367086132
0.01365,0.0034470228495472374,0.003685915065799764
0.01366,0.004491797992686829,0.00033954431029501256
0.013670000000000002,0.009678092253477967,0.004723550163865067
0.013680000000000001,0.004678491212136975,0.004914877101079875
0.01369,0.00567834201124455,0.003404182900879762
0.0137,0.0029980830547204004,0.004884931718738649
0.013710000000000002,0.005033032109000506,0.002066990357323408
0.013720000000000001,0.007100726575467112,0.004274214573098608
0.013730000000000001,0.005723338826575282,0.0064720919566527944
0.01374,0.004308522318642279,0.004322893612337273
0.013750000000000002,0.005885843553014713,0.002240006584426068
0.013760000000000001,0.004374936627253199,0.003941564815911326
0.013770000000000001,0.002355760250072966,0.00832647984780946
0.01378,0.0014543343451037796,0.0010957368285533769
0.013790000000000002,0.0068984180893647135,0.005119215240942995
0.013800000000000002,0.0022190788365344183,0.0049079986112740654
0.013810000000000001,0.00720775272314721,0.003633632046237767
0.01382,0.009470740823524757,0.0002467718590381698
0.01383,0.005661784950330824,0.006028689211880765
0.013840000000000002,0.006057868694521242,0.003287657884473982
0.013850000000000001,0.0036953406058942103,0.004585396218267729
0.01386,0.005908775052180016,0.004902789027326121
0.01387,0.006358424200221062,0.001660838259974603
0.013880000000000002,0.0038238086313893355,0.0018192820702234243
0.013890000000000001,0.0035081670401548946,0.0057304912198156855
0.013900000000000001,0.004497402268600251,0.008914503005892574
0.01391,0.0046692888289271315,0.003820903426184244
0.013920000000000002,0.004495883433844031,0.0024266370070978073
0.013930000000000001,0.004168885704084475,0.005958564917529872
0.013940000000000001,0.0045135414328730675,0.0021168036170587895
0.01395,0.0024364718577810007,0.002804053250377141
0.013960000000000002,0.004435408804464227,0.0060923638052415175
0.013970000000000002,0.0016077453250372643,0.0030662716231212826
0.013980000000000001,0.004578383154430939,3.924583261136682e-05
0.01399,0.002623606893520548,0.00234761322206239
0.014,0.002699902892185321,0.004091902070266555
0.014010000000000002,0.003971764438293968,0.0025982831990639874
0.014020000000000001,0.005149848765229755,0.007155737009285434
0.01403,0.007573476238287452,-0.00013522405439156827
0.01404,0.005450147103442575,0.0033550045716875614
0.014050000000000002,0.004607352791196065,0.0029152164934823544
0.014060000000000001,0.0045332585740928254,0.004015328508461349
0.014070000000000001,0.003141216848068446,0.0019205095237414735
0.01408,0.00340276788600427,0.004182493799031026
0.014090000000000002,0.005499190663551546,0.00542140362350051
0.014100000000000001,0.0033138565038850574,0.004283124950430853
0.014110000000000001,0.006228280145090164,0.006047355501746078
0.01412,0.0041866475058462554,0.003275031906162616
0.014130000000000002,0.004687599776900587,0.0014182098041063823
0.014140000000000002,0.003919170224899276,0.005207526690305357
0.014150000000000001,0.005591321286654882,0.0031785475780104506
0.01416,0.004743901054223907,0.0020705107497793586
0.01417,0.005716486416696332,0.003564896952275274
0.014180000000000002,0.0037586365293945365,0.002997820297434991
0.014190000000000001,0.0041857888563001594,0.0028262405760379897
0.0142,0.005628899664618813,0.0029321564176763
0.01421,0.007499578632810724,0.006653871920324272
0.014220000000000002,0.0025316001552449182,0.0038635866040379672
0.014230000000000001,0.003014410432961926,0.0030716098431035556
0.014240000000000001,0.008321614998512968,0.0031104887923519287
0.01425,0.005038248372301707,0.004809000624821586
0.014260000000000002,0.002317573635863532,0.00201689325164373
0.014270000000000001,0.0019078235688814085,0.0019558686500756378
0.014280000000000001,-0.001379156127460323,0.0048177005909352515
0.01429,0.008430327402195154,0.004024902693280899
0.014300000000000002,0.001490437478966683,0.00244443362996562
0.014310000000000002,0.0034062568354415474,0.0016955417769085141
0.014320000000000001,0.0060454109804266324,0.005351956110981505
0.01433,0.0020151771448688087,0.005182322557660478
0.01434,0.007380740939670918,0.007538001081710975
0.014350000000000002,0.010058574390265971,0.0019296233311158263
0.014360000000000001,0.009977625780447983,0.0030259195683106795
0.01437,0.0031452884528659518,0.004389200567296836
0.01438,0.003167130984235769,0.004533867328244619
0.014390000000000002,0.0016921334189864776,0.0032589968297428245
0.014400000000000001,0.006904486258886797,0.0036231021957428785
0.014410000000000001,0.004617547213426766,0.004688464490901844
0.01442,0.006676712602864756,0.0004282201183855804
0.014430000000000002,0.005505471007102819,0.003203113284321498
0.014440000000000001,0.004670732108582964,0.005860013681421365
0.014450000000000001,0.0019501162854160471,0.0017155459974601914
0.01446,0.0004686627952575086,0.002643238294933407
0.014470000000000002,0.007001420386468447,0.0035011028595996066
0.014480000000000002,0.0016613387464221602,0.002771640565758704
0.014490000000000001,0.0013668978281810868,0.0014933464303905687
0.0145,0.005121291610944054,0.0013966923210714526
0.01451,0.0065699548143147764,0.0036029184930441724
0.014520000000000002,0.004516907883939127,0.0031891330020048063
0.014530000000000001,0.0058924462843424445,0.005312918337087993
0.01454,0.005017891301759493,0.004876896159762995
0.01455,0.00392463510866145,0.004832443110582111
0.014560000000000002,0.0036740906084201564,0.003753219252609469
0.014570000000000001,0.0038015902322098448,0.0028350376041725283
0.014580000000000001,0.002973685568193167,0.004685573328361331
0.01459,0.00697415228348762,0.006093115265422006
0.014600000000000002,0.0018408409421329635,0.006330035390242468
0.014610000000000001,0.0037186856292994374,0.004953813047271584
0.014620000000000001,0.00254360284970934,0.004037024338784797
0.01463,0.0049845106240313,0.0007845721860569575
0.014640000000000002,0.005574629198932665,0.006446368809533368
0.014650000000000002,0.0040098294468682944,0.006475551844871669
0.014660000000000001,0.003980768687701419,0.005455101200363171
0.01467,-7.595405612733589e-05,0.00859420401794303
0.01468,0.007353132432629453,0.003188113538142802
0.014690000000000002,0.0004190678208302982,0.004334137137178624
0.014700000000000001,0.0014764245779557827,0.004648503096478614
0.01471,0.005188436774833012,0.0018767050713286906
0.01472,0.006608268914954548,0.005371375970381438
0.014730000000000002,0.006319010940748436,0.003778656895304154
0.014740000000000001,0.0015373453984171442,0.00571740072364004
0.014750000000000001,0.0038286798680770982,0.0009828103524307011
0.01476,0.007074530400835055,0.007961899908058487
0.014770000000000002,0.004288984282301628,0.008082041173428454
0.014780000000000001,0.004555138738094165,0.003003600822279903
0.014790000000000001,0.0031126209827512267,0.007039390982502059
0.0148,0.0028142786086377053,0.005236478092174194
0.014810000000000002,0.0032572670520269096,0.0028460390228767975
0.014820000000000002,0.006437122331657798,0.003007291701631311
0.014830000000000001,0.0035680602776925153,0.006033687405416391
0.01484,0.00757347358743132,0.005058170005452885
0.01485,0.00307016728623471,0.002748285559355953
0.014860000000000002,0.004540565073895406,0.004412074612405889
0.014870000000000001,0.0024060303079049185,0.005217002070141798
0.01488,0.00455381624246702,0.00034022102824415694
0.01489,0.002525963946901369,0.0027640915651526523
0.014900000000000002,0.004239128736804396,0.007551617523082675
0.014910000000000001,0.004862213803854729,0.00209222694486475
0.014920000000000001,0.0048281597521002825,0.003070305795595198
0.01493,0.00503744144968087,0.004936327003953378
0.014940000000000002,0.0068074129678022755,0.0037273287517436584
0.014950000000000001,0.007667899307302507,0.005592656955463724
0.014960000000000001,0.002976125617629384,0.008197032623585234
0.01497,0.005046020065741616,0.002107781720512952
0.014980000000000002,0.00769888335080054,0.007934295110177961
0.014990000000000002,0.0043280328076229484,0.002772148405590007
0.015000000000000001,0.004050359384854316,0.005209621143454712
0.01501,0.0069518484528921475,0.004921840888023627
0.01502,0.004600607281606379,0.006777598080862196
0.015030000000000002,0.0037725135195456985,0.005844121307303913
0.015040000000000001,0.003823086349477838,0.00464503641354831
0.015050000000000001,0.004173112177068078,0.0036719937760963353
0.01506,0.003646489512520884,0.0064741136248366955
0.015070000000000002,0.0029364355927427215,0.0023046482559276344
0.015080000000000001,0.008645299803272711,0.005741514866637908
0.015090000000000001,-0.0003658898416829901,0.002656009013244703
0.0151,0.000781383646586753,0.0018858516374805356
0.015110000000000002,-0.0018706423624733244,0.0035139601801547392
0.015120000000000001,0.002123527862620696,0.00390845593922947
0.015130000000000001,0.001158193397179688,0.003955175001212958
0.01514,0.00357962765614617,0.006793962873892173
0.015150000000000002,0.007233198117148276,0.00536145357787055
0.015160000000000002,0.0037582808978199973,0.0077622283706691355
0.015170000000000001,0.0013064618535500853,0.000985055309557592
0.01518,0.004245990044527157,0.008300953555575152
0.01519,0.004009902151014911,0.0034270914011473763
0.015200000000000002,0.00153178285874113,0.005686145388997749
0.015210000000000001,0.006322979571978242,0.005373140733478462
0.015220000000000001,0.003159209096509622,0.0023822806877570398
0.01523,0.001832429207193783,0.003964142903723834
0.015240000000000002,0.0022588822025448505,0.0014422683475481444
0.015250000000000001,0.0035733384680612097,0.0028194922479398096
0.015260000000000001,0.0033457857730854104,0.004731396814937562
0.01527,0.004580861252325808,0.0032228983661409818
0.015280000000000002,0.004789814210776077,0.001816858934087207
0.015290000000000002,0.00463536819731468,0.004101820374615356
0.015300000000000001,0.001419739715718983,0.005792705054061674
0.01531,0.0026639883988966973,0.0039826390841624015
0.015320000000000002,0.006756701555697459,0.005654074725907643
0.015330000000000002,0.004497567007781324,0.0030784247140155977
0.015340000000000001,0.006324946094932697,0.005153513969533527
0.01535,0.003194214176332713,0.0022150377991530436
0.015360000000000002,0.0002872556835498679,0.004113589641133784
0.015370000000000002,0.00426759227968708,0.006078609357297986
0.015380000000000001,0.005152119572107042,0.006475385432506346
0.015390000000000001,0.0030403024377557725,0.006083927928411302
0.0154,0.003378219537218604,0.005363519398807614
0.015410000000000002,0.001519556805982597,0.004279297669398828
0.015420000000000001,0.000468718897922449,0.003275451681186775
0.015430000000000001,0.0053198238528722,0.0027684889202360613
0.01544,0.002339261586815634,0.005503362118405512
0.015450000000000002,0.004234232139130945,0.002832682830618013
0.015460000000000002,0.0045259703312932,0.009085861141449068
0.015470000000000001,0.006750204854746495,0.0061383687150870486
0.01548,0.005315312355781744,0.004146890233555802
0.015490000000000002,-0.00034692439945974585,0.002456657093963383
0.015500000000000002,0.003485111707365952,6.55315463416674e-05
0.015510000000000001,0.002132449207450552,-0.00014565959054193937
0.01552,0.004371653268512527,0.005454242759447239
0.015530000000000002,0.006662870027471424,0.0046469769981938415
0.015540000000000002,0.0025235482568047455,-4.602519661992856e-05
0.015550000000000001,0.0009376233884152811,0.0012808368026535253
0.015560000000000001,0.0026746611385739584,0.003500001588538422
0.01557,0.0024250717456020324,0.004498146790091991
0.015580000000000002,0.003989872723624021,0.003841982635604067
0.015590000000000001,0.00673594028246109,0.0014611237444779983
0.015600000000000001,0.005293867682499909,0.003794336548330607
0.01561,0.0037905052140447966,0.005593491231322724
0.015620000000000002,0.006216525236811169,0.0019306923740823939
0.01563,0.004095194813709344,0.004386792500112212
0.01564,0.003914521441493932,0.004995106761076506
0.01565,0.005023937832229925,0.007490881331696997
0.01566,0.0014020142865466146,0.003581581419156337
0.01567,0.0026465862008750365,0.00503536265063197
0.015680000000000003,0.0012302660131675307,0.004520467294997113
0.015690000000000003,0.0032055314041563657,0.0023602120710432255
0.015700000000000002,0.0015736502379702735,0.00289907763381899
0.015710000000000002,0.006636665988804913,0.003779545676548634
0.01572,0.005724043952484573,0.007159899999630218
0.01573,0.004997212380602518,0.002713710318618815
0.01574,0.0054052236416216,0.0027434100723684024
0.01575,0.003462891751404673,0.0007929094634717077
0.01576,0.006325269913722254,0.0030613824048338657
0.015770000000000003,0.004837969143917943,0.0017621559883037184
0.015780000000000002,0.005346685539994738,0.0023108894548427156
0.015790000000000002,0.004192390373348773,0.005591115875648739
0.0158,0.006058343885683096,0.003792095346905652
0.01581,0.0009415805489128484,0.009822468107790663
0.01582,0.007970577816988778,0.00528288789038563
0.01583,0.002973469484749816,0.0036110449876032022
0.01584,0.0033940532696057624,0.0063666320573047405
0.015850000000000003,0.005006916902191759,0.002271283128451788
0.015860000000000003,0.0035414178240342565,0.006082677594572981
0.015870000000000002,0.007684140528550831,0.006897654699116825
0.015880000000000002,0.005999025688837806,0.0033364318959465252
0.01589,-0.0019970494565511726,0.004436691541518514
0.0159,0.00448333722371635,0.0041230253460840085
0.01591,0.004595805895051453,0.0011912262885169743
0.01592,0.005603844686913366,0.005108872499133181
0.01593,0.005854721422563907,0.005738282936795746
0.015940000000000003,0.005699163346890962,0.0030257589653206896
0.015950000000000002,0.004350402473549803,0.004028756182069246
0.015960000000000002,0.004708491094021962,0.0058436302193284224
0.01597,0.005781445642733973,0.008002570047249531
0.01598,0.0089080619521529,0.0040078703952076775
0.01599,-0.0031771713336658253,0.006322924025493115
0.016,0.0034164027716831764,0.002246978914466534
0.01601,0.0037012805019778793,0.002957348131262828
0.016020000000000003,0.005723726190721354,0.0007324499355185858
0.016030000000000003,0.002344760514095344,0.004538325673401996
0.016040000000000002,0.005747105418646288,0.0051357787287137305
0.016050000000000002,0.0029281600694262,0.001896850816983136
0.01606,0.0034899781468806655,0.004333814099838946
0.01607,0.007475217658214203,-0.0002401194931978901
0.01608,0.004063820429371911,0.0011900840829274805
0.01609,0.0012018075309659193,0.00579004014610155
0.0161,0.005596556896178056,0.00475567958177947
0.016110000000000003,0.006350374207627313,0.002898060255103617
0.016120000000000002,0.0036440621963206668,0.008229644585348474
0.016130000000000002,0.004017209741484136,0.005329132686033678
0.01614,0.004524129473495095,0.00016303631278347802
0.01615,0.0004231228464369151,0.002702269651305529
0.01616,0.006625597741112158,0.005437505928169834
0.01617,0.006342563871570385,0.0018875145864420506
0.01618,0.007747168750689905,0.0019325044792997122
0.016190000000000003,0.00494208671743615,0.0038422704413919977
0.016200000000000003,0.004169704351800847,0.006540843045746782
0.016210000000000002,0.003108244947469418,0.0011651318123285072
0.016220000000000002,0.004559470878977395,0.003065372216660058
0.01623,0.011275259587239093,0.005218723806712696
0.01624,0.0037028263652457054,0.0017541686914116983
0.01625,0.000761944385608069,0.0018166364418519
0.01626,0.004753418366133492,0.006722414507878921
0.01627,0.006767926648420687,0.004326629267400107
0.016280000000000003,0.0038792264987824016,0.004406746524638276
0.016290000000000002,0.00348929922762627,0.007306531819569974
0.016300000000000002,0.004149208178671218,0.0036978099365313154
0.01631,9.695693637603621e-05,0.0034802975939484185
0.01632,0.006202583234465169,0.0017364035761046762
0.01633,0.0030291873889411376,0.005457952018287257
0.01634,0.0015783266379070901,0.005988813060223641
0.01635,0.003468366259589537,0.0030967554763900455
0.016360000000000003,0.002285910113004116,0.004630665120604375
0.016370000000000003,0.009454423705311316,0.005438247571419962
0.016380000000000002,0.002807121952396857,0.006147174566835773
0.016390000000000002,0.003903346054813109,0.0066255834728958865
0.0164,0.0061510705511422705,-0.002008989695651456
0.01641,0.0025305710111134,0.005766743617506488
0.01642,0.004843057281950848,0.0018311408244850048
0.01643,0.0032735760980872335,6.685883953677207e-05
0.01644,0.004365020876561808,0.008301390703539939
0.016450000000000003,0.006152646487093457,0.008261524237884087
0.016460000000000002,0.006308586071045977,0.005936327718645008
0.016470000000000002,0.008492961384964585,0.004636574159717299
0.01648,0.004171361416988682,0.005948041096257907
0.01649,0.007454508517641347,0.0029234750126849816
0.0165,0.003104701795327496,0.0041617944114075165
0.01651,0.006211849544043087,0.005480942305872127
0.01652,0.0017015283938861593,0.00770865001847153
0.016530000000000003,0.00326854545380557,0.003355985380381684
0.016540000000000003,0.00274657824556457,0.009283450350090181
0.016550000000000002,0.005037039894006586,0.0021855196353780743
0.016560000000000002,0.006281757176541745,0.005426418288579027
0.01657,0.004179467488285077,0.005570036903660262
0.01658,0.0029053490085987114,0.002903663491470223
0.01659,0.0005365109522770988,0.0012422742515691464
0.0166,0.008173217140577938,0.007173709869680072
0.01661,0.004690544031385536,0.00721739151865293
0.016620000000000003,0.004239828903090678,0.0034053838452086037
0.016630000000000002,0.0046740102531714215,0.003643036902024222
0.016640000000000002,0.004131607327110803,0.006180351765775275
0.01665,0.004863282238536537,0.005319194355848297
0.01666,0.006626782876317933,0.004671277510715895
0.01667,0.0026244900081759514,0.0011898490510465357
0.01668,0.004863604703269847,0.0035537429462563024
0.01669,0.00474183700493536,0.0038648220219245624
0.016700000000000003,0.009735212120988407,0.0012371519514589638
0.016710000000000003,0.0005891828550364502,0.00456303231012515
0.016720000000000002,0.003817240820331795,0.00453108838113426
0.016730000000000002,0.005738862450054305,0.006467835849084174
0.01674,0.001557655182187546,0.0027868642987468346
0.01675,0.005430639700019228,0.005441900740472028
0.01676,0.008961026584311861,0.005813054765081939
0.01677,0.004461560535956781,0.0021214484100640224
0.01678,0.003447568209143942,0.0027175871826867863
0.016790000000000003,0.005887625301661878,0.004417660452198543
0.016800000000000002,0.0019308689765432422,0.003032535175263553
0.016810000000000002,0.00633427324260548,0.004608335196018869
0.01682,0.00571747732942574,0.004671526099237258
0.01683,0.007834059472878525,0.004378440820465665
0.01684,0.003810162259083395,0.0020755164451024917
0.01685,0.0050824365676517,-0.0009737098465533783
0.01686,0.0042156493895577655,0.0034966899400714815
0.016870000000000003,0.0018562953739026987,0.002052509281025186
0.016880000000000003,0.006205561775610508,0.004371135576630885
0.016890000000000002,0.004790832963507473,0.004523078088424425
0.016900000000000002,0.004773520999710626,0.0063967789105066454
0.01691,0.004836133662220155,0.0009952981437466673
0.01692,0.007850544651180626,0.0046530753152145485
0.01693,0.0034127866304180486,0.0014062615759317817
0.01694,0.005384131852796452,0.0036793910575437646
0.01695,0.007741606250451331,0.0032225903843484723
0.016960000000000003,0.002919560315499695,0.005706667083775414
0.016970000000000002,0.006445894846086164,0.004253046907789822
0.016980000000000002,0.005949054271437559,0.0038410392802076232
0.01699,0.0050650794435262644,0.006247064460011477
0.017,0.005848994925292825,0.003579202815690577
0.01701,0.0073040923155032345,-0.000811290231262818
0.01702,0.008704522763891847,0.0005071709712065487
0.01703,0.003347199360233033,0.0038379225621801016
0.017040000000000003,0.004309432488720047,0.005933248009330677
0.017050000000000003,0.0024877293653600527,0.004442627686286558
0.017060000000000002,0.003447987130886698,0.004512043957583822
0.017070000000000002,0.004475875485153617,0.00410830107761908
0.01708,0.0035065789702570863,0.0029029694713702883
0.01709,0.005181982247025866,0.005811195808558408
0.0171,0.003411887088044787,0.0021868969597679784
0.01711,0.005836374579273088,0.003860091341258316
0.01712,0.00627145896174476,0.0021141716058922524
0.017130000000000003,0.00105259324345882,0.0028604246012519582
0.017140000000000002,0.0030797742313325585,0.003769522524231337
0.017150000000000002,0.003339797332237323,0.00540979961397711
0.01716,0.004038195502541532,0.004229380923396725
0.01717,0.004930773366904038,0.004319008153057651
0.01718,0.004568254208108917,0.004950965219484837
0.01719,0.0030262102970589166,0.006729265390656169
0.0172,0.004145453890693743,0.0013079967886949042
0.017210000000000003,0.004995683421496741,0.0022293994554069803
0.017220000000000003,0.005951213784308747,0.008351636757068098
0.017230000000000002,0.0030484084979816636,0.004597835285190038
0.017240000000000002,0.0011115494278560248,0.004841565920666185
0.01725,0.0028521408885281803,0.00268475089744375
0.01726,0.00242200335033719,0.0053993870886440525
0.01727,0.0066401928462121495,0.003982519397970693
0.01728,0.002897738481534769,0.0071154592030820505
0.01729,0.003126779357661439,-0.00038698747645428324
0.017300000000000003,0.005545385314405377,0.0017281915991532565
0.017310000000000002,0.006606832523497853,0.003176129206838128
0.017320000000000002,0.005838049020615595,0.006742068777954232
0.01733,0.002213912374664397,0.0028078571388493677
0.01734,0.0044812954846526355,0.007015497185809225
0.01735,0.0033168796821602567,0.0027520501344735077
0.01736,0.005590933719571638,0.002787262885308261
0.01737,0.004940711747349483,0.0008393081370799489
0.017380000000000003,0.009065327242767734,0.0012476269928148815
0.017390000000000003,0.003994169289111032,0.003878745688499181
0.017400000000000002,0.008464058268908958,0.0012946783376010336
0.017410000000000002,0.00860709753825404,0.0054593855136881725
0.01742,0.0054748871475715395,0.001976426302401059
0.01743,0.005783986178886978,0.0024993820696859502
0.01744,0.00717603336228049,0.002004892727734661
0.01745,0.004417400993361016,0.002837131914884366
0.01746,0.0026696791494548715,0.005430978863422887
0.017470000000000003,0.005716649627139289,0.006367020600040679
0.017480000000000002,0.0010869889402195122,0.00607800241368694
0.017490000000000002,0.00965864395829915,0.0030470394717506855
0.0175,0.008439050329715387,0.003424659581616983
0.01751,0.0019049405555782196,0.003340377551285956
0.01752,0.00674717485887466,0.002275949616728527
0.01753,0.0034510964662827354,0.005140041426397179
0.01754,0.0046589008468210765,0.005122868282528443
0.017550000000000003,0.005129446492513595,0.004913532667924771
0.017560000000000003,0.003790191805963609,0.004418403399868875
0.017570000000000002,0.0028010549020372286,0.006532468083718193
0.017580000000000002,0.0033882581852292338,0.006213954972827197
0.01759,0.004190600372248832,0.004360917014570314
0.0176,0.0036688918380272375,0.0019255869625534514
0.01761,0.0011703067807627841,0.0018475881762411062
0.01762,0.004013016436604123,0.004382653356518838
0.01763,0.006682599327889924,0.00306803842179656
0.017640000000000003,0.002898925702628212,0.0010747819492035347
0.017650000000000002,0.005623980968688407,0.006727258569170999
0.017660000000000002,0.007197520742715499,0.005381392889789687
0.01767,0.0059429532877924,0.007357432645771
0.01768,0.005331035995402996,0.005255101969326393
0.01769,0.004026311741361649,0.0012394132447570805
0.0177,0.0033011880300729303,0.003945839117042594
0.01771,0.004791462915917227,0.007817385950118475
0.017720000000000003,0.004833452820101207,0.006323158013598715
0.017730000000000003,0.0038017502902584644,0.0033427760781938962
0.017740000000000002,0.0020148957622693497,0.002482128387378368
0.017750000000000002,0.005727880057887437,0.003982561176749911
0.01776,0.006560800728861902,0.004330604955097407
0.01777,0.003971022215488429,0.008265346868234729
0.01778,0.004489128707148294,0.0062954110023248425
0.01779,0.003875523573734411,0.005389263784126561
0.0178,0.006534979424140191,0.004387704369339168
0.017810000000000003,-2.9011643455015626e-05,0.0040078807933035835
0.017820000000000003,0.007141880370972357,0.005026992821816099
0.017830000000000002,0.005573644077162358,0.0005281724129717362
0.01784,0.003242062214666725,0.004796056509463344
0.01785,0.005504744917289276,0.006403329615037987
0.01786,0.004395250839831653,0.004786298877259793
0.01787,0.004718738799428389,0.0020014197217673156
0.01788,0.00017541359817566451,0.004837978911796917
0.017890000000000003,0.005035896601671207,0.002740263618200391
0.017900000000000003,0.0014506619762988961,0.005236746748369138
0.017910000000000002,0.004158173825752608,0.005091671023914962
0.017920000000000002,0.008419116900431674,-0.000304286479168768
0.01793,0.0032928240686424305,0.0035604775999924084
0.01794,0.0076026838620770944,0.000707076176390918
0.01795,0.008565759374502232,0.004252247249354394
0.01796,0.004503041790973983,0.0035850689946201886
0.01797,0.003823522823648497,0.00607807495803853
0.017980000000000003,0.002560013135999331,0.0046733225650237254
0.017990000000000003,0.003929697051817218,0.002458879910924521
0.018000000000000002,0.009871016456899626,0.00482190072784434
0.01801,0.0059266029007107686,0.006260005114414336
0.01802,0.0018583776104861929,0.007489687510602217
0.01803,-0.0003158311819318376,0.002448222856290248
0.01804,0.003785025487157714,0.005149854235231655
0.01805,0.005141531009099708,0.0036534296979174354
0.018060000000000003,0.004681105416028256,0.0020316646515786746
0.018070000000000003,0.001711640930269711,0.005441385308077101
0.018080000000000002,0.006094523544073686,0.007158002024157202
0.018090000000000002,0.003128082711264478,0.0053752947507251046
0.0181,0.00414170902051064,0.006371265202817387
0.01811,0.006754053589714435,0.004413384779398194
0.01812,0.004032073269238164,0.0059134809330808405
0.01813,0.006005948162710193,0.002623386213187448
0.01814,0.0020575472906009555,0.00341585150425623
0.018150000000000003,0.00774497777767562,0.006286541758294269
0.018160000000000003,0.0024905007054347467,0.0016587025913687146
0.018170000000000002,0.0072655288306294995,0.0017235954433086754
0.01818,0.005735757254067568,0.0027633744993060825
0.01819,0.00795226192067874,0.002455316856538982
0.0182,0.00700590058655795,0.004366533135635876
0.01821,0.0052245726791050745,5.68478855597224e-05
0.01822,0.00031536169901466137,0.003556982236704605
0.018230000000000003,0.005216005957668314,0.0017483673791519774
0.018240000000000003,0.002545812426230699,0.005122357060261305
0.018250000000000002,0.005849913615705049,0.0037245782945899567
0.018260000000000002,0.006285613496349177,0.0016523042876389706
0.01827,0.004014345610887779,0.007297112403498058
0.01828,0.004863865088244034,0.004254630383275261
0.01829,0.009340119376139981,0.0012039690340742751
0.0183,0.006322092306185597,0.007331273786739266
0.01831,0.004080521081777185,0.005723210512045193
0.018320000000000003,0.0027672032957205606,0.0026311317084546934
0.018330000000000003,0.005502180471419999,0.005602377257286011
0.018340000000000002,0.006975126007452836,0.0071451483468206595
0.01835,0.004599365203297745,0.006393761795744765
0.01836,0.0040506539660485385,0.005811367871794573
0.01837,0.00515124657627961,0.004899187876940122
0.01838,0.005584290051656052,0.000799068708457733
0.01839,0.002490035904654033,0.004214208124263178
0.018400000000000003,0.0013647267779021803,0.005672193819078763
0.018410000000000003,0.006483402180933458,0.0046647589381407385
0.018420000000000002,0.002499027530696002,0.006771341781661127
0.018430000000000002,0.008816722140503462,0.004305863482366061
0.01844,0.005764376920142482,0.004415832912805135
0.01845,0.00580504984104728,0.003773883718065749
0.01846,0.004676188281126125,0.005825081912962769
0.01847,0.009437570380642933,0.0012141495765353037
0.01848,0.004539702382670511,0.0016540162611436491
0.018490000000000003,0.007932382442162812,0.002840106332312184
0.018500000000000003,0.001862936350198711,0.005292601161245077
0.018510000000000002,0.008238965459559204,0.005344067646693637
0.018520000000000002,0.005160944276800023,0.004835798354752765
0.01853,0.007582035140228446,0.002269762422581683
0.01854,0.004529664899241144,0.0031134249729565205
0.01855,0.002418633786479337,0.0033626989126396487
0.01856,0.006970811887806388,0.0051532977440639
0.018570000000000003,0.006044995992283489,0.004313688540873084
0.018580000000000003,0.005804027855513773,0.0024202003578161135
0.018590000000000002,0.00413936581827253,0.00440603309622832
0.018600000000000002,0.0053144226103589475,0.004663043766920807
0.01861,0.004483725633745202,0.003268464544784446
0.01862,0.01107694407208072,0.0058375290382342
0.01863,0.005588701769459595,0.0035581804968112763
0.01864,0.0038609744788935057,0.003763639162329097
0.01865,0.005350075139162766,0.00026501197409379814
0.018660000000000003,0.0016266435847458864,0.002752760852830545
0.018670000000000003,0.005180706977172375,0.0035486217611181443
0.018680000000000002,0.007723675888864669,0.0010630167625417415
0.018690000000000002,0.0032657478357561802,0.007068635956197922
0.0187,0.00503168276817341,0.00579877963424426
0.01871,0.008872943355101366,0.0026421274841808874
0.01872,0.004572826148912911,0.0034855242265541455
0.01873,0.0008632741779761978,0.0034102259865962806
0.018740000000000003,0.006535589930977049,0.005112840100858022
0.018750000000000003,0.006012637271407804,0.0032812843366846903
0.018760000000000002,0.0034632818444954973,0.006571454780267549
0.018770000000000002,0.003781847415441142,0.0046217485105112845
0.01878,0.005104156469251682,0.006957659320012844
0.01879,0.006721317231387523,0.0014443487590284055
0.0188,0.002404391599360593,0.005193326207826145
0.01881,0.004651828064057416,0.003125803433737483
0.01882,0.006812764562062454,0.004411706054582403
0.018830000000000003,0.004887429012778271,0.005597084719647033
0.018840000000000003,0.004033301704021598,0.0071751054159573426
0.018850000000000002,0.0032084299126508378,0.005352565443884635
0.018860000000000002,0.007653196312258704,0.0012847560583272048
0.01887,0.004099865769985512,0.0063244014079658
0.01888,0.0071020307151482345,0.0036976348665632526
0.01889,0.0033192049418877103,0.0059531370171373174
0.0189,0.00715665085583439,0.0017125778407471467
0.018910000000000003,0.002382730886357665,0.004493056927364249
0.018920000000000003,0.006050284997271883,0.0034450442790597293
0.018930000000000002,0.006151156929321782,0.0026235479826340648
0.018940000000000002,0.0005641876632867414,0.0031966576592671724
0.01895,0.00492104473998647,0.003493418352765701
0.01896,0.002478379518931014,0.0004144386505979276
0.01897,0.0037684140508822514,0.005841686336790506
0.01898,0.00730999216620646,0.0064224396144095235
0.01899,0.003166783859550609,0.0017402381131870685
0.019000000000000003,0.005792877817298245,0.005318488559799695
0.019010000000000003,0.005600953470566804,2.0799626292325457e-05
0.019020000000000002,0.0030678507788772973,0.003990186094534786
0.019030000000000002,0.005777062042348982,0.005584815762992232
0.01904,0.005092138418375944,0.004712405876052438
0.01905,0.004974368027851966,0.0054227140992762265
0.01906,0.005431374168337909,0.004183587621637932
0.01907,0.004269911038530324,0.00421533196533926
0.019080000000000003,0.005776837183469496,0.004588336569934074
0.019090000000000003,0.005570313069318329,0.006739466055062382
0.019100000000000002,0.005339993903122998,0.0027566616951396807
0.019110000000000002,0.0065778854730993595,0.0013228983281434181
0.01912,0.0026488510019068755,0.004727625664151094
0.01913,0.005845476980340259,0.001566464682932115
0.01914,0.004048054583596432,0.0028450353248942123
0.01915,0.0038413428203446687,0.005945034265601777
0.01916,0.0062287123337892766,0.004020229941564245
0.019170000000000003,0.003724783513414649,0.0013598104137048854
0.019180000000000003,0.007658083226834773,0.005243972872410385
0.019190000000000002,0.0034053811437413737,0.005499579249771562
0.019200000000000002,0.004679278134659334,0.0034867962926279773
0.01921,0.005691154477926581,0.002578653715671384
0.01922,0.00413422444979748,0.0043052071225168475
0.01923,0.0038238411927627716,0.005401090058913772
0.01924,0.008561882698164002,0.0025549578832285815
0.019250000000000003,0.0014945052333460375,6.070818952061928e-05
0.019260000000000003,0.004524825701296719,0.00273849358637998
0.019270000000000002,0.005242489168252831,0.004330652219135298
0.019280000000000002,0.0016213406785353826,0.00043632319102504275
0.01929,0.005420647082227047,0.004337582360948824
0.0193,0.003978150859012847,0.0007530712295437786
0.01931,0.005773575660240235,0.006611791065896133
0.01932,0.005387764319178994,0.0023736776362601477
0.01933,0.00492191009929429,0.0013370305651287401
0.019340000000000003,0.006949733550933676,0.004233580573086285
0.019350000000000003,0.0012985046808602968,0.003469176227757502
0.019360000000000002,0.005762427932265734,0.0034050626190591806
0.019370000000000002,0.004285039902980529,0.0016229862271897075
0.01938,0.005970919781034114,0.0027754848895894784
0.01939,0.0005259535411301893,0.0033305410648605894
0.0194,0.006802150242123123,0.0032998292979657074
0.01941,0.008316827324957489,0.004932256341777785
0.019420000000000003,0.005519380251198225,0.0038181560350717624
0.019430000000000003,0.004706298111548089,0.0035487372877652775
0.019440000000000002,0.004239338372176027,0.005137950742266799
0.019450000000000002,0.002973221355162674,0.0019250604900027854
0.01946,0.0025995004008471517,0.008168788841474515
0.01947,0.005907583023557592,0.0046870956176588525
0.01948,0.002732874627325546,0.005325427153495223
0.01949,0.00461576805309219,0.00450771164208375
0.0195,0.0028966769230616292,0.004400542552316648
0.019510000000000003,0.004003257318182106,0.0025494134712276337
0.019520000000000003,0.006320143937345302,0.0010058509863383525
0.019530000000000002,0.00598249069713719,0.005450869559076931
0.019540000000000002,0.003094657752139778,0.00244187092889906
0.01955,0.004408900707711038,0.004647230702060053
0.01956,0.004550249086198096,0.004950913502427476
0.01957,0.008382925407378072,0.003068985215746657
0.01958,0.0014276132265800662,0.005736895963361634
0.019590000000000003,0.008225609419045387,0.004871215438066156
0.019600000000000003,0.002684490049519065,0.0038385237717237257
0.019610000000000002,0.002623947598984719,0.0053726491440740315
0.019620000000000002,0.0021594209636510565,0.003487310112326528
0.01963,0.0028543333528712514,0.004341846458125265
0.01964,0.004131332922678719,0.0044423505684225905
0.01965,0.004909724693778991,0.0021161374528914016
0.01966,0.006119785053506002,0.003992553223578169
0.01967,0.0028899802893403415,0.008572566531264203
0.019680000000000003,0.005820906053465871,0.0037848210764617383
0.019690000000000003,0.0076994622250428435,0.007775602039416726
0.019700000000000002,0.004579361815579894,0.004787394304027399
0.019710000000000002,0.0028950625500439387,0.0037988422134230303
0.01972,0.004473950641958716,0.0044635100394458185
0.01973,0.0055386043080803814,0.005214141000699678
0.01974,0.0053493763029462404,0.0016736268543790316
0.01975,0.0029981644569289567,0.0030029247472115814
0.019760000000000003,0.004311625201467099,0.006197916319647347
0.019770000000000003,0.0025512361676605744,0.0033821652691432514
0.019780000000000002,0.006784140933310542,0.0034978679176448577
0.019790000000000002,0.005799961071860118,0.003819166156462018
0.0198,0.005393704162204717,0.0036419324050590645
0.01981,0.006215276508794346,0.0010093918030602868
0.01982,0.004155529503057273,0.004693276971445446
0.01983,0.005950552013370631,0.007086663738890639
0.01984,0.004102120222490931,0.007060348767727032
0.019850000000000003,0.0035671299834193443,0.006759304693166556
0.019860000000000003,0.006521120012617607,0.0022757212124878594
0.019870000000000002,0.0055012723984850746,0.004000793078119245
0.019880000000000002,0.006139371318683215,0.0036573478256577054
0.01989,0.00427471793026558,0.006842706297453036
0.0199,0.00469277688615041,0.005757987785928981
0.01991,0.004440524041975799,0.007439095537986365
0.01992,0.003535566134238238,0.00287810771554308
0.019930000000000003,0.007942278180141506,0.0032171276314256945
0.019940000000000003,0.008096400899707286,0.005891327084409412
0.019950000000000002,0.00458596138850684,0.0004816843701659617
0.019960000000000002,0.004857632752428946,0.0043121566873764545
0.01997,0.0072317134323324865,0.007286416076179775
0.01998,0.0035283122579072975,0.005712510272498124
0.01999,0.006430099624725408,0.006257597047748618
0.02,0.005897683879819524,0.0002264010371452723
0.02001,0.00459046798000141,0.0018006059232623995
0.020020000000000003,0.004497110135701021,0.006072654077428841
0.020030000000000003,0.005513632237052086,0.0064094517482090815
0.020040000000000002,0.005587847338091933,0.001517242424668702
0.020050000000000002,-0.000136345537207142,0.004412135994447758
0.02006,0.00447850457073327,0.002161251038047173
0.02007,0.0015061120801669737,0.0026462800143785374
0.02008,0.004519392734624238,0.005448145892190643
0.02009,0.005286647041536835,0.007333148421668209
0.020100000000000003,0.0028391859898333057,0.005879755273223438
0.020110000000000003,0.005006000861494039,0.005507599178522306
0.020120000000000002,0.004039382972120405,0.006262244998783301
0.020130000000000002,0.005503871589172481,0.0027606174815735613
0.02014,0.004890383439214913,0.0036410188137811538
0.02015,0.005893797673918176,0.0017611999931412435
0.02016,0.004857747095367745,0.004911990837561568
0.02017,0.004983506692610256,0.006815881541700267
0.02018,0.0064665152569731476,0.004107660060535727
0.020190000000000003,0.005352857586728352,0.004714575238660453
0.020200000000000003,0.005727088335577061,0.0004725505067793372
0.020210000000000002,0.0043184463241369335,0.001155610605015108
0.020220000000000002,0.007479070652262013,0.004003411825719128
0.02023,0.004536836753199817,0.005919327535292261
0.02024,0.005769178196536889,0.0018690857292940084
0.02025,0.004783727879836004,0.0034566425799000093
0.02026,0.0014374828854212597,0.0027470457098002204
0.020270000000000003,0.004560478131145615,0.0038983178449819235
0.020280000000000003,0.001964106095485217,0.006432172287668167
0.020290000000000002,0.004725373048147942,0.004204568570565945
0.020300000000000002,0.005731872721444797,0.0025539310873203113
0.02031,0.0058443117259217876,0.0033965553633324556
0.02032,0.0031394390896239324,0.00527822058482609
0.02033,0.007916968336468218,0.005581605170485566
0.02034,0.006780586254089862,0.0030913059185867604
0.02035,0.0017404022277283803,0.007113462767053917
0.020360000000000003,0.009045682084756815,0.00721942174462834
0.020370000000000003,0.004266091105809362,0.0018251598771042033
0.020380000000000002,0.00280730832420474,0.0007675836601910685
0.020390000000000002,0.0047249272776661655,0.007347024835971761
0.0204,0.004657370104265481,0.004740934728567417
0.02041,0.00769290020933742,0.0033287181960922076
0.02042,0.009013780166396586,0.008121717410605842
0.02043,0.004681505607648258,0.0029830797275397537
0.020440000000000003,0.0063392154699792175,0.0034437179147664364
0.020450000000000003,0.002632640095704978,0.006701864535480086
0.020460000000000002,0.007379656517800754,0.00445102974914037
0.020470000000000002,0.002422043510277294,0.0016815732370517701
0.02048,0.005163242930453398,0.0031415027531888342
0.02049,0.00426760988692202,0.0061857901000150935
0.0205,0.00641716584566355,0.006898768003714965
0.02051,0.002970572286014577,0.003456718243443951
0.02052,0.006470793708291873,0.005039876686358157
0.020530000000000003,0.008018602730115832,0.004985411925217136
0.020540000000000003,0.008651071884001552,0.005224992511637662
0.020550000000000002,0.007080200345413119,0.0034985452952546146
0.020560000000000002,0.004985451712359245,0.005968082163128277
0.02057,0.008183845532357629,0.005605285306834038
0.02058,0.004792557614422036,0.00690209940631346
0.02059,0.0005759558777055319,0.0013035781697118246
0.0206,0.006324193734745165,0.00417688159726855
0.020610000000000003,0.006172964752283747,0.004278097528374109
0.020620000000000003,0.006104841067669035,0.0025210943271261003
0.020630000000000003,0.006104934145160347,0.006139346398127252
0.020640000000000002,0.00740607554183192,0.008178243190749324
0.02065,0.00545418364868659,0.0046995739221691295
0.02066,0.0019206543281054685,0.0030895459806464217
0.02067,0.0045818476705854335,0.006253624809492658
0.02068,0.003747022200254261,0.005746282554164869
0.02069,0.004966793712346255,0.003799882982017796
0.020700000000000003,0.00546883785069898,0.0033725230533167712
0.020710000000000003,0.004113988251041925,0.0007458804599544222
0.020720000000000002,0.004477167236317034,0.003196132341228369
0.020730000000000002,0.003942126645286469,0.004990431009117846
0.02074,0.006292365572159262,0.004621690032196817
0.02075,0.006966945159968209,0.005309040902251296
0.02076,0.004387015582162055,0.0032328203956856587
0.02077,0.0056037856885398874,0.005306682992428838
0.020780000000000003,0.007774843153146598,0.0065421105571438105
0.020790000000000003,0.0038972219213070543,0.003956367490916727
0.020800000000000003,0.006323217010871,0.006296991080606834
0.020810000000000002,0.006860133876951342,0.004033855221694689
0.02082,0.002475163245299267,0.002164353387426274
0.02083,0.0055294892618339905,0.0048472924411584115
0.02084,0.002787877242105709,0.004252595536453209
0.02085,0.006248698531754016,0.0018616179221383772
0.02086,0.0071972581236281665,0.0034096237527643292
0.020870000000000003,0.007503503921070768,0.0030983958614569478
0.020880000000000003,0.0029360407800528687,0.00324964136698356
0.020890000000000002,0.004800009623892432,0.0033895700174556764
0.020900000000000002,0.004559317225765297,0.004835074505495841
0.02091,0.004649975603138367,0.0040355336843371295
0.02092,0.0015748958934174565,0.004951768661452196
0.02093,0.004815956521119356,0.0073895726388189704
0.02094,0.003116247282580165,0.0005530099606473847
0.020950000000000003,0.006232529181755757,0.004863268485576024
0.020960000000000003,0.0029805408061800943,0.0011113302618949794
0.020970000000000003,0.008073215038813796,0.006999662567858386
0.020980000000000002,2.4522867408964012e-05,0.003255609234800881
0.02099,0.008328835379255339,0.0032205435764933715
0.021,0.004020241764308062,0.0036077633277304074
0.02101,0.0027606873256236643,0.0007643436778164486
0.02102,0.0071085910138702305,0.0004886344295423591
0.02103,0.005499054494618547,0.005948280195938278
0.021040000000000003,0.002103074269676066,0.0023271972663764023
0.021050000000000003,0.007432900600733523,0.005242130266060581
0.021060000000000002,0.003772986246376782,0.006581457479403165
0.021070000000000002,0.007421644623257343,0.004715677398958796
0.02108,0.003209268317163354,0.0033512870395403438
0.02109,0.0055833779380490296,0.0038016071151931513
0.0211,0.006889534564819092,0.0011198608338588265
0.02111,0.002024108989729643,0.004541763331354339
0.021120000000000003,0.0040305631413807335,0.002926535887165887
0.021130000000000003,0.00147855453371604,0.004220336708326756
0.021140000000000003,0.004910173841389719,0.005488814778937123
0.021150000000000002,0.00515451249153407,0.003917260349127113
0.02116,0.007371717749666552,0.0015581454836935673
0.02117,0.006091511247786154,0.0008413972405273982
0.02118,0.003343025467624462,0.0017589886790804281
0.02119,0.006584650799913598,0.004054093746163313
0.0212,0.004994775825374844,0.0019720594018767814
0.021210000000000003,0.004423411992732231,0.0026592058297899186
0.021220000000000003,0.005790725769148738,0.002204565120044481
0.021230000000000002,0.007684421309816831,0.000836197341122323
0.021240000000000002,0.003412809839903084,0.007542370005464764
0.02125,0.004156589020063982,0.001558822297520978
0.02126,0.005466026738316798,0.0032384056784689236
0.02127,0.0033571602856591557,0.001998058973775459
0.02128,0.010566665278522281,0.0036873071235217813
0.021290000000000003,0.0011798007040190973,0.007178440666596049
0.021300000000000003,0.006254094679679876,0.002658698407553483
0.021310000000000003,0.0031667322245394454,0.005539186879366029
0.021320000000000002,0.0045401513673847,0.0003408955641994822
0.021330000000000002,0.008609485660343578,0.0033254800874165692
0.02134,0.008027167001508432,0.006750940635392358
0.02135,0.0030350223259460415,0.006261060052788181
0.02136,0.0037351742908312874,0.0004618886521782304
0.02137,0.004189881123760464,0.00499117422832083
0.021380000000000003,0.0041146223149776135,0.0035824118392927115
0.021390000000000003,0.007328245946232913,0.004410105675624674
0.021400000000000002,0.0033555355697715457,0.005601787453942003
0.021410000000000002,0.0054385017530966745,-0.000844873806958346
0.02142,0.005900874964779484,0.0049826020986860065
0.02143,0.005085430005969172,0.005982954630744735
0.02144,0.0037014192795686665,0.004873161729796824
0.02145,0.001913306499465524,0.005014951500833621
0.021460000000000003,0.008954363518944006,0.002211666509447046
0.021470000000000003,0.003529658842759251,0.0027819567075440693
0.021480000000000003,0.005310278630336469,0.002076523325297195
0.021490000000000002,0.00589379610156298,0.0058968839384862665
0.021500000000000002,0.006121015030307077,0.000666981271814283
0.02151,0.007043675287027533,0.0060791549262727024
0.02152,0.006714682149127746,0.0049507124690174684
0.02153,0.005495757575306005,0.006270414541297686
0.02154,0.008903425559620919,0.0023001624911858057
0.021550000000000003,0.007213669108901477,0.004034416794435591
0.021560000000000003,0.004799092041854398,0.0011343970820185331
0.021570000000000002,0.00448987925150441,0.002213535919107657
0.021580000000000002,0.004132769232493137,0.0020123003398123764
0.02159,0.004163681434517477,0.003397059565840816
0.0216,0.005256028260650688,0.0009803876281510161
0.02161,0.0021725024402257874,0.004934322867500149
0.02162,0.00346968291115605,0.006360160780395892
0.021630000000000003,0.005516119096865448,0.005425232274969357
0.021640000000000003,0.007887984899498476,0.003592893026419446
0.021650000000000003,0.0039186475522507355,0.005956326397693673
0.021660000000000002,0.006087668894297676,0.0038388670844360746
0.021670000000000002,0.007852578602956881,0.003789645463232294
0.02168,0.0051362309463383,0.004257185664796579
0.02169,0.0032025169835100593,0.004370517323830662
0.0217,0.007866246330406366,0.0051058892589853485
0.02171,0.005135874131255446,0.0038930240510533683
0.021720000000000003,0.005736502738988119,0.005716697757422575
0.021730000000000003,0.006294267848866317,0.003554040565898641
0.021740000000000002,0.005726374981736036,0.005178255463107453
0.021750000000000002,0.0030634435267326023,0.004555442656747404
0.02176,0.0007562475396186135,0.005184654490023146
0.02177,0.006400563334275889,0.005715284720516826
0.02178,0.00429080553655349,0.004838891440248116
0.02179,0.007929829050856586,0.007048942270862253
0.021800000000000003,0.005024598183667015,0.004500647342772543
0.021810000000000003,0.0073057881977239975,0.0012210090609071178
0.021820000000000003,0.004438836853150158,0.006894358915837647
0.021830000000000002,0.007036411956561982,0.0049623503767414045
0.021840000000000002,0.0020753687019838237,0.00412460707551161
0.02185,0.003908225464687513,0.004887109970985564
0.02186,0.0034703857375550772,0.0021741899028938916
0.02187,0.0009603715074757279,0.006669850494153048
0.02188,0.004291584101721471,0.004541137026955543
0.021890000000000003,0.005087672059816011,0.0020925818331042185
0.021900000000000003,0.00257504174474292,0.002217423590758939
0.021910000000000002,0.0036478580718996585,0.004961870384892109
0.021920000000000002,0.0035037831118067434,0.0077222431066770805
0.02193,0.007150544107620477,0.00584658480008411
0.02194,0.004857947935897204,0.007259030934229211
0.02195,0.004662278291960258,0.00416855030141508
0.02196,0.005439262555736403,0.005635322782774369
0.021970000000000003,0.006374153665282358,0.003282029621920271
0.021980000000000003,0.004035374208793104,0.005512689475521951
0.021990000000000003,0.006532859065453264,0.0034467845993955844
0.022000000000000002,0.001929034118324033,0.003819457850392275
0.022010000000000002,0.006351486325654477,0.007845526834288203
0.02202,0.002709543384282383,0.0033821536406282854
0.02203,0.00432767687784061,0.00694750973592252
0.02204,0.005037625803196173,0.0024218487551426636
0.02205,0.006225924284801416,0.0034278275568187743
0.022060000000000003,0.002660784199036447,0.0024521606116757588
0.022070000000000003,0.008578667793670518,0.0050067282052963305
0.022080000000000002,0.005327129247409876,0.003739124732712565
0.022090000000000002,0.005696932185356862,0.004799986445378662
0.0221,0.005697997635411859,0.004469806989791738
0.02211,0.0068522822470783624,0.004286927664053488
0.02212,0.0031598336047529373,0.0030164752601469233
0.02213,0.0011586997085195503,0.00829555725113844
0.022140000000000003,0.006843272213623968,0.002582383913235975
0.022150000000000003,0.004555099380052066,0.0029693737469855264
0.022160000000000003,0.008204909665959548,0.0014039740663508962
0.022170000000000002,0.005349793640780764,0.004027274316975022
0.022180000000000002,0.006775545180389772,0.004036913061711991
0.02219,0.0016064766777152024,0.0037432972709048793
0.0222,0.0031795966237500276,0.00440529336442991
0.02221,0.007993301878174036,0.0007678850222047574
0.02222,0.0035255291970465487,0.0031419507508071076
0.022230000000000003,0.004363739457279481,0.005728189042768326
0.022240000000000003,0.004780939911119703,0.005080144130788011
0.022250000000000002,0.003877509875123121,0.004708988243704343
0.022260000000000002,0.0066856785592246575,0.002785141235774142
0.02227,0.006693826990834051,0.004355086564068161
0.02228,0.007223058805137588,0.0038481018269349134
0.02229,0.005895655326980781,0.004170329673444956
0.0223,0.004941769304921685,0.004770003412329981
0.022310000000000003,0.0062088366999931335,0.0017536130605966351
0.022320000000000003,0.0080035170322454,0.0005340170415265013
0.022330000000000003,0.0037676537690557706,0.004065405129019024
0.022340000000000002,0.0059630182218188815,0.007406888383821373
0.022350000000000002,0.0014227517238317553,0.0032397550393417542
0.02236,0.0008866962631721969,0.004318987121842629
0.02237,0.0056847590684456755,0.00743793444650954
0.02238,0.005383690204426046,0.00634499291956611
0.02239,0.006311123751762077,0.003387045875680131
0.022400000000000003,0.0023265571243288115,0.00480814638590332
0.022410000000000003,0.002161303736368168,0.00684915536503356
0.022420000000000002,0.0048224128431814456,0.006649695383962175
0.022430000000000002,0.0041871375797699565,0.004797641385981967
0.02244,0.005567293688000684,0.004170450740519343
0.02245,0.004284306596685146,0.005046050088088925
0.02246,0.003298328871843144,0.001842866379206786
0.02247,0.007637339086312548,0.005716671912381214
0.022480000000000003,0.005284498543564855,0.00759321950877646
0.022490000000000003,0.0046182144417985255,0.006908939904503124
0.022500000000000003,0.005505923928508423,0.0022146305970775697
0.022510000000000002,0.00885188654846229,0.0062461523351770775
0.022520000000000002,0.0049147946363551995,0.005719671617813112
0.02253,0.004350460491357025,0.00592422553792266
0.02254,0.00037674101762320573,0.002226923081839032
0.02255,0.007118448553798275,0.003767812866705455
0.02256,0.0055760447005653215,0.0015741507254420075
0.022570000000000003,0.008857725276621285,0.006649379356376321
0.022580000000000003,0.004761652152097062,0.0034595262873448416
0.022590000000000002,0.00722326274485497,0.008234456746526161
0.022600000000000002,0.0070726060966793455,0.00861371893920838
0.02261,0.003321414620183194,0.0026319376148782278
0.02262,0.0027892668659963682,0.005154830159992791
0.02263,0.005519388156389961,0.003968004112048826
0.02264,0.00678773039892473,0.006737160981325512
0.022650000000000003,0.0021189205415569254,0.0030791570407251675
0.022660000000000003,0.006811564897721746,0.00333822096829261
0.022670000000000003,0.0035758980383340157,0.006311370344767358
0.022680000000000002,0.0025943426657440553,0.00367173294143876
0.022690000000000002,0.005831663603847799,0.003127849710975853
0.0227,0.006741719744552823,0.0031383324845202345
0.02271,0.00799368043328655,0.004025190650509039
0.02272,0.006520014867591596,0.005769327876641455
0.02273,0.003923427870735026,0.00017090351325173454
0.022740000000000003,0.005901052802187565,0.004423049859536146
0.022750000000000003,0.006292226899579826,0.003826014690201513
0.022760000000000002,0.004320753133669451,0.008296612041691867
0.022770000000000002,0.0022379342307011314,0.0057481632764212615
0.02278,0.004034472595757236,0.003609301299501761
0.02279,0.0045505047416661525,0.002674586117377816
0.0228,0.006328193058604748,0.007063337903928202
0.02281,0.006126806328911459,0.0044894106664529225
0.022820000000000003,0.003214932513812929,0.005316893083492756
0.022830000000000003,0.009501547418710642,0.003522449098005585
0.022840000000000003,0.004437915777776365,0.0031622557934445337
0.022850000000000002,0.0042120893870470156,-0.0012055694259466608
0.022860000000000002,0.0060020236859712,0.0025945208709831904
0.02287,0.0019724618739088875,0.005792600581876398
0.02288,0.0030299878779909374,0.003609477949909011
0.02289,0.008127943706724898,0.0014689797535607728
0.0229,0.0021308980714569276,0.0048266189374574315
0.022910000000000003,0.0074961050253510506,0.0011399182485030356
0.022920000000000003,0.0060135456683972225,0.0054511958065573
0.022930000000000002,0.0010808812657872062,0.005886794362269491
0.022940000000000002,0.0069534501727035215,0.00366681541703968
0.02295,0.007705967459202932,0.006563892506694941
0.02296,0.0054085470497117994,0.003388685289406975
0.02297,0.003257692019207145,0.004217043680975286
0.02298,0.006343902392644941,0.0036444115250375414
0.022990000000000003,0.0008104194346867464,0.0068307875015644805
0.023000000000000003,0.005586904924328554,0.0035347051023525114
0.023010000000000003,0.006921812436710264,0.007343825590089751
0.023020000000000002,-0.00039529015574680127,0.005163669916630494
0.023030000000000002,0.002356272029457561,0.005293957768411163
0.02304,0.005466462468504462,0.005567783864206831
0.02305,0.004213150592614802,0.0005504445628060307
0.02306,0.004311947342455525,0.005111213950569231
0.02307,0.007244506431544367,0.0019544498920371738
0.023080000000000003,0.0072688808233698915,0.003002961645349413
0.023090000000000003,0.005940698074792479,0.0032795119696594705
0.023100000000000002,0.0055811780559017875,0.006083648714487925
0.023110000000000002,0.0027638472820144086,0.0029406751411389627
0.02312,0.00558883939497463,0.009104247665427374
0.02313,0.0034935737275864,0.008381941443663464
0.02314,0.009229838839176358,0.004107644618258374
0.02315,0.0046257264079544716,0.0029187296901330697
0.023160000000000004,0.005086665777185621,0.0014900143100731321
0.023170000000000003,0.005071632330021216,0.007297806730672521
0.023180000000000003,0.004002979916181724,0.0038231905029398414
0.023190000000000002,0.0018239089190814528,0.005053356135415481
0.023200000000000002,0.005756193214354425,0.004433229447328386
0.02321,0.004794615871545232,0.0037209015794230013
0.02322,0.0062331107179781405,0.004249376823608908
0.02323,0.005860294423671715,0.004737568192280165
0.02324,0.00747824583648155,0.0056621832035922
0.023250000000000003,0.005618155682412052,0.007345631442622954
0.023260000000000003,0.006074009940487259,0.00691930505250073
0.023270000000000002,0.006448399138199055,0.0006261337319021488
0.023280000000000002,0.007845224640253825,0.004580916508659153
0.02329,0.005132686917489509,0.004873852778643916
0.0233,0.004547671634888319,0.004765805783735041
0.02331,0.004054927479812332,0.0068608844814387285
0.02332,0.005012545193486548,0.0035477641013773598
0.023330000000000004,0.0033909117524039047,0.004851075109930043
0.023340000000000003,0.005616019702439924,0.005090964425875431
0.023350000000000003,0.0031883440011102756,0.0011123443899808288
0.023360000000000002,0.006495072810998187,0.007284582022755158
0.023370000000000002,0.003192225547353994,0.007494772299956978
0.02338,0.0058137976523901114,0.0043023552801152234
0.02339,0.004451921041595072,0.0015480363294205959
0.0234,0.007223518523641902,0.0027664508472379726
0.02341,0.003689491355111676,0.006302107314636984
0.023420000000000003,0.0014841811860772064,0.0012716501213023072
0.023430000000000003,0.005214923123629618,0.004906005571567889
0.023440000000000003,0.006221704596552034,0.0037164306209474494
0.023450000000000002,0.010314018486961417,0.003864833307770477
0.02346,0.004792750853984269,0.002727235828735135
0.02347,0.005503180959543952,0.005551722295133818
0.02348,0.007663567764034063,0.0013438218905718648
0.02349,0.004765465467227347,0.005216388153335244
0.023500000000000004,0.0064326158629589535,0.00433666868356122
0.023510000000000003,0.006344393543878223,0.002706233942424108
0.023520000000000003,0.008376401442061568,0.006310008218764318
0.023530000000000002,0.0025717801378259664,0.0021751361254256202
0.023540000000000002,0.0031688375085487156,0.0056818722967474705
0.02355,0.0026942709353629355,0.0036644737443927763
0.02356,0.006174180883450476,0.004194780526247409
0.02357,0.00578359290779992,0.002196096879968441
0.02358,0.006456572572620146,0.0031018683499514487
0.023590000000000003,0.004618670590529752,0.004804345347982116
0.023600000000000003,0.0054751126602916285,0.004377431612614607
0.023610000000000003,0.0037687490159407566,0.003730962359862195
0.023620000000000002,0.005275416449348658,0.001580480248984697
0.02363,0.0043470301083003045,0.005106599931941175
0.02364,0.002718269772317415,0.006644992861236046
0.02365,0.007813416610474015,0.0018421177160320374
0.02366,0.007990476623182894,0.004045844926282178
0.023670000000000004,0.006113313914104162,0.0033402951611707717
0.023680000000000003,0.007123422056207489,0.005146374390928928
0.023690000000000003,0.003650073662136705,0.0020043713673057336
0.023700000000000002,0.0023588232464632404,0.004711247860423756
0.023710000000000002,0.006425419050320782,0.005637884531873048
0.02372,0.005045562316114289,0.002022549056292072
0.02373,0.003918423356895818,0.006641827965518666
0.02374,0.004314364440762895,0.0046245545957157835
0.02375,0.003133369389597258,0.005011473998929487
0.023760000000000003,0.004370350190296357,0.006432321836238613
0.023770000000000003,0.006833883853458564,0.0033480729433465056
0.023780000000000003,0.00503448968458266,0.0032378407114742307
0.023790000000000002,0.002450000815623559,0.002625776614886567
0.0238,0.005686351505153512,0.004991768680348318
0.02381,0.005588062469818541,0.003738371713478943
0.02382,0.007158149859280365,0.004469509695740268
0.02383,0.006699574461880037,0.0007954636152668168
0.023840000000000004,-0.0025506833666930507,0.004911177856348872
0.023850000000000003,0.002445636333323253,0.003919286244310919
0.023860000000000003,0.004692024236668337,0.0075195786318119
0.023870000000000002,0.00609726227664665,0.004677083186117408
0.023880000000000002,0.006972302506521344,0.0050829479401487375
0.02389,0.004384017412586706,0.006489492189457604
0.0239,0.003080922519274204,0.004993622195136482
0.02391,0.0022063347388057556,0.0047556029549810416
0.02392,0.005688505338555394,0.007701212512532614
0.023930000000000003,0.002173630172323995,0.003147115514740121
0.023940000000000003,0.006949994893184309,0.005020111586092666
0.023950000000000003,0.005666292400533774,0.0024377928034527057
0.023960000000000002,0.00412509803685702,0.006840733291224992
0.02397,0.005204768958435829,0.005101957661928569
0.02398,0.005078463479381816,0.0019856541635691212
0.02399,0.007177513958527978,0.005358876817245953
0.024,0.009922219929372785,0.0023218360727908036
0.024010000000000004,0.006957145424482347,0.0017304976138427489
0.024020000000000003,0.005627746224418678,0.006307185367897114
0.024030000000000003,0.0011698365437846957,0.003944893815285986
0.024040000000000002,0.004188741175077698,0.00295143067143692
0.024050000000000002,0.006086639995513404,0.006597303115504978
0.02406,0.005050711489381255,0.004767490922902181
0.02407,0.005546940836182926,0.004360711376222076
0.02408,0.0031406926466122165,0.006574579793401876
0.02409,0.0059108234324406345,0.005148039727242758
0.024100000000000003,0.003708468394640525,0.0034404220394901935
0.024110000000000003,0.0049702743966889736,0.001291199467866449
0.024120000000000003,0.0019475294643523113,0.0031585389439617003
0.024130000000000002,0.0063696951538563225,0.0030543459071476
0.02414,0.0032880989159694346,0.002731835193709465
0.02415,0.0044160803393639685,0.003654074319245265
0.02416,0.009658864149265086,0.006471619178198749
0.02417,0.007378425713675954,0.006700124257862067
0.024180000000000004,0.0033322921801378328,0.0019188198392991107
0.024190000000000003,0.0031172499512341894,0.007033146807889137
0.024200000000000003,0.004237663758206928,0.0018620075807708018
0.024210000000000002,0.004471111923745688,0.003888094218066486
0.024220000000000002,0.005870988046702473,0.004867792591491011
0.02423,0.003678857733980098,0.005737788536104678
0.02424,0.004057889344297665,0.004054508211230929
0.02425,0.006710882290904301,0.003084003142983761
0.02426,0.00419968922923558,0.005551567049272005
0.024270000000000003,0.0036239838384609178,0.0035992318345869304
0.024280000000000003,0.006451992852175137,0.008477585629586495
0.024290000000000003,0.006552375999551263,0.005315265070738265
0.024300000000000002,0.006404228841198671,0.0022241897279060927
0.024310000000000002,0.005574878025304772,0.004311621964001589
0.02432,0.0059879126934200685,0.0046047556437265385
0.02433,0.006105202223250063,0.003749389680656914
0.02434,0.005464080150286492,0.0019172514037158433
0.024350000000000004,0.004708107398424317,0.007155160031365446
0.024360000000000003,0.005986598464708725,0.004332235193349949
0.024370000000000003,0.009142288361492742,0.0016529915786532563
0.024380000000000002,0.003132190914508431,0.007800668559096353
0.024390000000000002,0.005444084307176046,0.003890663799515366
0.0244,0.0029548143882004623,0.0052718064748125135
0.02441,0.006443203574772569,0.0021880092247702184
0.02442,0.00507479365633135,0.003706550221394942
0.02443,0.005868360306749605,0.002139665274757912
0.024440000000000003,0.007861362304560436,0.006210397130963075
0.024450000000000003,0.004632177855209946,0.003946495888003773
0.024460000000000003,0.0050867464451586795,0.0028232998838375466
0.024470000000000002,0.004473793878556814,0.0038399598682421245
0.024480000000000002,0.008587451622406806,0.006274320769277086
0.02449,0.007232086658662495,0.005121518863047237
0.0245,0.0031291857865331342,0.004299268847816567
0.02451,0.007305879481817292,0.0018663051537934597
0.024520000000000004,0.006639071932699767,0.0090286361543473
0.024530000000000003,0.007490661965842681,0.00721205920208964
0.024540000000000003,0.005804769528584577,0.00632044799160281
0.024550000000000002,0.003933449152136357,0.005976894817938789
0.024560000000000002,0.006678995601797634,0.004965572576704541
0.02457,0.008003298126012953,0.0033087635246096866
0.02458,0.004998232406977604,0.004577840191111639
0.02459,0.0033141898519254767,0.004841362840614379
0.0246,0.0019366155235878545,0.00648199080313029
0.024610000000000003,0.005468815839612515,0.003346878644480334
0.024620000000000003,0.003707858840851278,0.003920089047930298
0.024630000000000003,0.006754190648305624,0.005485307656504215
0.024640000000000002,0.003967660696264224,0.002698332882726603
0.024650000000000002,0.006693599570644896,0.002946299884909665
0.02466,0.005500687476856501,0.004639086382663883
0.02467,0.0060060581667339364,0.006108700298885081
0.02468,0.002857074208403785,0.0005704230664493838
0.024690000000000004,0.004249171903198939,0.007996380748739346
0.024700000000000003,0.009429481254391392,0.008056260358079504
0.024710000000000003,0.005000237112684869,0.0008302580147314755
0.024720000000000002,0.000701188644705945,0.003166993885348844
0.024730000000000002,0.004992186793713503,0.006996902978411693
0.02474,0.007125012385684684,0.00485104424035311
0.02475,0.0036107795442761144,0.0024752568102805505
0.02476,0.005899792287217277,0.005791499667292959
0.02477,0.006176367472225662,0.0023287835117983993
0.024780000000000003,0.00669500844810982,0.005250383025280045
0.024790000000000003,0.0032534088294548036,0.0028305007493217857
0.024800000000000003,0.006772802251173771,0.003930709157367369
0.024810000000000002,0.008575173774832906,0.005402564256529124
0.024820000000000002,0.004424685874372914,0.004380475919475046
0.02483,0.005525784325288992,0.0029446878488586774
0.02484,0.003574910643379899,0.00580482955738662
0.02485,0.0070917033443896,0.005610193942751465
0.024860000000000004,0.008432862860761408,0.0033196657050646988
0.024870000000000003,0.008751838337692395,0.0026019510530983824
0.024880000000000003,0.003378996024267522,0.0008844565788153754
0.024890000000000002,0.004513847081213718,0.0033975106622624973
0.024900000000000002,0.0064583830400387135,0.0048933181519820864
0.02491,0.003021632721343478,0.003620664664833459
0.02492,0.00466572661864038,0.0008547334609411979
0.02493,0.0034478286181963717,0.0028656514471644954
0.02494,0.008278043737637748,0.004790760834294661
0.024950000000000003,0.006736203046421326,0.0014111690426401686
0.024960000000000003,0.007801366560235173,0.007011224738228501
0.024970000000000003,0.00141731993114218,0.0029989676803851327
0.024980000000000002,0.006406613498623387,0.005698958492236175
0.024990000000000002,0.004059165595109182,0.003799763057013598
0.025,0.004222465854208888,0.00463217841610397
0.02501,0.00781265817655712,0.0028698382882614715
0.02502,0.007421015464017431,0.00284915867953514
0.025030000000000004,0.003725193616242269,0.006050272224064798
0.025040000000000003,0.007265394588310101,0.006116482965629065
0.025050000000000003,0.002791001025616407,0.0034823411823724465
0.025060000000000002,0.007069647254912074,0.00449790680785599
0.025070000000000002,0.003277358826854421,0.005332038935101024
0.02508,0.003996204669498094,0.00800503262577819
0.02509,0.00851657700083392,0.005624757595981585
0.0251,0.008149982594735261,0.0045467252000383
0.02511,0.00695991950422358,0.007373162789272499
0.025120000000000003,0.005921117430817455,0.003907927496983609
0.025130000000000003,0.002021951924505581,0.0042526143724913
0.025140000000000003,0.007079118205889715,0.0063107278056811844
0.025150000000000002,0.0064420781867804144,0.003337442230033824
0.025160000000000002,0.0014807813590994043,0.0034301896362731446
0.02517,0.004826811420009768,0.003795341253249996
0.02518,0.00667369076506864,0.00839313130814135
0.02519,0.005684713568062418,0.0039888941495257475
0.025200000000000004,0.004920288876312429,0.004671706446737543
0.025210000000000003,0.003783222544638106,0.004663913158965179
0.025220000000000003,0.006342512526488007,0.00484346724075155
0.025230000000000002,0.006357049736200337,0.005292169348118719
0.025240000000000002,0.0018992507443431118,0.005698993405832093
0.02525,0.0041020928848375104,0.0022341536665645414
0.02526,0.0032362976148627223,0.005293494061071165
0.02527,0.005001130338020213,0.001063052063842336
0.02528,0.006403434972641974,0.0015483521061468554
0.025290000000000003,0.005728081437375323,0.004905144899377148
0.025300000000000003,0.007220672490508565,0.007992095245717302
0.025310000000000003,0.002721245511199466,0.004324356529986923
0.025320000000000002,0.0048990076383014615,0.005297382128052037
0.025330000000000002,0.0058840960655588736,0.003725368729472418
0.02534,0.004572034672089534,0.0021981379083023268
0.02535,0.007430642970467568,0.005350026330614204
0.02536,0.007291537188718001,0.003811403988339521
0.025370000000000004,0.004143411074748452,0.0022761443671488724
0.025380000000000003,0.006175998630571512,0.0023537662358196917
0.025390000000000003,0.009156571284326717,0.0018186456526208213
0.025400000000000002,0.006007647300880183,0.007568218304740157
0.025410000000000002,0.00665958873021046,0.004786434336484981
0.02542,0.00352552430056113,0.0016721265013493994
0.02543,0.007003674429105261,0.007448537272923203
0.02544,0.0045869570814910405,0.00215869763504478
0.02545,0.000549401287328161,0.002475868767982778
0.025460000000000003,0.005239509784618207,0.007636222688248403
0.025470000000000003,0.006814174410893711,0.005048724713602723
0.025480000000000003,0.004668751496668874,0.003272800113749258
0.025490000000000002,0.008281370043573148,0.0048411862204180275
0.025500000000000002,0.001265957730855194,0.003093207380425395
0.02551,0.00375581155455951,0.00334833614197255
0.02552,0.006599149679755908,0.0042265518277459415
0.02553,0.005320682524351147,0.00706896529200161
0.025540000000000004,0.0040825763764602615,0.008170995346262627
0.025550000000000003,0.0041339688298821144,0.0046215699600802886
0.025560000000000003,0.004915262517738296,0.004690589053565038
0.025570000000000002,0.0063679396343523115,0.00531199843389989
0.025580000000000002,0.003973607158783955,0.002199075713547349
0.02559,0.010487271818226965,0.0034775134516333364
0.0256,0.006880439771136209,0.0012307765199618481
0.02561,0.004923876352761117,0.004192237331109234
0.02562,0.006429819073021563,-0.0009976952768415911
0.025630000000000003,0.005817557542151203,0.002148306948587155
0.025640000000000003,0.006135055363862652,0.0023757082680499345
0.025650000000000003,0.0037764864181662992,0.003901688191675871
0.025660000000000002,0.0033838809828392806,0.0034984512181708183
0.025670000000000002,0.0031028767408883377,0.000783755855976296
0.02568,0.007526630983081985,0.001858575970121333
0.02569,0.005134443947992891,0.0059570320639255134
0.0257,0.004263006608318337,0.002801494595499015
0.025710000000000004,0.00594646032640186,0.006688270483490003
0.025720000000000003,0.003156443200605144,0.004152683566149938
0.025730000000000003,0.002031174368968787,0.003667153564183099
0.025740000000000002,0.005565663002939457,0.0027448825787235757
0.025750000000000002,0.004584360288427806,0.0016382545657386048
0.02576,0.0056535917487323005,0.006566672789783162
0.02577,0.0033062376044168777,0.0032105168982289878
0.02578,0.006506708903373865,0.006880617959059613
0.02579,0.002516328101496685,0.004119443084536071
0.025800000000000003,0.006070060935366529,0.00425347576704748
0.025810000000000003,0.0005513069715730465,0.0054603445059532175
0.025820000000000003,0.008544655872318377,0.004692063878908375
0.025830000000000002,0.003444863378992267,0.003433061723387588
0.025840000000000002,0.009047994187393622,0.006279817087807024
0.02585,0.006789314106835172,0.005173292913657243
0.02586,0.004188079715575971,0.004059901076422221
0.02587,0.005355601790824901,0.005560767711760437
0.025880000000000004,0.008530378625698052,0.006698870945977944
0.025890000000000003,0.0026748659537388546,0.004910760153926088
0.025900000000000003,0.0069882554374442775,0.0057010663712275264
0.025910000000000002,0.004257355556148927,0.010292139588480997
0.025920000000000002,0.0029627485485418255,0.0022981196609197217
0.02593,0.005985202680900206,0.008698678012898371
0.02594,0.003846717917462478,0.003933990471916574
0.02595,0.007674790321145231,0.004430498145305776
0.02596,0.004852090878474428,0.0055980634624658914
0.025970000000000003,0.006067430437022818,0.006528250385427483
0.025980000000000003,0.008106428360760108,0.005081954041586026
0.025990000000000003,0.00610805241691899,0.004896744945638622
0.026000000000000002,0.006503944720891691,0.004579439268479673
0.026010000000000002,0.0055255635427079505,0.006862927198350635
0.02602,0.008560110026582027,0.0014551419837873975
0.02603,0.005549017387064228,0.003093433875030198
0.02604,0.004908129827945978,0.005276429982875725
0.026050000000000004,0.006870047441394535,0.004247719450394433
0.026060000000000003,0.0017055882267448847,0.0025424559035140573
0.026070000000000003,0.007326366695394516,-0.0010077310994072806
0.026080000000000002,0.007909320378518478,0.005516156359004311
0.026090000000000002,0.008167917220165632,0.004077132590172037
0.0261,0.0014138534532363344,0.005335570786441358
0.02611,0.008087070056195876,0.006324863607334865
0.02612,0.004213480611076131,0.004649516593607811
0.02613,0.004474291073957207,0.002838035914282666
0.026140000000000004,0.007451841051309754,0.002082078573823937
0.026150000000000003,0.003754531609624697,0.0022696662369258505
0.026160000000000003,0.0025627702508697133,0.004771120349005241
0.026170000000000002,0.007867372486391227,0.0041091124683215
0.026180000000000002,0.0025339721459759863,0.0061593292299401995
0.02619,0.008917972879007295,0.0031875296260687035
0.0262,0.004590562727929779,0.005511909612805579
0.02621,0.008792520914397276,0.0034414940939458925
0.026220000000000004,0.0028849762817665116,0.005744573585288866
0.026230000000000003,0.007149114682897176,0.004494573215661868
0.026240000000000003,0.004435814978501791,0.0064716416736320045
0.026250000000000002,0.006609256736912172,0.002946587029616043
0.026260000000000002,0.005652477689663983,0.0017806168061769473
0.02627,0.006927172908843565,0.003960138493401304
0.02628,0.004685074370234295,0.00441943037904995
0.02629,0.005638215743263975,0.00627561314503023
0.0263,0.006740885987860439,0.004173508092323732
0.026310000000000004,0.007087146076704885,0.005288374740878181
0.026320000000000003,0.004707715628646113,0.004238037456292432
0.026330000000000003,0.005265574519822078,0.005498569954178524
0.026340000000000002,0.004829080737138899,0.003707802345955277
0.026350000000000002,0.009501746527753017,0.0063686650892743075
0.02636,0.004044136796012555,0.0056316494767686106
0.02637,0.005803144746271945,0.0052734431587404965
0.02638,0.005842234028758229,0.006870199374868274
0.026390000000000004,0.006259899108612102,0.0043673099195975324
0.026400000000000003,0.00765414688841873,0.004958630586890379
0.026410000000000003,0.005813830484164568,0.005120678855045021
0.026420000000000003,0.00538476314618617,0.00451166073820092
0.026430000000000002,0.004399700159615174,0.0029914453719878504
0.02644,0.0035770569856509353,0.0017103862536649145
0.02645,0.003815871735030244,0.004146391731455904
0.02646,0.005782650600031032,0.003952905604441784
0.02647,0.0008661177108329667,0.007645244333935073
0.026480000000000004,0.007751594471875008,0.005388164165953373
0.026490000000000003,0.00939472538571755,0.002542489031205211
0.026500000000000003,0.009356104376342017,0.002567361872979227
0.026510000000000002,0.006059440360566415,0.001950688094283165
0.026520000000000002,0.005612463356833758,0.005271268416492543
0.02653,0.005274805440558249,0.005927262942602555
0.02654,0.005783326220659061,0.00345525118968548
0.02655,0.0044527821871662085,0.006122480741891193
0.026560000000000004,0.004280036546927206,0.006332031646159437
0.026570000000000003,0.008034056259114382,0.0011643704474469073
0.026580000000000003,0.007855597798556775,0.008623215994507388
0.026590000000000003,0.006094865180913696,0.005701111352325055
0.026600000000000002,0.007665981226310835,0.003952550694242761
0.02661,0.0059576442286755505,0.0018756885670773364
0.02662,0.00587146732811015,0.005500883878302119
0.02663,0.0066276370922317635,0.006636081553973791
0.02664,0.004046820751775945,0.003440590772382723
0.026650000000000004,0.009388554148495421,0.004205719676448256
0.026660000000000003,0.005998721666860005,0.004372928438175451
0.026670000000000003,0.003956407363064738,0.007754579000573362
0.026680000000000002,0.00454548140345014,0.0022535215481627696
0.026690000000000002,0.004700519172940357,0.0005052525686448555
0.0267,0.0043005405869332314,0.0025729793127523643
0.02671,0.006839088857668957,0.0031629799256495577
0.02672,0.007380955835909926,0.007307348247280817
0.026730000000000004,0.007168815296751259,0.004080175499964873
0.026740000000000003,0.00588981056796017,0.0014615539742191372
0.026750000000000003,0.005341140071292179,0.002791218655584599
0.026760000000000003,0.006998469112295817,0.009658172067916406
0.026770000000000002,0.006610577447948899,0.0005309586498349079
0.02678,0.004889591908983191,0.004758792417526934
0.02679,0.005787885557415297,0.0030527558954207136
0.0268,0.006104872897989703,0.0020299520135954735
0.02681,0.003725590967371537,0.005807120472482951
0.026820000000000004,0.003585201245679659,0.0055925198632559995
0.026830000000000003,0.002878719747964148,0.00804631984411502
0.026840000000000003,0.004070227337912419,0.0040699063185582664
0.026850000000000002,0.006281113886421401,0.0033871109042795493
0.026860000000000002,0.005907819764448031,0.005669095567030995
0.02687,0.007543355082391456,0.006101948260347532
0.02688,0.0052796287623423895,0.0042262610725366115
0.02689,0.010322588176515685,0.006419873951265379
0.026900000000000004,0.0037818454167686433,0.004720643298471123
0.026910000000000003,0.004956328419693135,0.004250569621406737
0.026920000000000003,0.003168746649042716,0.0036979627010431766
0.026930000000000003,0.009251971077897433,0.005680532814486886
0.026940000000000002,0.0006476595825716629,0.00695639820312073
0.02695,0.007810364612845555,0.003804951577478611
0.02696,0.007066756124007898,0.002805294695110802
0.02697,0.004692841375058987,0.007521756731535329
0.02698,0.005091016801213431,0.0007857715426422291
0.026990000000000004,0.005508994811437645,0.004368628900095783
0.027000000000000003,0.00803346307495695,0.004555049312773523
0.027010000000000003,0.004794686296177821,0.006617059504616679
0.027020000000000002,0.00588055667102459,0.003027472560099398
0.027030000000000002,0.007950096918662587,0.004915412124794848
0.02704,0.005647079627566166,0.004884476014678387
0.02705,0.003501017153551436,0.00347392227926521
0.02706,0.005650645608255891,0.004140473005121884
0.027070000000000004,0.00818946398493703,0.00496518262806675
0.027080000000000003,0.0073555421862779545,0.00454973212320767
0.027090000000000003,0.007759438737666989,0.00532656738275684
0.027100000000000003,0.005674830478070538,0.0045055161114679965
0.027110000000000002,0.003740240300261364,0.005546484113764726
0.027120000000000002,0.005569836438233031,0.003529239101675954
0.02713,0.007864298112787804,0.002033361283344853
0.02714,0.004807511754035099,0.006589801110449094
0.02715,0.006284678710838796,0.004439216000109224
0.027160000000000004,0.0061567695102430235,0.004894332404915941
0.027170000000000003,0.0026225672376460666,0.003837550464514343
0.027180000000000003,0.008890065857336468,0.0032179961031461174
0.027190000000000002,0.005021551050492908,0.003453972948780141
0.027200000000000002,0.005485253475245644,0.0033715388807655728
0.02721,0.006633898082652831,0.004932981401437667
0.02722,0.007208641778767229,0.002437042243459226
0.02723,0.0049819973672533225,0.004088049277239681
0.027240000000000004,0.006575104252400005,0.0029536220764332342
0.027250000000000003,0.007496250455169764,0.0069134655481321895
0.027260000000000003,0.0036883308815280954,0.0035594584395356073
0.027270000000000003,0.004603345606567078,0.009806546466989393
0.027280000000000002,0.004808541775783718,0.007897594736454018
0.027290000000000002,0.0031362116762216796,0.002563611680625889
0.0273,0.004297400600652571,0.0028521047172897817
0.02731,0.005135946512116733,0.0031264966284932283
0.02732,0.004034195429712584,0.006861566687271323
0.027330000000000004,0.008121600814112402,0.006443785318208654
0.027340000000000003,0.006723146753809037,0.00473124804700528
0.027350000000000003,0.004682223055007018,0.0026400164668888395
0.027360000000000002,0.0064034117575415255,0.0021996402193328797
0.027370000000000002,0.0036907147277967962,0.0068532970120480765
0.02738,0.009480991226693106,0.005334630238477868
0.02739,0.007893744327065834,0.0040569127571678095
0.0274,0.0030066188521519406,0.005773522026718205
0.027410000000000004,0.006821683395838789,0.004693085262291157
0.027420000000000003,0.0051994916816783645,0.006474738644476867
0.027430000000000003,0.00371391470374067,0.0030033256301617377
0.027440000000000003,0.003670306254397984,0.004721401981797503
0.027450000000000002,0.003511872066139367,0.0031835409321426082
0.027460000000000002,0.0042772861139585405,0.004031377833326939
0.02747,0.0027151878197767855,0.004727573655175736
0.02748,0.008185683814703939,0.004824715557235752
0.02749,0.008774858930886963,0.007222298294361891
0.027500000000000004,0.007248827191312066,0.004704242686502534
0.027510000000000003,0.005739498656964534,0.006083039593301054
0.027520000000000003,0.0049122977737516725,0.0007909675618205858
0.027530000000000002,0.006680788542384607,0.00229444079001193
0.027540000000000002,0.00377363974885438,0.00455759490005538
0.02755,0.005508814551327389,0.0017335647147802562
0.02756,0.006031189866548277,0.006490564141757333
0.02757,0.003444666360752919,0.007103820343742724
0.027580000000000004,0.0025821509456888077,0.008794070802293594
0.027590000000000003,0.004881115161815129,0.004851225308318745
0.027600000000000003,0.001920712637321379,0.004436287952556709
0.027610000000000003,0.006162888230425554,0.0043888046179541085
0.027620000000000002,0.004580906147275876,0.00266856849969298
0.027630000000000002,0.007969266301051447,0.004623880487388118
0.02764,0.008790862910321641,0.00350987015860445
0.02765,0.004840914201080889,0.006194591978457561
0.02766,0.0024656994300928485,0.0021370453604096016
0.027670000000000004,0.007907765399330429,0.002220672784208974
0.027680000000000003,0.002075839865305221,0.008302163551341616
0.027690000000000003,0.0029274533767234103,0.004933916475102472
0.027700000000000002,0.0058544061722709375,-0.001055010480718219
0.027710000000000002,0.005182749193140779,0.005463641096479612
0.02772,0.006427149793986488,0.006374424381174
0.02773,0.004944696531944163,0.005992960284949637
0.02774,0.004342169496251156,0.0017475849264013718
0.027750000000000004,0.003126519692071801,0.0016448671786715805
0.027760000000000003,0.007742297531123598,0.0015405093722652835
0.027770000000000003,0.006272352769948608,0.004038376275152654
0.027780000000000003,0.005520127776977835,0.007298007498317837
0.027790000000000002,0.004849720367117002,0.005794564247455196
0.027800000000000002,0.005802852324937216,0.004267891501455006
0.02781,0.010328814735054608,0.0016898139816921391
0.02782,0.00830829136526327,0.005885878736653951
0.02783,0.004772129257753003,0.007832270745367782
0.027840000000000004,0.002036110919911178,0.0035306684730671807
0.027850000000000003,0.003316518979387882,0.005398936767070042
0.027860000000000003,0.0035085077748787793,0.00544146575306343
0.027870000000000002,0.005362916081550255,0.0036171979692250266
0.027880000000000002,0.006514236688337756,0.004039230574431089
0.02789,0.0035608261408933872,0.010179787742271726
0.0279,0.0047649154398816855,0.00014239151642775599
0.02791,0.004056206754140108,0.002043624186862764
0.027920000000000004,0.007393850042548059,0.005222050742925239
0.027930000000000003,0.006540139440700528,0.003839268325569832
0.027940000000000003,0.005185168719955523,0.0038380188570106806
0.027950000000000003,0.005582638573573321,0.006251115715527883
0.027960000000000002,0.0064183318459844815,0.005581242258313723
0.027970000000000002,0.006746455268486233,0.00635046920192193
0.02798,0.006324794318497379,0.005299848174526575
0.02799,0.00812726385417833,0.0032526278692077758
0.028,0.004039323701741978,0.002211444157031713
0.028010000000000004,0.006117795832748642,0.0008763904974159764
0.028020000000000003,0.0066774330960337434,0.004366036389670522
0.028030000000000003,0.008023562857039455,0.003241155531038923
0.028040000000000002,0.005348805795656169,0.006829964366444077
0.028050000000000002,0.008522872925287039,0.003225820490944612
0.02806,0.006121323718825749,0.005175530675221081
0.02807,0.006506228044031633,0.004062108873551662
0.02808,0.008322848365928415,0.0008084206723063228
0.028090000000000004,0.004918981795262004,0.005484256527609829
0.028100000000000003,0.00667685294277505,0.007294480521067447
0.028110000000000003,0.008160015518658865,0.004018446582368407
0.028120000000000003,0.008364468992604374,0.003162013694055335
0.028130000000000002,0.00762766340486049,0.008211709462673614
0.028140000000000002,0.008196939347707655,0.004802772572806817
0.02815,0.005104656446702724,0.0015346164889840945
0.02816,0.006390456484394724,0.002361931877233705
0.02817,0.004184271462270259,0.002211441959415508
0.028180000000000004,0.004850920068272125,0.004537561935780309
0.028190000000000003,0.006320098203703287,0.003393054674055594
0.028200000000000003,0.007912601126192121,0.0041782245854084035
0.028210000000000002,0.004199753883688965,0.005047786768867363
0.028220000000000002,0.009703469819459838,0.0052660904770420215
0.02823,0.0050518186656573726,0.0015414137180366464
0.02824,0.005339871412919875,0.005066759743575391
0.02825,0.005004700773786871,0.0012667012569769934
0.028260000000000004,0.004079898646247873,0.007507114472340994
0.028270000000000003,0.008650198669743944,0.0028253262064213787
0.028280000000000003,0.007128877842331164,0.0022420259468259175
0.028290000000000003,0.008593164806742661,0.005090210161073042
0.028300000000000002,0.00768498358452817,0.0011701186973324573
0.028310000000000002,0.007142143505960566,0.0045855241683482395
0.02832,0.007491896529333585,0.006431174773651516
0.02833,0.005920777223720677,0.0034003467588335622
0.02834,0.007349770038081012,0.004482263875727894
0.028350000000000004,0.004045977968103213,0.0027628352271909305
0.028360000000000003,0.002838389617010561,0.0035831241647159675
0.028370000000000003,0.007999273489856646,0.0049599328552686695
0.028380000000000002,0.004735525308086162,0.006214551882625895
0.028390000000000002,0.004131279173418322,0.004796107283843797
0.0284,0.005438143743612812,0.006164234693884398
0.02841,0.00264412019524752,0.0029061446373371946
0.02842,0.0025232584433027908,0.004087913350448585
0.028430000000000004,0.008223777970104101,0.0035967790188149744
0.028440000000000003,0.00478072866529743,0.006351688909612005
0.028450000000000003,0.007940369615511667,0.004431664529007205
0.028460000000000003,0.007173874542237447,0.0024554641633818776
0.028470000000000002,0.008561568216711429,0.008907352394009412
0.028480000000000002,0.006849226225710099,0.00044184310396445155
0.02849,0.004691509593321681,0.005836723510133336
0.0285,0.004966179979445801,0.007156036475182151
0.02851,0.006986636739753016,0.0031992548448930083
0.028520000000000004,0.00587602845153352,0.002825105864857248
0.028530000000000003,0.005447506074849004,0.003504152265062164
0.028540000000000003,0.008163376816962838,0.008845929279574984
0.028550000000000002,0.0029526543185556787,0.0007680389937860053
0.028560000000000002,0.005325864294130612,0.0015782065492603958
0.02857,0.005909810882826122,0.006113476535774583
0.02858,0.008806850393083161,0.005018959767483995
0.02859,0.005433435457900201,0.0006599671395567559
0.028600000000000004,0.00587329590157643,0.004759877797323224
0.028610000000000003,0.007100019314363121,0.0032008933576725086
0.028620000000000003,0.0049531809558984235,0.001662431315726898
0.028630000000000003,0.0012418814013073296,0.0024020078915576665
0.028640000000000002,0.0026849966341213408,0.005292992892133062
0.028650000000000002,0.00479056178626666,0.0035436602507207884
0.02866,0.0038591858342192312,-0.001844430163024725
0.02867,0.008845815841606213,0.0026207258292409506
0.02868,0.005005537013101536,0.0017120486987883031
0.028690000000000004,0.00777542104009894,0.0049092570399054255
0.028700000000000003,0.004180013375406361,0.003838506061611515
0.028710000000000003,0.009190287775791091,0.0044775925211242495
0.028720000000000002,0.005471645235375057,0.0027413344954275373
0.028730000000000002,0.0020471347827701893,0.0043045861857122615
0.02874,0.00648845247609523,0.006824398509150438
0.02875,0.0013416747453827305,0.0023756029566461326
0.02876,0.004678371591992327,0.004619399926429552
0.028770000000000004,0.005550972745141721,0.004383550247885617
0.028780000000000003,0.006658418997385671,0.0028209073763003816
0.028790000000000003,0.007711696914298715,0.005494964442884099
0.028800000000000003,0.005204937049284212,0.007830441488031487
0.028810000000000002,0.008958621595102342,0.006494982142665707
0.028820000000000002,-0.0001901356714623225,0.007787647529108363
0.02883,0.007437683660214944,0.008643140513976513
0.02884,0.008324284944807398,0.007787574472021406
0.02885,0.007607855008830565,0.00732884137650612
0.028860000000000004,0.00983998273871794,0.0050651303019859815
0.028870000000000003,0.0027084645201120895,0.0040176648551541625
0.028880000000000003,0.006634007560885545,0.004782927637937072
0.028890000000000002,0.0033621835870729115,0.001371583016982419
0.028900000000000002,0.004374173743410435,0.006249763161802329
0.02891,0.00901837058822281,0.006467985044248673
0.02892,0.007973737991904315,0.004473784421737399
0.02893,0.0023759112791603685,0.0037255401422968014
0.028940000000000004,0.005343740554116306,0.003642442051129497
0.028950000000000004,0.005971852698887772,0.0055199522501809045
0.028960000000000003,0.007569687342488578,0.004081438692226559
0.028970000000000003,0.0020573325607587305,0.003672488658025893
0.028980000000000002,0.005953466980859909,0.007084425601723308
0.028990000000000002,0.004731625726716606,0.005664462660417738
0.029,0.006448612844545325,0.00472774210145704
0.02901,0.007730699728694721,0.003318824258840133
0.02902,0.00472045664671244,0.004617270608950434
0.029030000000000004,0.004591733403551044,0.00565766242581516
0.029040000000000003,0.004446839085133117,0.0050948118336517296
0.029050000000000003,0.005674075849410473,0.005072620908173803
0.029060000000000002,0.004956136703572627,0.003965157936144155
0.029070000000000002,0.006068836550608857,0.00504804907033143
0.02908,0.0058696131195558054,0.008055190290194695
0.02909,0.003897742463992964,0.004516623492886744
0.0291,0.002733158024400538,0.005389759532329749
0.029110000000000004,0.0036511231796696937,0.0040895415421390805
0.029120000000000004,0.00513868820278837,0.005208509772801621
0.029130000000000003,0.004778436037237062,0.003456681576843536
0.029140000000000003,0.00875693223783491,0.005216991992853389
0.029150000000000002,0.004764319462024923,0.004146756495110809
0.029160000000000002,0.009178333346700086,0.004178659496331644
0.02917,0.004510272892238663,0.0032795623540688365
0.02918,0.004791776293858527,0.003461124598458814
0.02919,0.003331937097957311,0.0024022852260274746
0.029200000000000004,0.004233796006890301,0.005834392821171068
0.029210000000000003,0.005131166564779704,0.004237492758270288
0.029220000000000003,0.008435021996919641,0.007242395776494591
0.029230000000000003,0.005331801291208373,0.003391219783492101
0.029240000000000002,0.004168396205818754,0.006039063660714274
0.02925,0.00548904844703042,0.003881087645404801
0.02926,0.004272340270556211,0.0031153099012099315
0.02927,0.006540992737042049,0.002024331469186347
0.029280000000000004,0.007891821101945166,0.003588083983721179
0.029290000000000004,0.005604019613891277,0.0019823826142382284
0.029300000000000003,0.005879767842270706,0.004000261893200966
0.029310000000000003,0.005805547166362028,0.007600886812379343
0.029320000000000002,0.006262313530558674,0.0030687158735645133
0.029330000000000002,0.004485487122997555,0.005848861829127708
0.02934,0.008506723462025662,0.005223000703606272
0.02935,0.007287972736559259,0.005879205303058049
0.02936,0.008749886873666428,0.000761114694806074
0.029370000000000004,0.007247407157781646,0.006628332301648424
0.029380000000000003,0.003236733532471774,0.0028900890092379544
0.029390000000000003,0.004213827547036472,0.003204410137848574
0.029400000000000003,0.004953171476582327,0.0051477613001256264
0.029410000000000002,0.007649167850191488,0.006825754723141908
0.02942,0.004243385830800167,0.0029742799340815463
0.02943,0.008551889474956435,0.005957738916618014
0.02944,0.0060871897575939995,0.005611489501711413
0.029450000000000004,0.005863067226864204,0.005714550612162066
0.029460000000000004,0.005251756552681868,0.00520355620117238
0.029470000000000003,0.002904013439132757,0.0032909428197490332
0.029480000000000003,0.004572299220159376,0.0039182964110881695
0.029490000000000002,0.004074511538377398,0.0036005542850713525
0.029500000000000002,0.0028999268383054304,0.005765607539953592
0.02951,0.0057649452820518745,0.0012583564134061942
0.02952,0.004261530297803616,0.005342539517342614
0.02953,0.004846364468038924,0.003276018766785275
0.029540000000000004,0.005784441692241896,0.005357661773961797
0.029550000000000003,0.003062141261804884,0.005771288674403359
0.029560000000000003,0.00433547918711566,0.004635740775766269
0.029570000000000003,0.005866445488861941,0.0036180294681383627
0.029580000000000002,0.0038911867440115416,0.0041013535929570145
0.02959,0.009190387767211802,0.0019499416050273626
0.0296,0.009325574547467859,0.00415441429302202
0.02961,0.006012913151688992,0.002500999974151452
0.029620000000000004,0.0044008537411167874,0.003669167251234097
0.029630000000000004,0.0038532253390327516,0.004257715583719131
0.029640000000000003,0.005131806653499869,0.008377678723362755
0.029650000000000003,0.003615113672737401,0.004882062405016774
0.029660000000000002,0.006443978666199891,0.00253660520036042
0.029670000000000002,0.007323165603566627,0.003881157191279864
0.02968,0.000965956272380955,0.005998075353984211
0.02969,0.0037180792235054394,0.0025833911437002483
0.0297,0.007328991027591348,0.003985182970934844
0.029710000000000004,0.007789957487596472,0.007100403020004202
0.029720000000000003,0.004665783045784431,0.006267160708512623
0.029730000000000003,0.004445945599486419,0.009147432432141802
0.029740000000000003,0.004572180885620345,0.006733940355137014
0.029750000000000002,0.007646903096084662,0.005314505986957939
0.02976,0.004619465329016602,0.004380100222682728
0.02977,0.0016546044920415,0.005132300141576897
0.02978,0.006662240905283519,0.004951023755722395
0.029790000000000004,1.7627885817494103e-05,0.002153316874866784
0.029800000000000004,0.0044692887084259525,0.005268472473649905
0.029810000000000003,0.0065453793923406925,0.004345271860452734
0.029820000000000003,0.007238424023071715,0.0026337995259297295
0.029830000000000002,0.007189634792606245,0.005636333313492255
0.029840000000000002,0.006725506541462522,0.004323333064174025
0.02985,0.009633117483901188,0.005674370121233356
0.02986,0.004036191330737427,0.005185154509128771
0.02987,0.007479063499624082,0.003512891168825937
0.029880000000000004,0.008153875393466353,0.005453740582858557
0.029890000000000003,0.0012916088449724675,0.005289581926708331
0.029900000000000003,0.005165742299421221,0.005765162397695667
0.029910000000000003,0.007867465844613139,0.00508169165556919
0.029920000000000002,0.009310776656456913,0.004334518581045506
0.029930000000000002,0.007231144328405126,0.006302382282667725
0.02994,0.005788053708191199,0.0062506105330227876
0.02995,0.004794637105959553,0.0038484898572727854
0.029960000000000004,0.0033602436052258353,0.005177009702997325
0.029970000000000004,0.006636962715209381,0.007053282559171984
0.029980000000000003,0.007569978222483586,0.004125729897409585
0.029990000000000003,0.003632578162725427,0.005561586581490367
0.030000000000000002,0.008211683679879522,0.006206820486979793
0.030010000000000002,0.008160372657139146,0.004273236237192982
0.03002,0.005059420418850579,0.003223777352760119
0.03003,0.0058821066458407635,0.0045409632204577045
0.03004,0.006408496536787799,0.004440114651154087
0.030050000000000004,0.005729127998360824,0.003145886209889532
0.030060000000000003,0.007880864141173928,0.004852875188829816
0.030070000000000003,0.005649981380598264,0.00320554530437338
0.030080000000000003,0.0033362866430162856,0.007316896940641731
0.030090000000000002,0.007110634374914832,0.0014536976133373292
0.030100000000000002,0.0075288861358387355,0.006547060380261847
0.03011,0.006252598836398181,0.007898884571122904
0.03012,0.006438531415721871,0.00186958046217148
0.030130000000000004,0.006736676156250542,0.005193586858693897
0.030140000000000004,0.004800990962969465,0.00585147466509144
0.030150000000000003,0.0026735011189070188,0.006686055381281426
0.030160000000000003,0.004253835719929854,0.002735594210333757
0.030170000000000002,0.005783677544165774,0.005571997050061462
0.030180000000000002,0.006340423664095362,0.003221297595191959
0.03019,0.0050016458898411095,0.0024410959642222926
0.0302,0.0055657140921718945,0.0068577878198394174
0.03021,0.006007797931943704,0.006427138631898739
0.030220000000000004,0.008928376883780403,0.003532837815712035
0.030230000000000003,0.00564567859331522,0.009051825307283119
0.030240000000000003,0.00890876330519072,0.0013651952649938025
0.030250000000000003,0.0067956249865710186,0.004711689032968769
0.030260000000000002,0.007675486941506115,0.003221176245322974
0.030270000000000002,0.004344616833876115,0.0033595570821648305
0.03028,0.004881229837268391,0.006342911579406796
0.03029,0.003663938429324636,0.0034676001796071733
0.030300000000000004,0.002449570335537381,0.006727628360910574
0.030310000000000004,0.0085709101519935,0.004059810587863968
0.030320000000000003,0.00543420655648215,0.005620965990731545
0.030330000000000003,0.008980325130943215,0.005532308419059167
0.030340000000000002,0.00463753355913061,0.001478006519038361
0.030350000000000002,0.0038036217451802956,0.004862655304153437
0.03036,0.004724476549781666,0.0051067165575877545
0.03037,0.004930541389354567,0.0026010530267787943
0.03038,0.0036835844852516923,0.007842619653682369
0.030390000000000004,0.00781688207426316,0.008179511286090376
0.030400000000000003,0.007120067707272566,0.0038590573147570012
0.030410000000000003,0.008688107583459372,0.004653468880992537
0.030420000000000003,0.006484369615351179,0.004634520879595176
0.030430000000000002,0.00015013847679146326,0.007930204418790467
0.030440000000000002,0.007027216152887248,0.0053809452749404695
0.03045,0.005922917987792292,0.005048719555650355
0.03046,0.00485317459847921,0.00595558738396313
0.030470000000000004,0.0034347986464165524,0.005095130311680004
0.030480000000000004,0.007173405649334167,0.004326219949527305
0.030490000000000003,0.006793258174775394,0.00274145420630683
0.030500000000000003,0.004121133439078276,0.005198122009722571
0.030510000000000002,0.007411151191276883,0.0009755212369773501
0.030520000000000002,0.007099358564281858,0.0036394143310799977
0.03053,0.005670971043066289,0.0020473462722198714
0.03054,0.004354615173259021,0.0066591975617177595
0.03055,0.0061248433506110355,0.003961954902459753
0.030560000000000004,0.005827407360210895,0.005706500154468457
0.030570000000000003,0.006942641035164541,0.0045785873077712775
0.030580000000000003,0.008248838757278037,0.006670131390092151
0.030590000000000003,0.0068909336024146756,0.004838994494226771
0.030600000000000002,0.007380101259825946,0.00535887058867572
0.030610000000000002,0.008188329256138029,0.006530023319880727
0.03062,0.00403149187087974,0.002559539051040703
0.03063,0.004666771665090461,0.0066843076036924975
0.030640000000000004,0.0029179243602794865,0.005522109837849094
0.030650000000000004,0.006796900656417848,0.007058456018245321
0.030660000000000003,0.006433764497203911,0.0020473059662358853
0.030670000000000003,0.004155650358207088,0.0023702985555553416
0.030680000000000002,0.004999746033197012,0.004369051321992714
0.030690000000000002,0.0037460251232647214,0.0076767433013028
0.0307,0.0034276201658809528,0.007428191036674801
0.03071,0.008449784231731901,0.006533154163199471
0.030720000000000004,0.004693200738669477,0.0054220157030927685
0.030730000000000004,0.0035272679978689144,0.006559492901896184
0.030740000000000003,0.005935317540458304,0.0039196032960434266
0.030750000000000003,0.003637074776789678,-0.00021620361222840848
0.030760000000000003,0.004008760651370995,0.006964969922619395
0.030770000000000002,0.0052814539333614005,0.004401280730205074
0.030780000000000002,0.007399508462044996,0.008351841120513502
0.03079,0.008739688541566464,0.002796398283425294
0.0308,0.002205818106819996,0.009460861743092235
0.030810000000000004,0.01063022302360945,0.005119105358769467
0.030820000000000004,0.0035525443930634077,0.006669216182029114
0.030830000000000003,0.0058788351302448555,0.004517365823796842
0.030840000000000003,0.007885002341396701,0.0054126425270911065
0.030850000000000002,0.003725737521714168,0.00409497413420784
0.030860000000000002,0.0074209564260346115,0.005765527428029239
0.03087,0.006623967479577054,0.0066124338789658775
0.03088,0.005377784655325258,0.005103492515322258
0.030890000000000004,-0.000648654730571966,0.003847417580271047
0.030900000000000004,0.007631594665255094,0.003966494045125215
0.030910000000000003,0.005172619983261733,0.002664942095670716
0.030920000000000003,0.008113093011793537,0.005845339574748226
0.030930000000000003,0.007758477423444497,0.00129655014091186
0.030940000000000002,0.0057880356853316954,0.0041893210953300435
0.030950000000000002,0.005549080446110916,0.0035180530783665547
0.03096,0.005419303947353444,0.006449962795286398
0.03097,0.0022870989607647477,0.008305827839231165
0.030980000000000004,0.007081773639783939,0.004667139594501943
0.030990000000000004,0.007929049951254465,0.0018486989876210606
0.031000000000000003,0.004787270664275599,0.004510782714924437
0.031010000000000003,0.00884908457958796,0.004660505528940789
0.031020000000000002,0.007019365094103506,0.003574905820679545
0.031030000000000002,0.007094232352329229,0.008109108129857028
0.03104,0.008112894610843848,0.004592282109836071
0.03105,0.007474116486358323,0.005910793146346443
0.031060000000000004,0.0071376042515752585,0.006980231120978673
0.031070000000000004,0.008334678985022836,0.004502572378148838
0.031080000000000003,0.0074107769230779535,0.003991264912864048
0.031090000000000003,0.0042821697846676665,0.004219032437834431
0.031100000000000003,0.005977054606193678,0.0014354231758484863
0.031110000000000002,0.007851572916874782,-0.0007755004750053043
0.031120000000000002,0.011561839122174962,0.007763473864949857
0.03113,0.005611485797610303,0.004779133556935053
0.03114,0.006740745554274039,0.0035825253097024183
0.031150000000000004,0.0065213392226112716,0.004473411391702332
0.031160000000000004,0.005948855173309379,0.005124898747174988
0.031170000000000003,0.0035116452521969806,0.004841681353402012
0.031180000000000003,0.006466897144878244,0.0050208064447108455
0.031190000000000002,0.005709641505920041,0.007039388062875802
0.031200000000000002,0.005435299835396283,0.005218889645725767
0.03121,0.008738502505403895,0.004606050885516021
0.03122,0.006574137029717277,0.004572599238869789
0.031230000000000004,0.008621253704785435,0.0042504847468664555
0.031240000000000004,0.008714527461569314,0.004559323452011851
0.03125,0.004430203616703227,0.0061258109665796815
0.03126,0.005541092720780258,0.006008631820744895
0.03127,0.0006929255120378041,0.004778605956572522
0.03128,0.005233830147682028,0.0026422434832084132
0.031290000000000005,0.005047865775364928,0.003621920004557749
0.0313,0.0060596837945457145,0.0020352388209605244
0.031310000000000004,0.006789511122143646,0.007502886777976363
0.03132,0.006720129305893574,0.00638899990383589
0.031330000000000004,0.00834870654541814,0.007244567201469916
0.03134,0.009901168920668472,0.0037737496863159735
0.03135,0.004725234039006581,0.006339650499458236
0.031360000000000006,0.007580045499240363,0.006324635336287924
0.03137,0.009943389596143971,0.004796590103340448
0.031380000000000005,0.007018450012603462,0.002813639346034955
0.03139,0.010438091925710125,0.00410189158454616
0.031400000000000004,0.00555233118549414,0.004082047237747009
0.03141,0.004880285269027383,0.003317238529836659
0.031420000000000003,0.005123982946313341,0.0020450863943006995
0.03143,0.004602070779452952,0.008675170111403554
0.03144,0.00764533259809575,0.006629617895437605
0.031450000000000006,0.008529756160264041,0.00844664433968207
0.03146,0.0026338103417816294,0.0023191746649938428
0.031470000000000005,0.004570525567580478,0.003840047002965235
0.03148,0.005578152139202058,0.003886117206611189
0.031490000000000004,0.006619227364783526,0.0048512288260274495
0.0315,0.004736259154297152,0.0004301062390442128
0.03151,0.004197511128862309,0.0036832922511789165
0.03152,0.005690410050647832,0.0025230004204039864
0.03153,0.005204276966438444,0.0025209263598451694
0.031540000000000006,0.005935572762875254,0.0026372842945868013
0.03155,0.0044907243119936754,0.0021666645206680833
0.031560000000000005,0.005882854985430442,0.0030517030910488735
0.03157,0.008004748255680922,0.005596865029754207
0.031580000000000004,0.006052799926500657,0.0031907593843375683
0.03159,0.006954868809670693,0.0061676980577558245
0.0316,0.006480530156099454,0.007994265907537273
0.03161,0.007115753697848849,0.006614642566930697
0.03162,0.006464936220977339,0.006139322991281166
0.031630000000000005,0.0046055698518358305,0.0038717633292307007
0.03164,0.006899186951331132,0.0054733250077118566
0.031650000000000005,0.007217011618230481,0.0069904778362824375
0.03166,0.003353174358339509,0.0028413529819548175
0.031670000000000004,0.006663591316258501,0.0033420968574770426
0.03168,0.012961312452207559,0.005822829421926608
0.03169,0.006050444811533689,0.003761017718650615
0.031700000000000006,0.00524811308788784,0.004852803687546233
0.03171,0.006433733270380846,0.0038796901946279863
0.031720000000000005,0.005664797269818418,0.0074822237727210795
0.03173,0.00898144465360797,0.005298288739632527
0.031740000000000004,0.0035312488478814953,0.005871793269962144
0.03175,0.009323667369102376,0.007534915357077
0.031760000000000004,0.007685288985377494,0.007640765279875592
0.03177,0.006324541229824021,0.006052691544943325
0.03178,0.004857557569432225,0.005381582773516418
0.031790000000000006,0.008879513820229144,0.0036187713142543767
0.0318,0.004498895717435362,0.004993162311529893
0.031810000000000005,0.005769796027744849,0.00609704619224607
0.03182,0.005317939857764803,0.008236196318439101
0.031830000000000004,0.003646445804725319,0.007307353017444748
0.03184,0.004697439252428969,0.0012084843543895669
0.03185,0.006704228348437879,0.004291800251000599
0.03186,0.004010600245815628,0.0014388288601248122
0.03187,0.006214438973037575,0.006753822868524103
0.031880000000000006,0.007402409720681444,0.004916128846008324
0.03189,0.007191540689734707,0.004748853768097773
0.031900000000000005,0.003375740488786476,0.001962060568538954
0.03191,0.0058301959720791705,0.004483108494133117
0.031920000000000004,0.007939843066814068,0.0063195900641797925
0.03193,0.007449489046519859,0.004244982762265232
0.03194,0.003479264606332586,0.005630257056503982
0.03195,0.0072922541318790005,2.9618473670848557e-05
0.03196,0.004574586319144806,0.003425139282533688
0.031970000000000005,0.006481310910570269,0.0032010938330654755
0.03198,0.006169689816650665,0.004387311501885659
0.031990000000000005,0.005929009088071175,0.0033761595020437274
0.032,0.004970687631638314,0.00264898069973573
0.032010000000000004,0.007010142962232307,0.0059522868294697145
0.03202,0.004710123155745832,0.007851928540588672
0.03203,0.0056235077705355,0.00787158639583295
0.032040000000000006,0.004969808562604406,0.0007586264182838686
0.03205,0.007059811441280343,0.005309439028661445
0.032060000000000005,0.006325556900515312,0.00352845073231432
0.03207,0.0061889790155473445,0.003790963668220575
0.032080000000000004,0.005654779129567889,0.006497314014366147
0.03209,0.006629268157018186,0.006034519220636016
0.032100000000000004,0.005798452761369251,0.004131148721899061
0.03211,0.00395658143136602,0.004075677180450169
0.03212,-0.00037732525672803247,0.0036358734897356964
0.032130000000000006,0.00610251350508619,0.005944231772471307
0.03214,0.005730264754073885,0.005512798614969951
0.032150000000000005,0.0019094024815665784,0.004704344917721374
0.03216,0.0029113341602413187,0.0024019787077198588
0.032170000000000004,0.0058973692394911,0.007371680857078507
0.03218,0.007015475099672549,0.004856182043429957
0.03219,0.0062353626806094424,0.00339302945624452
0.0322,0.005187819169843213,0.005675606552908276
0.03221,0.0035064281479157836,0.006007529807803666
0.032220000000000006,0.005501498890893481,0.006473103128347765
0.03223,0.008202064432972387,0.0014763882512107184
0.032240000000000005,0.005118081139423268,0.0031120682243396865
0.03225,0.002657152538036619,0.0027586243983287718
0.032260000000000004,0.011166486616899209,0.006043278120369939
0.03227,0.010119917978592232,0.006483022611993022
0.03228,0.004803023492150131,0.004061850769576535
0.03229,0.007464950606157261,0.0057009730279392315
0.0323,0.005134763305443244,0.001806541765146971
0.032310000000000005,0.0128663394634463,0.004544796274319247
0.03232,0.005640709715691542,0.0050543320870458765
0.032330000000000005,0.0058081013993565985,0.005073688542551423
0.03234,0.00886882488962361,0.004579701363491528
0.032350000000000004,0.003970881842595397,0.004506078357593913
0.03236,0.005368872227698542,0.007677731472838675
0.03237,0.00864128765562898,0.005045551279251862
0.032380000000000006,0.003742952219481037,0.0023792844599516355
0.03239,0.006332045523548294,0.005504282662455976
0.032400000000000005,0.005553929102245806,0.0038718653210662477
0.03241,0.005118952685285097,0.004785984363490472
0.032420000000000004,0.0015404035294346186,0.0026306868499120085
0.03243,0.0050532042967879175,0.007248914349948957
0.032440000000000004,0.004681057131061264,0.005195412125567193
0.03245,0.006763149018124872,0.007430876764497432
0.03246,0.008836598106616307,0.004720605756414296
0.032470000000000006,0.005361854262791237,0.003508513458883835
0.03248,0.005832078429754791,0.003968680956267881
0.032490000000000005,0.007422841500931795,0.0056779353302601875
0.0325,0.0075005715510272335,0.007356451178677843
0.032510000000000004,0.010044090578033979,0.005087778633423716
0.03252,0.008518663725479086,0.004135699600177118
0.03253,0.008691134679250392,0.006962606434014657
0.03254,0.008339337864295575,0.005028295984590681
0.03255,0.004987175492669443,0.0020516676398955017
0.032560000000000006,0.00624520398675633,0.007907317844564856
0.03257,0.00570697586611418,0.00641211420659505
0.032580000000000005,0.008015956423812826,0.004275056900744807
0.03259,0.008962131939629369,-0.0009743238079743871
0.032600000000000004,0.0038853310378075038,0.003012301458268059
0.03261,0.004692791570117736,0.005516660355113806
0.03262,0.006913687933402643,0.005632684030755673
0.03263,0.007527166718875878,0.002945062213832687
0.03264,0.0039000436931877058,0.005638479214060949
0.032650000000000005,0.005077324469579472,0.0017054582895818004
0.03266,0.008281870670908641,0.0076371807560946595
0.032670000000000005,0.009454898062065967,0.005221560981460298
0.03268,0.00759383535235495,0.007587850613452763
0.032690000000000004,0.005060535156009761,0.007070038196001465
0.0327,0.006895555478908551,0.0066766748268381765
0.03271,0.006718346026870142,0.007442333669153351
0.032720000000000006,0.0067946051856423075,0.0018824308916209217
0.03273,0.00925280930259024,0.002955896323053566
0.032740000000000005,0.008856471538828153,0.0046710408702525215
0.03275,0.00870377687311219,0.0071216327248452855
0.032760000000000004,0.007213441340741441,0.00586973502633784
0.03277,0.007199813821929371,0.0008255838086366546
0.032780000000000004,0.006592618927837549,0.002621673933463986
0.03279,0.006699735388118094,0.002568486191694527
0.0328,0.003988860537875919,0.00806480932141679
0.032810000000000006,0.008499063226421995,0.004847224216214343
0.03282,0.006731110491691641,0.004360246437706874
0.032830000000000005,0.007502731396378845,0.0035045388942331933
0.03284,0.008351865336621574,0.004351043118639415
0.032850000000000004,0.005526097699963759,0.004901212046324482
0.03286,0.0051849056278269225,0.005515719952536813
0.03287,0.0052938824214529435,0.005795971739024176
0.03288,0.008802029707693906,0.0034208504754182933
0.03289,0.006110275463503003,0.005782724626711133
0.032900000000000006,0.005501122135827326,0.005789273710008968
0.03291,0.0074850457553096725,0.007027725564921641
0.032920000000000005,0.005163679851618185,0.002976220992264027
0.03293,0.00576191779705626,0.0029268362905899323
0.032940000000000004,0.007507482340338215,0.0025394079030104997
0.03295,0.011045932849523276,0.007455335797063027
0.03296,0.006406466358761539,0.006598838667489837
0.03297,0.003109126624305468,0.009911365989050814
0.03298,0.0052037173897718034,0.0046241941805437075
0.032990000000000005,0.0026736970299793667,0.00583833333740148
0.033,0.004174293010383013,0.005069640008269335
0.033010000000000005,0.005299850909928169,0.0027114104102884395
0.03302,0.004781095955614217,0.00531904418128039
0.033030000000000004,0.0038282569299510545,0.0033704146421250545
0.03304,0.0077192062890204995,0.010073567643240768
0.03305,0.007349258551722218,0.0030346545568691674
0.033060000000000006,0.0056612746949880055,0.004932925839826925
0.03307,0.005698075993841018,0.00667643418601501
0.033080000000000005,0.006833296459657405,0.006686592686256697
0.03309,0.005770886251161976,0.007522458458806971
0.033100000000000004,0.006068227742010929,0.002929648423203082
0.03311,0.01075726549324222,0.0012226428490141293
0.033120000000000004,0.004926573843978823,0.0036191128602313122
0.03313,0.011422091148061753,0.008487456592795218
0.03314,0.00939476294160564,0.004212991800170064
0.033150000000000006,0.011260691460475434,0.005611583472991891
0.03316,0.008364291739053868,0.005234840608032694
0.033170000000000005,0.0063122621497307815,0.004372462918757545
0.03318,0.0059933463488330944,0.006093574025192935
0.033190000000000004,0.007148457726973102,0.004814218489249257
0.0332,0.009434538660121753,-0.0010557743652545226
0.03321,0.007436698468514758,0.006313779769022943
0.03322,0.00871228376087518,0.004749130098141472
0.03323,0.006835632965668678,0.006851340412643615
0.033240000000000006,0.009403561201941555,0.00427894238280316
0.03325,0.006956616279164082,0.008237733030543226
0.033260000000000005,0.002176047638830951,0.0035011306925981684
0.03327,0.00935721158473256,0.007066802391680474
0.033280000000000004,0.007471868646684428,0.003985103852495523
0.03329,0.004664780585640945,0.0037004372766509166
0.0333,0.009525874146617954,0.0036265540955776904
0.03331,0.00663414451853019,0.0033765951854074104
0.03332,0.008118288300136027,0.0038071289583295025
0.033330000000000005,0.006238994875450105,0.0015183883396365123
0.03334,0.0032088893662227365,0.004901070122032764
0.033350000000000005,0.0037867554792841607,0.009096468186853834
0.03336,0.0023154682857981085,0.0032865155269390595
0.033370000000000004,0.006473361735320761,0.004157171508205531
0.03338,0.004233115349767093,0.0029721530079440082
0.03339,0.0044615451430798465,0.004315136644199869
0.033400000000000006,0.010348159285900407,0.005045026017790442
0.03341,0.008811550669363233,0.005903675551253661
0.033420000000000005,0.008674923846344017,-0.0007096342664161788
0.03343,0.005839733145078473,0.0075051367086574
0.033440000000000004,0.005306628457212626,0.008416383760252832
0.03345,0.009419332105063063,0.003953747611150441
0.033460000000000004,0.005446677234871674,0.0028653690164839574
0.03347,0.005195269066436808,0.0024279742757001978
0.03348,0.007313533931138014,0.001981631165409908
0.033490000000000006,0.007664832426813897,0.006150453339349827
0.0335,0.0031364131934290373,0.007994504997196747
0.033510000000000005,0.007487496988342723,0.0063948357121272874
0.03352,0.0049444051796459524,0.006140769836750754
0.033530000000000004,0.008715980454052391,0.00469936677839454
0.03354,0.010468497234794889,0.0049852848690246695
0.03355,0.008747683469863635,0.00548374528286982
0.03356,0.007638615279462909,0.0015556352487589784
0.03357,0.007211140828261599,0.0034289217438759644
0.033580000000000006,0.004777698672811532,0.008387650524534242
0.03359,0.006044417516397605,0.0028934127498769302
0.033600000000000005,0.005755158281246227,0.002299688257387811
0.03361,0.009342654796753285,0.0035097995776448123
0.033620000000000004,0.007534950850270675,0.007613946892651784
0.03363,0.005477511542274923,0.005966350774701874
0.03364,0.004419111518689567,0.009794417542145693
0.03365,0.008353511424175175,0.004518238068160753
0.03366,0.004936552023435355,0.004676030429934529
0.033670000000000005,0.005803721175789745,0.008810485281877134
0.03368,0.00403408911753287,0.005174771707221524
0.033690000000000005,0.006449953177539704,0.004670920995378961
0.0337,0.006270867558335553,0.004674172760086019
0.033710000000000004,0.008235705368030264,0.006124856106567159
0.03372,0.007328869636204166,-0.0011605186282894267
0.03373,0.007092110152008096,0.0015967543074099826
0.033740000000000006,0.007786635533501134,0.007857600744137319
0.03375,0.004642992600120488,0.004385617595221207
0.033760000000000005,0.005298235848977907,0.007380615672162018
0.03377,0.006688480280332343,0.008366984012521818
0.033780000000000004,0.007327410984507,0.0053957987935681325
0.03379,0.006637795031965378,0.006547455862052979
0.033800000000000004,0.0030274887789456554,0.005082732856323667
0.03381,0.006364248818393885,0.0063634559320133064
0.03382,0.006130419847461718,0.0028357227926268007
0.033830000000000006,0.006522006586567329,0.0027480840374777115
0.03384,0.002658263814442915,0.0063685835436243805
0.033850000000000005,0.00766839521448465,0.005849094005425329
0.03386,0.009117613570269478,0.003585421925130147
0.033870000000000004,0.003651013927142676,0.004775999792106206
0.03388,0.005819727929827155,0.003232041604020583
0.03389,0.006356517370287319,0.003693996489013949
0.0339,0.002845693091269041,0.0040354271958920164
0.03391,0.004246442139218369,0.005381650569122071
0.033920000000000006,0.005208612605941504,0.007142191275137739
0.03393,0.00972990474314042,0.0062782650265402334
0.033940000000000005,0.0034216115684388973,0.007930468284811516
0.03395,0.009676596995808763,0.0049582313692536255
0.033960000000000004,0.009172501418480757,0.0038178741833472495
0.03397,0.002795651072191703,0.003401229748390302
0.03398,0.009988239360636338,0.001940212998165122
0.03399,0.006530175722884587,0.004991234905556647
0.034,0.005506681046625724,0.004036478246595804
0.034010000000000006,0.006678625024886688,0.00379977114387234
0.03402,0.003691507831494819,0.0053547341493509135
0.034030000000000005,0.008683856908952847,0.006664389790916202
0.03404,0.004919152577585762,0.002423363467595429
0.034050000000000004,0.005971748367685092,0.008061976917452715
0.03406,0.007832821762128397,0.006334897905902972
0.03407,0.00832284183384105,0.005769076386920851
0.034080000000000006,0.00678584820666687,0.00625273182003859
0.03409,0.00545380294054713,0.0020997668243327495
0.034100000000000005,0.007993633913416088,0.00740474393452451
0.03411,0.004312681919549588,0.006573685619630842
0.034120000000000004,0.009912183839313415,0.004925925239044688
0.03413,0.004916155518783461,0.005177030033534043
0.034140000000000004,0.005452600290325486,0.0036981075668260613
0.03415,0.0074215455637375366,0.0017246839934493686
0.03416,0.0036688296519649336,0.00497129991771475
0.034170000000000006,0.006513581353448722,0.005620402581367508
0.03418,0.01031016101041784,0.005142896826798998
0.034190000000000005,0.007757567205437588,0.0029833782679928467
0.0342,0.00809861177354579,0.003882237850966852
0.034210000000000004,0.006707092525137882,0.004717897830583846
0.03422,0.008631714616277644,0.0023162175292507376
0.034230000000000003,0.0020008050379991035,0.004509880859025018
0.03424,0.007505861857421722,0.005241860678114736
0.03425,0.009034725731723432,0.005812643006434075
0.034260000000000006,0.005444139384663199,0.00028763313982412605
0.03427,0.006098731250986481,0.006994967301279411
0.034280000000000005,0.005790780705849082,0.0049962657315893045
0.03429,0.007419118213723413,0.0029096164221920112
0.034300000000000004,0.007824391815744701,0.008215020776319321
0.03431,0.0062338165207800065,0.0026832244376206933
0.03432,0.006447765258679811,0.0004931612085610016
0.03433,0.0072562988162078335,0.005847054385272558
0.03434,0.009935290740169404,0.004555092308921412
0.034350000000000006,0.007402515583008887,0.003221082013424335
0.03436,0.005874218311240827,0.0018938637292552599
0.034370000000000005,0.006199021847962528,0.004334192740348149
0.03438,0.0071885300549356336,0.003698193792128007
0.034390000000000004,0.006758351552257777,0.0042792040077688585
0.0344,0.0059301932979115585,0.005107265398064783
0.03441,0.006675770081335423,0.006469465512541127
0.034420000000000006,0.006354971149957206,0.004247923485816757
0.03443,0.006236176250221649,0.003518942761512895
0.034440000000000005,0.005879503777447095,0.009011165294162307
0.03445,0.004775504170721776,0.00439211213494892
0.034460000000000005,0.005827420997801841,0.0044556585749632675
0.03447,0.00594145724485496,0.005509059060873761
0.034480000000000004,0.003185124105491972,0.007025498924893205
0.03449,0.007872179261969798,0.0024659899917008955
0.0345,0.0020703993812915197,0.0029981661183259
0.034510000000000006,0.006124762180311418,0.010113471517738618
0.03452,0.007698151121901614,0.0013382857948928462
0.034530000000000005,0.005233869185118602,0.004847617656942543
0.03454,0.007122091222028392,0.0023251223086184344
0.034550000000000004,0.006346288492900652,0.003519919317471187
0.03456,0.004410297577352495,0.005474966513429819
0.034570000000000004,0.008167115722796136,0.006638435465366115
0.03458,0.007769681672556185,0.003962191600829547
0.03459,0.008051557009993868,0.005575617363427217
0.034600000000000006,0.006891890693528036,0.003734700128550367
0.03461,0.005631805038657432,0.005106438193750768
0.034620000000000005,0.01150685751957024,0.005561727296230366
0.03463,0.005406283801284994,0.003295041525838954
0.034640000000000004,0.005646680729974733,0.009314985455976888
0.03465,0.00583325474360207,0.006774717840757485
0.03466,0.0058814665568558255,0.005483924130498389
0.03467,0.008218369541613004,0.0038183276906526187
0.03468,0.005354212565976688,0.008280451187634881
0.034690000000000006,0.008607179481049691,0.006544634910863397
0.0347,0.008214105032170951,0.005883019791355542
0.034710000000000005,0.010676663766037781,0.005052264026420976
0.03472,0.007797197508354276,0.002063200240281946
0.034730000000000004,0.0049943129769461575,0.0025639668396617776
0.03474,0.009193924036660134,-0.00013889665560041023
0.03475,0.005842740288358572,-0.0010206506803345687
0.034760000000000006,0.004986348953289825,0.003985443569694147
0.03477,0.009420232289803536,0.005761176359587116
0.034780000000000005,0.004985773362512891,0.007100427000599051
0.03479,0.006689288175602972,0.005044212426735978
0.034800000000000005,0.004249848860215531,0.0029896304980863994
0.03481,0.005006566438356566,0.0050631597573478895
0.034820000000000004,0.006814102609400179,0.008059001892000815
0.03483,0.00743001256464236,-0.00044373539952089446
0.03484,0.007186758235410584,0.0020719427675074888
0.034850000000000006,0.00473110540035576,0.003348216097749269
0.03486,0.005337944552917929,0.0022228358880125977
0.034870000000000005,0.007073160119106306,0.0021521098025264716
0.03488,0.007381107202302037,0.009448236297363011
0.034890000000000004,0.0040106307103246535,0.004405853375201367
0.0349,0.0016240119097990138,0.004373583308881072
0.034910000000000004,0.00795793971441224,0.006417312338971901
0.03492,0.006828812613192852,0.006755140777899134
0.03493,0.011767774938594131,0.008401803426261525
0.034940000000000006,0.005632205694042619,0.002075566272533123
0.03495,0.005866527379400566,0.0030843889795813665
0.034960000000000005,0.007583108942962668,0.002616547768770035
0.03497,0.006536353593205442,0.006655543365172703
0.034980000000000004,0.006482192301843078,0.003087468090928457
0.03499,0.009034798731152338,0.0012227143992883773
0.035,0.006031168053617957,0.004897936866648719
0.03501,0.006720164013931223,0.005342829722621899
0.03502,0.007910815852358484,0.004911603502064258
0.035030000000000006,0.0059554101493920104,0.004167820533355808
0.03504,0.005470086597361326,0.006558666786876597
0.035050000000000005,0.005401653718551492,0.006677703345011122
0.03506,0.006734302307890192,0.0039422325754751774
0.035070000000000004,0.007934713032018297,0.003530415475552242
0.03508,0.007975862131936491,0.005411356777008798
0.03509,0.0055084411165361264,0.006043755448934541
0.035100000000000006,0.007795867386129031,0.007302106387736979
0.03511,0.008636580396898649,0.005970196649830986
0.035120000000000005,0.0044507039057945985,0.009885404091596148
0.03513,0.0039002538225142145,0.006887338045489329
0.035140000000000005,0.0075716553167022894,0.0026411086086453018
0.03515,0.006462088246785843,0.004832469313006562
0.035160000000000004,0.009323459002636113,0.0035639350922288433
0.03517,0.00619000801101809,0.0003189995656451656
0.03518,0.010185029070868282,0.002850784248351143
0.035190000000000006,0.00737093168328215,0.004789487109656755
0.0352,0.006522715502376544,0.006612608849757746
0.035210000000000005,0.010062850850177755,0.005496454407222792
0.03522,0.008032091472480393,0.005651832404724263
0.035230000000000004,0.008758608808287487,0.004068798913038996
0.03524,0.008875938609563119,0.007216213821059796
0.035250000000000004,0.00889184407703916,0.003675500850059449
0.03526,0.006391708370325522,0.005475313134677006
0.03527,0.003988314149999199,0.00818680222329091
0.035280000000000006,0.006707060796790851,0.0055654003101529995
0.03529,0.005579221633312138,0.002344372222059321
0.035300000000000005,0.005526788417177068,0.00543711860013897
0.03531,0.008083324516940908,0.005322876268588043
0.035320000000000004,0.007431534656732021,0.004325823479167086
0.03533,0.007732204520624856,0.007966125081289646
0.03534,0.008150908069535466,0.006620126324057071
0.03535,0.007330984814000956,0.001995315686635605
0.03536,0.004655242820633962,0.0059119607849015526
0.035370000000000006,0.006724322681838203,0.005882478393919481
0.03538,0.010100673564239002,0.006455448136699103
0.035390000000000005,0.009267226123339701,0.0051933225145211915
0.0354,0.005136650382282045,0.004888811094769353
0.035410000000000004,0.00514320717888892,0.00812171708484685
0.03542,0.00833512307374234,0.006046736003354949
0.03543,0.00922785848633108,0.0009661821007480751
0.035440000000000006,0.007933880194217074,0.0023855873619890934
0.03545,0.00674472615430768,0.004384047827781666
0.035460000000000005,0.008084345086790285,0.005464421754279264
0.03547,0.009452741574430094,0.003804837099864732
0.035480000000000005,0.008182372425941388,0.005333662182840221
0.03549,0.0034952005824664643,0.0031725672414580144
0.035500000000000004,0.006467663589577548,0.007234969550107211
0.03551,0.00769650536543996,0.002675967576949677
0.03552,0.006490067449243616,0.00904716677946201
0.035530000000000006,0.006994788292959902,0.004357487471883607
0.03554,0.007757463687281482,0.006539509604542804
0.035550000000000005,0.005863291559475815,0.006018457900880924
0.03556,0.006119494177565561,0.00645254854617584
0.035570000000000004,0.007118305472756554,0.00597841407083269
0.03558,0.005262199121455442,0.0033724908068337623
0.035590000000000004,0.008673208952792366,0.004856856054715602
0.0356,0.007353933031701993,0.004403443290287399
0.03561,0.00858296737554964,0.003801199596054213
0.035620000000000006,0.006515962705374804,0.006589390678064931
0.03563,0.00913475302044312,0.003970472052255598
0.035640000000000005,0.010709839103899778,0.005645059688665067
0.03565,0.0047062692168339075,0.005757266150958926
0.035660000000000004,0.006027782996195273,0.00588788486639281
0.03567,0.006709725700460191,0.0051688811966148504
0.03568,0.00497390930079853,0.007001042288050658
0.03569,0.004486500267096349,0.002803976132581537
0.0357,0.007535135738027954,0.008227780601126519
0.035710000000000006,0.006096889976518022,0.006424623022378582
0.03572,0.008950418749542374,0.006652633608795746
0.035730000000000005,0.006182985138569246,0.00284175774430948
0.03574,0.002391971004289394,0.004498756711732415
0.035750000000000004,0.009164906390770413,0.0027766923607792557
0.03576,0.008210817967683325,0.0031253059777487614
0.03577,0.007024211147095293,0.006441781061832809
0.035780000000000006,0.005494743946690022,0.005367754078925492
0.03579,0.0059852220790273004,0.006437669007973583
0.035800000000000005,0.0072877101293235495,0.005140974100296372
0.03581,0.009935447861982243,0.006353158186508774
0.035820000000000005,0.005439717469962932,0.0048574053397237036
0.03583,0.006670298005455188,0.005190359615548751
0.035840000000000004,0.011872789616821915,0.005772011674351099
0.03585,0.002753642527697907,0.003945297453997585
0.03586,0.0029623812152422815,0.004371886481934151
0.035870000000000006,0.002854183772854257,0.003288889742795789
0.03588,0.0037890411365828253,0.0058009788203078295
0.035890000000000005,0.006833244007850568,0.005639170949565218
0.0359,0.006624744717125464,0.002245238795330012
0.035910000000000004,0.007862573571102933,0.00887887146864694
0.03592,0.007655640456535136,0.004183161293262392
0.035930000000000004,0.003982766543976891,0.0032194647858099154
0.03594,0.007746666938077449,0.00718242310822661
0.03595,0.007364007836748443,0.0066365500534267185
0.035960000000000006,0.008259320973104686,0.006050432768485863
0.03597,0.005528707429400043,0.005385799613899837
0.035980000000000005,0.005150590285912537,0.005073399192861634
0.03599,0.0075107653702052215,0.008396697691699932
0.036000000000000004,0.004231267916132644,0.006002734222099346
0.03601,0.009814899749078313,0.006558003468419719
0.03602,0.008520013298379097,0.006216286810763512
0.03603,0.00945248838688358,0.0028665298349751078
0.03604,0.004085664219476192,0.005029407148553639
0.036050000000000006,0.0025368926396149884,0.007503956390463322
0.03606,0.009302347686129597,0.004176553119127064
0.036070000000000005,0.006121077705020597,0.004899148820976419
0.03608,0.0069683629590336065,0.005298781246668306
0.036090000000000004,0.007982489790124064,0.004699770434512918
0.0361,0.008754117261730206,0.005937508522506957
0.03611,0.005655510003427566,0.007716428227295871
0.036120000000000006,0.00415463032711739,0.004862461289409753
0.03613,0.008806687671297646,0.0036012368167563417
0.036140000000000005,0.007493673899866969,0.0061346524324990825
0.03615,0.005155225776767823,0.004903608107855581
0.036160000000000005,0.0065649779297345555,0.003945678248774256
0.03617,0.011483048544518894,0.003523531748026171
0.036180000000000004,0.008891273853479138,0.004264733020947116
0.03619,0.004709856488983759,0.005256554238357067
0.0362,0.008183032415251791,0.0068925356972926646
0.036210000000000006,0.010011093827650823,0.010942600020154684
0.03622,0.007389311155690454,0.0037265140839979746
0.036230000000000005,0.007795751727418884,0.0045208636206737676
0.03624,0.008743656844834606,0.002459552117300033
0.036250000000000004,0.011630116368726559,0.006766568187067296
0.03626,0.0035271631364700447,0.003637005579544882
0.036270000000000004,0.008529058339618117,0.007408342982584099
0.03628,0.004354147269298754,0.006482298156815658
0.03629,0.003005670245712643,0.0048781664105931955
0.036300000000000006,0.00912617233927826,0.003954398467026917
0.03631,0.0038899639194563073,0.0053504514060331125
0.036320000000000005,0.0056961018476139845,0.006317730532038124
0.03633,0.005136618981963954,0.003513932108048228
0.036340000000000004,0.0028670006743990754,0.00539968749796142
0.03635,0.006588930115463468,0.0026836210241752787
0.03636,0.007300073303410265,0.007115123358270856
0.03637,0.006483077082776052,0.005597909149721483
0.03638,0.00746257377428821,0.002653508190820347
0.036390000000000006,0.011030862435694119,0.004121060882278538
0.0364,0.008231663932712158,0.006601783896808848
0.036410000000000005,0.006641983226922455,0.006277536295019523
0.03642,0.007414555096300225,0.0022292597359562356
0.036430000000000004,0.006260115642936888,0.003840030554414797
0.03644,0.00600291657867904,0.0024577192156027532
0.03645,0.009181020935874189,0.008270304196337723
0.036460000000000006,0.008885907522381897,0.007607970755162701
0.03647,0.006242381193282868,0.003794992160817772
0.036480000000000005,0.005376227301423571,0.0063562293050312595
0.03649,0.007389279261842925,0.004914249768894476
0.036500000000000005,0.009527203239142414,0.00587916973758644
0.03651,0.005261345107530341,0.0037080633146814503
0.036520000000000004,0.008304402451459034,0.007153940726634897
0.03653,0.008045533028341708,0.008864846671061997
0.03654,0.010213944848615354,0.00595373510487463
0.036550000000000006,0.005268528395903485,0.0024522827776722153
0.03656,0.006172686668893367,0.006579279166282711
0.036570000000000005,0.010602506009900026,0.005908340921183639
0.03658,0.009288420382347343,0.004583426565740447
0.036590000000000004,0.008198277239166,0.006721349989912539
0.0366,0.0029953158860147495,0.004248353626381577
0.036610000000000004,0.008855671911436536,0.00562476291016491
0.03662,0.004565009009864859,0.00021617660302192861
0.03663,0.006228246838950078,0.004933845192348704
0.036640000000000006,0.0051937329153663656,0.005363781784174898
0.03665,0.007976124059023246,0.006419581692124499
0.036660000000000005,0.0022532857302801582,0.0024502327044280308
0.03667,0.006357652567066817,0.006223744820559372
0.036680000000000004,0.007947141444546873,0.006023734221995118
0.03669,0.006203614359217072,0.004425323328945911
0.0367,0.0055155698060595105,0.006617574446918329
0.03671,0.005133030143217833,0.006781855078293687
0.03672,0.007391494848821969,0.004992289538530039
0.036730000000000006,0.005664149506912603,0.0023718910912069366
0.03674,0.005684048009714704,0.004423557505200861
0.036750000000000005,0.002243089399420929,0.004689457471769299
0.03676,0.008831638544880198,0.006219200244619261
0.036770000000000004,0.005992299131750556,0.005179233793472494
0.03678,0.005874170108987871,0.005383479538034724
0.03679,0.010068504552147221,0.0070235526634186835
0.036800000000000006,0.008031668467140807,0.004101382332545333
0.03681,0.00849174888905365,0.0017139954663030728
0.036820000000000006,0.006488958684950877,0.006255769533280794
0.03683,0.008476302923208162,0.006428713111750532
0.036840000000000005,0.007586918022178498,0.004698091724195417
0.03685,0.008075006036583959,0.0031844172658486323
0.036860000000000004,0.005311498330104592,0.00521420647847014
0.03687,0.0073490482105236085,0.001440104661075582
0.03688,0.007914747066145623,0.006637389781083159
0.036890000000000006,0.006851686521254326,0.009841463713493589
0.0369,0.005642190790375023,0.004370955056732804
0.036910000000000005,0.006219732514529788,0.0049413525126635344
0.03692,0.0063542233436768465,0.0022807051131917312
0.036930000000000004,0.0059203843410980984,0.00489968339368531
0.03694,0.00947243438488697,0.009500010030746972
0.036950000000000004,0.009688048628984345,0.0035453642396193396
0.03696,0.005627293551980662,0.004778064075365424
0.03697,0.010589843820425732,0.0047664721741569336
0.036980000000000006,0.004367525662774532,0.004095565169729538
0.03699,0.00853846858237795,0.006478399279782654
0.037000000000000005,0.006625740516522007,0.006465947472967504
0.03701,0.00248164805317591,0.00530737611353442
0.037020000000000004,0.008751183249894701,0.0034345907288090977
0.03703,0.005358956625305899,0.001368020727531292
0.037040000000000003,0.01021324752344763,0.003661208951509904
0.03705,0.0075173668716025386,0.006309950979833514
0.03706,0.010061241544879206,0.0047949214592927876
0.037070000000000006,0.005960072740568996,0.005449452534151088
0.03708,0.00960892091570117,0.004763572523568452
0.037090000000000005,0.005132851589054165,0.002023002438979362
0.0371,0.00460182572989034,0.006833901639809853
0.037110000000000004,0.006405003652800257,0.003890677534954681
0.03712,0.005616151626959644,0.0052764119056763845
0.03713,0.006571010717480599,0.004560656849265408
0.037140000000000006,0.009750404958262205,0.008183554773071106
0.03715,0.003833551322574653,0.0057633088657622145
0.037160000000000006,0.005501709407207095,0.004612222491636036
0.03717,0.007675830683252296,0.004683886323401135
0.037180000000000005,0.007520035357485614,0.006455868129524189
0.03719,0.007650112257419602,0.003816856791885357
0.037200000000000004,0.005804403881583023,0.002231720612578328
0.03721,0.005356808320946115,0.009035869858309911
0.03722,0.0054824889717473724,0.0027255775616998913
0.037230000000000006,0.007708200433275583,0.004892207843726702
0.03724,0.006679008213449257,0.007931631594778148
0.037250000000000005,0.00817029940595944,0.004054156222384104
0.03726,0.006224946979711525,0.004109571606283637
0.037270000000000005,0.008825232212693615,0.004499052048233326
0.03728,0.003491301516080954,0.005019310747730366
0.037290000000000004,0.004005413469244426,0.009485014232057838
0.0373,0.005149987995612714,0.0047934265467462
0.03731,0.007599589048057453,0.004540442930857037
0.037320000000000006,0.0065049839368614285,0.005962017125407314
0.03733,0.010139339226569432,0.006653984143982911
0.037340000000000005,0.010045799045609538,0.003026331318093686
0.03735,0.007725361947023654,0.005430665319276613
0.037360000000000004,0.007794686070748478,0.00787324096453539
0.03737,0.006652793411795589,0.004310374225763366
0.037380000000000004,0.008164202949579669,0.0015655795671289975
0.03739,0.006624408321518265,0.004854193835139993
0.0374,0.005259267676110719,0.007237311556214978
0.037410000000000006,0.004977378189230008,0.004852051885185996
0.03742,0.0076900486182773335,0.007831305682179015
0.037430000000000005,0.007084498072404463,0.006997314453978856
0.03744,0.008508679944376674,0.00537252721402036
0.037450000000000004,0.0049303419763591615,0.002257055345578974
0.03746,0.007324260676565831,0.004041428415316438
0.03747,0.008951654577963913,0.00661914042536412
0.037480000000000006,0.0067457943689727675,0.002812606897924409
0.03749,0.008138372865002238,0.0030927393410551587
0.037500000000000006,0.005601860774890139,0.003170412375576508
0.03751,0.006843674881192025,0.00747023427027693
0.037520000000000005,0.007112484940637822,0.0042440180991423
0.03753,0.0040732280310416995,0.006235310667337892
0.037540000000000004,0.0055655413457025744,0.005366702882379753
0.03755,0.006419807450884993,0.006808628362039312
0.03756,0.006815667484905397,0.0050150276254498985
0.037570000000000006,0.008103531613562935,0.009347367243844266
0.03758,0.008910829694867962,0.004956881344897017
0.037590000000000005,0.007142231799058165,0.004084981448964759
0.0376,0.005237745865015962,0.00402980574153251
0.037610000000000005,0.005595342271787954,0.006442651163630151
0.03762,0.004999154885941343,0.007802942733783444
0.037630000000000004,0.008647543249082294,0.005178132419645953
0.03764,0.007145995065029376,0.004023173826762077
0.03765,0.00768743550753471,0.007314528992973746
0.037660000000000006,0.005742864087953505,0.002072167645061305
0.03767,0.008557525337095872,0.005788291663797867
0.037680000000000005,0.00491260452911851,0.0036733850022558088
0.03769,0.005436708380634887,0.003691711371445079
0.037700000000000004,0.006509467711922143,0.004608289603331329
0.03771,0.005857163698095912,0.0036256650125163917
0.037720000000000004,0.006703101608009934,0.005477984298397923
0.03773,0.006529998012555701,0.007460543990358538
0.03774,0.008180688807822469,0.0019621270830862078
0.037750000000000006,0.008213892710205617,0.006355515753529408
0.03776,0.006298892552675468,0.002154641744030506
0.037770000000000005,0.007186422828893145,0.0051302288849722835
0.03778,0.004928925172209485,0.002243817164036189
0.037790000000000004,0.0069990404040936325,0.004680710760691498
0.0378,0.00634154813706642,0.004980653363453855
0.03781,0.004972459012238527,0.004278443435584812
0.037820000000000006,0.008246596237209072,0.0044487544695007274
0.03783,0.003837937174910531,0.0042039201844591145
0.037840000000000006,0.0050435026628968226,0.005684187583650359
0.03785,0.007823433399476382,0.001832976132794669
0.037860000000000005,0.008705725070570238,0.00292676331437066
0.03787,0.010308005783446341,0.005054194063911338
0.037880000000000004,0.004698797817369505,0.002868385269838799
0.03789,0.007889720551388956,0.00437036859236936
0.0379,0.007002168845859378,0.008379139941436591
0.037910000000000006,0.0057989367803534635,0.005274116438549369
0.03792,0.010039063676232737,0.005695829064750368
0.037930000000000005,0.003988120574934117,0.006166191671791262
0.03794,0.004877273228269564,0.007969640384458316
0.037950000000000005,0.005559498188588922,0.011095656165611773
0.03796,0.010141941389094985,0.0035640239787624256
0.037970000000000004,0.0072491745979531156,0.006665149794260865
0.03798,0.008778427076123245,0.006043146009307772
0.03799,0.009717384908090793,0.004913148000142758
0.038000000000000006,0.0064815937728281885,0.004465970467622402
0.03801,0.00893373942164827,0.005890673220450906
0.038020000000000005,0.007801525711284518,0.00675139248135822
0.03803,0.0031188205634517024,0.005781674620527575
0.038040000000000004,0.0076600317358018885,0.008499766272558738
0.03805,0.004167688154651083,0.008277136659449529
0.038060000000000004,0.007377654122974962,0.006141355888625949
0.03807,0.010580646773714267,0.0062855129441110845
0.03808,0.008031520700817692,0.005649186508996501
0.038090000000000006,0.0062658043679376515,0.005108239766475002
0.0381,0.005803713216966234,0.005076698243875443
0.038110000000000005,0.002564857064258191,0.006024525354534058
0.03812,0.006995225260454089,0.004494653072495705
0.038130000000000004,0.007680198848681001,0.002300547176402678
0.03814,0.011101207192584355,0.004962754726253618
0.03815,0.006952964460340636,0.0032381120065665915
0.038160000000000006,0.007294533829174548,0.007943439136008958
0.03817,0.009320462834829716,0.006879009937718344
0.038180000000000006,0.008343419287344465,0.004453664611950807
0.03819,0.0043522876369967,0.004769287506965152
0.038200000000000005,0.006782865250745326,0.007269569465967095
0.03821,0.007875384897829027,0.008397219330982449
0.038220000000000004,0.00965357855311356,0.004260220897663763
0.03823,0.003670342169638674,0.00794497857931925
0.03824,0.009981371731582013,0.0024420210779863365
0.038250000000000006,0.01028308368211139,0.00593929490324349
0.03826,0.007587978633835445,0.008405243527057495
0.038270000000000005,0.00995798361966846,0.006478955533618483
0.03828,0.008217054683658423,0.006409698976639568
0.038290000000000005,0.006472514609014891,0.005067324417275783
0.0383,0.005470005740974094,0.004512064841960793
0.038310000000000004,0.006543384517571153,0.003908150886756538
0.03832,0.007552159159044625,0.004531417313349951
0.03833,0.008285151130118795,0.0019353553334323652
0.038340000000000006,0.0070559892964369006,0.005443717542489348
0.03835,0.006663459262530352,0.004836446721804724
0.038360000000000005,0.0041162462433648565,0.005894804347554645
0.03837,0.008583972420404345,0.006169542901249167
0.038380000000000004,0.00936823843518817,0.0055861458571965445
0.03839,0.008250172211995496,0.005495886613830103
0.038400000000000004,0.008669938500398393,0.0020298645147635635
0.03841,0.005509704014686361,0.008358741910364136
0.03842,0.002378024877572893,0.004905205705408919
0.038430000000000006,0.009645478696588572,0.004999659362562597
0.03844,0.00649294057735818,0.00544564333602206
0.038450000000000005,0.006598757993223181,0.005249118417144023
0.03846,0.00594027360604458,0.007405387881608759
0.038470000000000004,0.010155604542773679,0.004921878168705438
0.03848,0.004538136579336207,0.004141592405033788
0.03849,0.006945180521931593,0.006200976594036326
0.038500000000000006,0.005299175521386768,0.0036521944596898887
0.03851,0.008338600076043022,0.007068957180310645
0.038520000000000006,0.0060761072524285545,0.002525325990438644
0.03853,0.01388958100048364,0.0067589893178182535
0.038540000000000005,0.0067893880450570635,0.0069310643035336945
0.03855,0.007076534998248387,0.006927936603375095
0.038560000000000004,0.007646289063581873,0.005376787858425222
0.03857,0.00710239506605509,0.002300102796633629
0.03858,0.011207806462799896,0.0033124191893907804
0.038590000000000006,0.004613629102779486,0.004770388996019671
0.0386,0.005412793952542979,0.005093305077601247
0.038610000000000005,0.008713328336519015,0.007187958522897045
0.03862,0.00896932688103618,0.004586710841656269
0.038630000000000005,0.00744111563298265,0.006014355449029276
0.03864,0.003828425414020592,0.006340389310444342
0.038650000000000004,0.004431471718276018,0.009280535838298245
0.03866,0.006539111905913836,0.00483071518403431
0.03867,0.005810801411616425,0.003941148540655816
0.038680000000000006,0.011900478039347507,0.007082451215911488
0.03869,0.0042559630607467095,0.008210761043036188
0.038700000000000005,0.00974293131326345,0.0046405338891428935
0.03871,0.007971921223885571,0.005173694396334371
0.038720000000000004,0.011305769493428366,0.0036116260884037216
0.03873,0.007654715019619966,0.004348539885719671
0.038740000000000004,0.0044986988801602665,0.009588731309590922
0.03875,0.005003734197286072,0.005646337597043381
0.03876,0.003887555588572579,0.004408562737333306
0.038770000000000006,0.008214985672775905,0.003557860622085414
0.03878,0.008546744745681383,0.004669871334458447
0.038790000000000005,0.009695400872031686,0.00793210045428884
0.0388,0.006203842920526121,0.005362669628353519
0.038810000000000004,0.007746339284419618,0.006448527955338417
0.03882,0.007410295011206101,0.005590876911355736
0.03883,0.006896820057145308,0.005441560528472797
0.038840000000000006,0.009981617185627588,0.006503873252827566
0.03885,0.008790353676103969,0.00665847356892586
0.038860000000000006,0.0070823322499936415,0.005850613332800372
0.03887,0.005221711670547854,0.007751201058358262
0.038880000000000005,0.0018282491999743918,0.005039915636594282
0.03889,0.0096780748754396,0.002487103405366961
0.038900000000000004,0.00819795743495274,0.0038539334070104648
0.03891,0.006662907573094276,0.0071079754255359276
0.03892,0.007798746287245707,0.0011480091494864746
0.038930000000000006,0.0054519015193496565,0.007168019913305102
0.03894,0.008304760032960216,0.008714247324488056
0.038950000000000005,0.010774293619882216,0.004534113833063277
0.03896,0.012417599717898402,0.005268191525350149
0.038970000000000005,0.005487914558576228,0.003952580724854017
0.03898,0.002901930783296278,0.008434526923309916
0.038990000000000004,0.010607036188410903,0.0031901026587968662
0.039,0.006963876703102201,0.005412961434106094
0.03901,0.005501074101353292,0.0017121712730113082
0.039020000000000006,0.007003201783224114,0.0045808456468937496
0.03903,0.006649233156456321,0.0056690659822300465
0.039040000000000005,0.01028723546881029,0.00461807795018982
0.03905,0.007771224531353345,0.006678634151310283
0.039060000000000004,0.008540768641082101,0.003996675951247239
0.03907,0.007627383163596544,0.006321232719252989
0.039080000000000004,0.005180074250003327,0.007753861362104066
0.03909,0.010302104624639168,0.003781853274417887
0.0391,0.007828418624814586,0.006512600927020563
0.039110000000000006,0.0063520039372873555,0.006191902917378949
0.03912,0.007771899055479687,0.002293469867379583
0.039130000000000005,0.008365867882137945,0.003029652571477925
0.03914,0.009328110298342998,0.003888146620202343
0.039150000000000004,0.00712929497331147,0.007975758149280329
0.03916,0.008446792283313825,0.0030728842210024023
0.03917,0.005426360905525186,0.004033858406896639
0.039180000000000006,0.008247649181192668,0.005949695724612238
0.03919,0.005774325286248873,0.002899309421113046
0.039200000000000006,0.00802586750383801,0.0048706407457321
0.03921,0.011779305186913808,0.0053082008631686935
0.039220000000000005,0.011095553709301598,0.0028948592147079854
0.03923,0.0043227987434682185,0.0029960891952690253
0.039240000000000004,0.009849662684280853,0.008749095878025885
0.03925,0.00590922464563318,0.004316394066740428
0.03926,0.005137804101957489,0.0016148800493329296
0.039270000000000006,0.008914773626763307,0.005684834156881778
0.03928,0.007501112448679641,0.0024393144744848973
0.039290000000000005,0.010762238045722877,0.0042333482614229714
0.0393,0.008551767680368322,0.0023315733069891043
0.039310000000000005,0.007105656553432395,0.005824079601549783
0.03932,0.008143051427321423,0.0055512625391691325
0.039330000000000004,0.008480141993804724,0.002981559496674939
0.03934,0.007888040202380556,0.005470750924561351
0.03935,0.007958840308345616,0.005388561334308026
0.039360000000000006,0.004951271310608574,0.0026089069311242257
0.03937,0.003071364378544067,0.006880211184704374
0.039380000000000005,0.009157421638438532,0.006932878671524912
0.03939,0.008117894392709343,0.00098017577250356
0.039400000000000004,0.005453103316590676,0.005587881357175013
0.03941,0.007779772125076135,0.00480219060532207
0.039420000000000004,0.008248784335004028,0.005271627152621411
0.03943,0.007754706663762999,0.003970829973599098
0.03944,0.00947940550557506,0.004388054520702646
0.039450000000000006,0.004856305168589254,0.0037082370084157313
0.03946,0.006822892757267403,0.007238878104372326
0.039470000000000005,0.007437512955987153,0.004879213781279379
0.03948,0.005026947927150754,0.006823113288844167
0.039490000000000004,0.006222598306858881,0.005052730480079421
0.0395,0.010489098624773008,0.006270951148045736
0.03951,0.0042744562530272895,0.0017150425008411476
0.039520000000000007,0.007404577350490147,0.00282922043141612
0.03953,0.00883252767657336,0.005339866679143512
0.039540000000000006,0.007868441681733819,0.0038424932748131347
0.03955,0.011022679451937733,0.010941806384248562
0.039560000000000005,0.006984984730335329,0.0059633369168427845
0.03957,0.007739232942782002,0.004738524386981724
0.039580000000000004,0.00588250344583381,0.0030886020352313
0.03959,0.0052776980242643,0.006069658160508409
0.0396,0.00651179382582975,0.00010323271164932799
0.039610000000000006,0.008443111506804194,0.005183936353238475
0.03962,0.010248995411779684,0.006007344422715835
0.039630000000000006,0.0046005586232837695,0.0008023872619868063
0.03964,0.006121219521277775,0.004012166821934417
0.039650000000000005,0.009448743236698153,0.005245281123996402
0.03966,0.009832064449913866,0.002613998408220641
0.039670000000000004,0.009497480919359036,0.006706284563753105
0.03968,0.0035327507060741456,0.007910183883312412
0.03969,0.007758404775867052,0.006049679359481782
0.039700000000000006,0.005843966519544504,0.007816726736017769
0.03971,0.00520432713027708,0.006931059313247578
0.039720000000000005,0.009219521880836896,0.003319183194800372
0.03973,0.011547331367673025,0.005731217994967518
0.039740000000000004,0.008890648732361714,0.00221456263641524
0.03975,0.011820604967659496,0.0028203337487823364
0.039760000000000004,0.00963720138748288,0.00328054780553208
0.03977,0.006351736590712894,0.006848243151773022
0.03978,0.00964710741603467,0.0027288105992516105
0.039790000000000006,0.009775236240571208,0.007361984332523064
0.0398,0.0057206771237226384,0.0084699629859439
0.039810000000000005,0.004685162852747142,0.004023767301869385
0.03982,0.008559179657834537,0.0035668247792708845
0.039830000000000004,0.008131111017701798,0.005756754600554155
0.03984,0.007231624883191859,0.006940048827852404
0.039850000000000003,0.007151354558141999,0.005738975409907972
0.03986000000000001,0.00990332476631079,0.006857911428260402
0.03987,0.009184722612038577,0.0029788257544575737
0.039880000000000006,0.008664582355432993,0.0035208335428241937
0.03989,0.005054478577594878,0.005135064813691434
0.039900000000000005,0.005811031659031956,0.006860359541502874
0.03991,0.009251008613144717,0.001474518445023094
0.039920000000000004,0.005967650446032938,0.0023608446050535177
0.03993,0.006701316977234206,0.006191416537011001
0.03994,0.007144321516891926,0.004102194182143885
0.039950000000000006,0.010231575131101922,0.000672646002752869
0.03996,0.010107292413948001,0.004194431664806624
0.039970000000000006,0.007479659345149579,0.004228929697997616
0.03998,0.010723984507771435,0.0028223477217397272
0.039990000000000005,0.007664014164144312,0.006339830581019774
0.04,0.004420871217469355,0.0034458057188399374
0.040010000000000004,0.007348857219165362,0.003512920993725562
0.04002,0.006016370484887494,0.004587174961680645
0.04003,0.008949058643891016,0.0046021141806419875
0.040040000000000006,0.009809092538801533,0.0032926838379191523
0.04005,0.005150742018033134,0.00914154010624469
0.040060000000000005,0.006341018896532342,0.0026676753953986704
0.04007,0.004175178108861637,0.007440356655529341
0.040080000000000005,0.006979030035193607,0.00478338084022783
0.04009,0.007345590948931484,0.0073173368666837055
0.040100000000000004,0.007307292251150927,0.009980209666981814
0.04011,0.007936232857548822,0.007416322880649955
0.04012,0.009281553462867272,0.005220510169534646
0.040130000000000006,0.0064994960638653405,0.005957984356859106
0.04014,0.008696002042355879,0.004149536319964195
0.040150000000000005,0.008010851115030856,0.007767770516502663
0.04016,0.011820439927584515,0.007004751572183403
0.040170000000000004,0.011408437155631383,0.004037917108768404
0.04018,0.009089057891516168,0.007974357376697976
0.040190000000000003,0.0058950046010809295,0.00432679119291949
0.04020000000000001,0.011165860949431282,0.003348426992493175
0.04021,0.0050101738023101364,0.008355241368451508
0.040220000000000006,0.010088345046593028,0.006164172456758663
0.04023,0.007605784107534315,0.004423536936179245
0.040240000000000005,0.008263492679863059,0.008460854072236994
0.04025,0.00817911879922376,0.009635813133887183
0.040260000000000004,0.005908496493688535,0.00526318776507973
0.04027,0.006960659355072965,0.003132921094608194
0.04028,0.007403007761291982,0.006138517924774739
0.040290000000000006,0.00876003643968948,0.009645419053660145
0.0403,0.008642914191363881,0.007605443911716301
0.040310000000000006,0.007848573240405547,0.008661937348590783
0.04032,0.012515691142745033,0.006368652488183059
0.040330000000000005,0.005735884696417195,0.004209528494914924
0.04034,0.008287483825600763,0.006220791161377619
0.040350000000000004,0.009122880320085095,0.006228847240389814
0.04036,0.0077424170603559795,0.004036712019703528
0.04037,0.00853314327545697,0.009019740878851061
0.040380000000000006,0.00977314584158874,0.006379831563028224
0.04039,0.009794846713076271,0.004568953344385472
0.040400000000000005,0.006721609169035871,0.0038161691709339453
0.04041,0.0074899951766998684,0.004468385803256924
0.040420000000000005,0.010159549234042952,0.0043624092183343465
0.04043,0.006139990024460616,0.009198869108883073
0.040440000000000004,0.006845119076808501,0.005621430604230983
0.04045,0.008652953652633816,0.0030416466318694177
0.04046,0.01022371639267912,0.006589930372474435
0.040470000000000006,0.010871960118554862,0.003957908081605719
0.04048,0.007955889315713468,0.005395723373359073
0.040490000000000005,0.008287862754538853,0.002408442516974733
0.0405,0.007984208961682109,0.0024654045859613134
0.040510000000000004,0.008481657192812058,0.0010616947988656318
0.04052,0.004064270639908935,0.006956751364784377
0.040530000000000004,0.006676225072422595,0.0033445989140441596
0.04054000000000001,0.010314053319843475,0.005976228871267979
0.04055,0.009519004988515552,0.004989153913666926
0.040560000000000006,0.013136546934205441,0.004113272205779038
0.04057,0.011268748027620224,0.005200229962680119
0.040580000000000005,0.004473205959452527,0.006289321898248416
0.04059,0.008414224134802783,0.003221643390537595
0.040600000000000004,0.005942735166837965,0.005275554594003195
0.04061,0.00848914651179178,0.00038428642496743815
0.04062,0.009898373401887694,0.004337280403548957
0.040630000000000006,0.005131117603335612,0.007209073064939741
0.04064,0.00774986115273572,0.0077599353773673465
0.040650000000000006,0.008675488645532227,0.005325238931090405
0.04066,0.007496613710592001,0.006294357823206858
0.040670000000000005,0.006977503041322354,0.0036244517421428414
0.04068,0.009026878244487212,0.005041286107231176
0.040690000000000004,0.007876692221849701,0.007509686586367173
0.0407,0.007584303127529038,0.00536166014304501
0.04071,0.0066152592326103495,0.006193737792306994
0.040720000000000006,0.008516718493084356,0.0071344740752985435
0.04073,0.006661311910109713,0.004417956015418378
0.040740000000000005,0.009406353807497712,0.005838682360228935
0.04075,0.006012154695095105,0.007948031144416794
0.040760000000000005,0.0044302042666602235,0.006904159427978041
0.04077,0.005299198309676905,0.009107834124501574
0.040780000000000004,0.00474294243284255,0.007641425823453363
0.04079,0.007671395202925102,0.004604387066826263
0.0408,0.008207981808045373,0.006602060830756031
0.040810000000000006,0.006030914603043843,0.0037073529077039677
0.04082,0.009141454995535415,0.0019249109165310144
0.040830000000000005,0.006676319286122601,0.011421639458651999
0.04084,0.005911286304713048,0.007636540121595792
0.040850000000000004,0.006677948016641103,0.006359694077181546
0.04086,0.009161100818845087,0.007600186769760529
0.040870000000000004,0.007454424235642332,0.009320712351537794
0.04088000000000001,0.006678803784378572,0.00581205393921749
0.04089,0.00835057837957555,0.003100347173998478
0.040900000000000006,0.00729083018873844,0.005667980978674623
0.04091,0.007000885382623801,0.010227472742366926
0.040920000000000005,0.006190435483173927,0.007705144844481385
0.04093,0.009583160414150202,0.005319243001965447
0.040940000000000004,0.006142383238312128,0.0038111282595279503
0.04095,0.0068394299111371884,0.0017768282328588518
0.04096,0.005870999431630255,0.0023840299301058116
0.040970000000000006,0.010572248678073617,0.006586580177873625
0.04098,0.009455017877505112,0.006527991997169196
0.040990000000000006,0.008219578558811402,0.008272361728598453
0.041,0.006666694262117894,0.005565013615139772
0.041010000000000005,0.009384916124504185,0.0027099293511145214
0.04102,0.014086557795029108,0.005410153121704722
0.041030000000000004,0.008179943081184386,0.007867451712271031
0.04104,0.009728461671541986,0.005430526012482933
0.04105,0.008161399360213576,0.002346747509109506
0.041060000000000006,0.006790801064640044,0.006390139873736019
0.04107,0.00879411309740425,0.007798726085487782
0.041080000000000005,0.007667922769346236,0.00258249697688108
0.04109,0.010024985886165063,0.008229924389125697
0.041100000000000005,0.00971061698635447,0.00503115432337627
0.04111,0.010005505442502617,0.012216918865304231
0.041120000000000004,0.008149646152699292,0.002736301045418443
0.04113000000000001,0.0067493823016372915,0.006611403228120529
0.04114,0.00471495735262672,0.005699934452482812
0.041150000000000006,0.008687855550408182,0.008432049135533547
0.04116,0.010550190943835967,0.007091652871326644
0.041170000000000005,0.003607064904182459,0.007205267455062225
0.04118,0.009346074107295974,0.005875728144059034
0.041190000000000004,0.004477230214285701,0.003810970042822326
0.0412,0.0056066587853152265,0.0013351797344011195
0.041210000000000004,0.007937106610745088,0.003770231404241124
0.04122000000000001,0.01319618339967848,0.005029011084023721
0.04123,0.010535716617814175,0.002229036511917548
0.041240000000000006,0.006890671947401639,0.005561710194979984
0.04125,0.006137186786935578,0.004524193238684604
0.041260000000000005,0.0075202391928476916,0.004901459087136089
0.04127,0.011669027234078557,0.006126408363544578
0.041280000000000004,0.008920463063108808,0.006449946361527315
0.04129,0.009189349312731089,0.005205544151320228
0.0413,0.0073252612126203705,0.005705631830994893
0.041310000000000006,0.0102830220327061,0.007625157968954707
0.04132,0.007491280149683844,0.006909051149357813
0.041330000000000006,0.007585573533155003,0.00544178731522981
0.04134,0.007030364651414743,0.005011438683865905
0.041350000000000005,0.010662742911160662,0.005560254291241667
0.04136,0.008253321954098981,0.0024816597630835345
0.041370000000000004,0.007366946099213655,0.004894149129884567
0.04138,0.006329826738796982,0.005420793667882141
0.04139,0.007132431747332639,0.005538138753978911
0.041400000000000006,0.008236487793620418,0.003467322819369483
0.04141,0.007198766488503626,0.0055342648851575355
0.041420000000000005,0.010367460033777628,0.005893639743539531
0.04143,0.0066776847733555755,0.00617889628903327
0.041440000000000005,0.011419349722529167,0.007214985383201937
0.04145,0.009102004669669502,0.006833438751944429
0.041460000000000004,0.01088956221604555,0.007534198248046516
0.04147000000000001,0.009145880284562667,0.007520915654897525
0.04148,0.005851765588970594,0.002379787564018173
0.041490000000000006,0.008331976217284976,0.005522366638858143
0.0415,0.006932672824103268,0.0070373980085507585
0.041510000000000005,0.004297482659312011,0.004316835905202193
0.04152,0.007056018534826304,0.0021144648952310446
0.041530000000000004,0.011018114328111454,0.0026693542765119636
0.04154,0.006854697789926775,0.00720440497876206
0.041550000000000004,0.009326197089712478,0.0031727850210093445
0.04156000000000001,0.009401816232410183,0.0059693926242467945
0.04157,0.012705643267256131,0.006198394054754824
0.041580000000000006,0.007759825753552117,0.003678199167416756
0.04159,0.006556562843358996,0.0037403550537206494
0.041600000000000005,0.010789990321025195,0.005428523542270998
0.04161,0.00918103299686959,0.008421769684977688
0.041620000000000004,0.0033363594654609178,0.00795171309300963
0.04163,0.008166833525096636,0.0062647536919174795
0.04164,0.006401988165859584,0.0038850998438229555
0.041650000000000006,0.009039244258465922,0.010165236241144274
0.04166,0.010070939941109282,0.007927778791381263
0.041670000000000006,0.007683074584262001,0.004197017116362153
0.04168,0.0065082340091204395,0.004421571042681837
0.041690000000000005,0.003967048817153869,0.003948973043013901
0.0417,0.006954680131861624,0.0050487889275382435
0.041710000000000004,0.00834166241879152,0.006125100872549064
0.04172,0.008051090210127586,0.004238007133652841
0.04173,0.004157005430184096,0.004250970573278706
0.041740000000000006,0.006141606214624376,0.006334416083721039
0.04175,0.009907870073859671,0.007280119832338358
0.041760000000000005,0.009605991566013996,0.005136621652978122
0.04177,0.00705096880453887,0.0039101633574617585
0.041780000000000005,0.005082678978112341,0.007388772322612133
0.04179,0.007751054651033174,0.0029130807076838444
0.041800000000000004,0.0064502969364738936,0.003672511072560581
0.04181000000000001,0.008192134670034346,0.007542090695881704
0.04182,0.007412915669728362,0.0009027852909472391
0.041830000000000006,0.007733346230032788,0.0050961621662002745
0.04184,0.007664681638149059,0.004154325599077061
0.041850000000000005,0.008552218535115142,0.005542228448363057
0.04186,0.008070501098775735,0.006235927548040864
0.041870000000000004,0.00726332051958231,0.004438172414548679
0.04188,0.010886060275155308,0.006530753824534357
0.041890000000000004,0.009782536445021122,0.007864951749938228
0.04190000000000001,0.009183366414380636,0.007270219835378203
0.04191,0.0049756245676435,0.005822450443260305
0.041920000000000006,0.00777171792129182,0.008770211428215735
0.04193,0.009995288981986058,0.00415465373762336
0.041940000000000005,0.00888843243507154,0.005751607985209212
0.04195,0.009054356315991219,0.003379261905632932
0.041960000000000004,0.008868578849755254,0.0049613459995122644
0.04197,0.0087163010607921,0.003969580549851802
0.04198,0.006984133953004717,0.007766737431805212
0.041990000000000006,0.006054027097867665,0.0034642474296004014
0.042,0.008056824780431395,0.003876678652232509
0.042010000000000006,0.006392798278160774,0.005631314846919794
0.04202,0.005155595250170175,0.0034059422682266548
0.042030000000000005,0.012276792730555014,0.0063415210218691325
0.04204,0.0066783526463219485,0.006259705559343114
0.042050000000000004,0.00930902128241142,0.007412809075550638
0.04206,0.007922932444535388,0.007377680807834081
0.04207,0.00410323883215498,0.003312774643293964
0.042080000000000006,0.008510765273361573,0.006085363807539031
0.04209,0.006362351698072251,0.005945642898531805
0.042100000000000005,0.0069411328011737515,0.004873591238721972
0.04211,0.010241261152714905,0.007246091269899289
0.042120000000000005,0.006200496383286571,0.0033144205394903077
0.04213,0.007375176973433755,0.0053761383877448735
0.042140000000000004,0.006884636759938546,0.007511623742092683
0.04215000000000001,0.008898126645208221,0.006243217283179367
0.04216,0.005673185786908643,0.007766337046363375
0.042170000000000006,0.0025688455477919266,0.007100575405383115
0.04218,0.010080729685733597,0.004568371359836875
0.042190000000000005,0.010760852939840427,0.005307688204510493
0.0422,0.008342825489993527,0.006113650805271596
0.042210000000000004,0.014594044774212141,0.008124171311391861
0.04222,0.009626093514758467,0.0036104051322075116
0.042230000000000004,0.008513950228772408,0.0038104768740266975
0.04224000000000001,0.00987393504485918,0.005718370316329961
0.04225,0.00598361607782056,0.005600397182376448
0.042260000000000006,0.006536773904934755,0.005741292457140895
0.04227,0.006520406945823905,0.005494547629071229
0.042280000000000005,0.009742457369797806,0.005334181076052454
0.04229,0.00746270051847464,0.005847550549953276
0.042300000000000004,0.009641805047162347,0.003227344967108044
0.04231,0.00877171821997093,0.00807750689575357
0.04232,0.00940068930070018,0.005558647654432435
0.042330000000000007,0.009535823216123281,0.006348846729934133
0.04234,0.009766526621021069,0.0013967054063663848
0.042350000000000006,0.005155391713167319,0.007454942092597674
0.04236,0.005254728590213701,0.006249076585788234
0.042370000000000005,0.007564173983213545,0.0034543367000220045
0.04238,0.008970562559476605,0.005849498432384296
0.042390000000000004,0.01249494150291781,0.004198525607218529
0.0424,0.011157473002539308,0.006153710794730692
0.04241,0.006958208979631378,0.007048075189733105
0.042420000000000006,0.009414733155102743,0.005521986532949855
0.04243,0.008818853692253449,0.004257043910211818
0.042440000000000005,0.00663769899829191,0.006970620710288155
0.04245,0.00784440811242144,0.005292289118494499
0.042460000000000005,0.00885494731458392,0.005983750919659803
0.04247,0.005439671798391921,0.008026397881593053
0.042480000000000004,0.008543713124395457,0.005049307025865288
0.04249000000000001,0.009166068380424173,0.005928418146545756
0.0425,0.009841532774433495,0.006532021677151258
0.042510000000000006,0.00974613436135236,0.008158763084313007
0.04252,0.010080728998416544,0.005136524139434693
0.042530000000000005,0.006070719081332715,0.008793814121311565
0.04254,0.007844119642404227,0.00451272547252236
0.042550000000000004,0.00484916125850055,0.0061366089232935805
0.04256,0.008623440122920862,0.002430155623838019
0.042570000000000004,0.009235270543065907,0.004464724809601641
0.04258000000000001,0.01371241154673041,0.004323109793250148
0.04259,0.007464457477458532,0.0037130036278719236
0.042600000000000006,0.010893663336782732,0.0047177287596845904
0.04261,0.006891151689967562,0.006877915014738214
0.042620000000000005,0.0055833473862542116,0.006714951108494266
0.04263,0.011909929513489402,0.0065986710783503
0.042640000000000004,0.009626007106498254,0.007206301619533344
0.04265,0.011772710502378056,0.007886695255921028
0.042660000000000003,0.009235721444869657,0.007275416665218845
0.04267000000000001,0.006587603295843866,0.007020947952180179
0.04268,0.006351455948932738,0.004735043219612446
0.042690000000000006,0.00220054189055328,0.006272675042030776
0.0427,0.007081024180129608,0.007692834201135149
0.042710000000000005,0.009152259004000381,0.007719463989352025
0.04272,0.006207789899810167,0.007548773086066448
0.042730000000000004,0.012589808517171772,0.007001046806770654
0.04274,0.009961910325061692,0.005812655139004842
0.04275,0.007334994872754598,0.006996574495863414
0.042760000000000006,0.0053752903933159246,0.004639409850592142
0.04277,0.004848470050773516,0.004068338082297328
0.042780000000000006,0.009677804948738768,0.006487168713176622
0.04279,0.008498676940801505,0.005817915460778302
0.042800000000000005,0.004628258781171788,0.004732720812339083
0.04281,0.007040426960722191,0.004160458282985948
0.042820000000000004,0.009605433282583764,0.003758295692047214
0.04283000000000001,0.00720006388390133,0.0013059049259932821
0.04284,0.007824332491621521,0.0033051017864559966
0.042850000000000006,0.008574141696186834,0.0035792946457922246
0.04286,0.008627981041770458,0.005192873468917727
0.042870000000000005,0.011766144541283444,0.006477415596975549
0.04288,0.004745953434511512,0.0029539369888839243
0.042890000000000005,0.008538817129233659,0.003624754217491403
0.0429,0.002494839936847567,0.008184278576114302
0.042910000000000004,0.00987520427895648,0.006527875927400593
0.04292000000000001,0.007223293371101969,0.0063420123530264685
0.04293,0.0070324058069044975,0.0058971104414719
0.042940000000000006,0.006603150780729678,0.00852071017244166
0.04295,0.005307038492415866,0.007953438761732304
0.042960000000000005,0.008528541823295413,0.004510675345322096
0.04297,0.00878791818323857,0.006957043986400676
0.042980000000000004,0.011190611799145427,0.006117373057922643
0.04299,0.0066789359619000965,0.005603086703203526
0.043000000000000003,0.01209712824062845,0.008187922475952614
0.04301000000000001,0.010284286194112391,0.0070846806005024085
0.04302,0.00986888073280489,0.007811556891520169
0.043030000000000006,0.00755994814454895,0.002784616160945286
0.04304,0.008614441740062784,0.003860366597528286
0.043050000000000005,0.006369626116164767,0.004055714505932989
0.04306,0.013453532237608737,0.005769263225567742
0.043070000000000004,0.009209960703752107,0.00305303105284386
0.04308,0.004801883644392596,0.00386039450202918
0.04309,0.011369029159412167,0.006167794254663265
0.043100000000000006,0.009693080502597214,0.006977119348839598
0.04311,0.007316447802168233,0.00827666280084401
0.043120000000000006,0.007236791524382868,0.008313941129277367
0.04313,0.009390275122847812,0.001924131296366362
0.043140000000000005,0.007012919859512717,0.0019330901503338042
0.04315,0.010838775062542898,0.00545424240366691
0.043160000000000004,0.004058801831134955,0.006255953456743798
0.04317000000000001,0.007444438057930635,0.002537594850975994
0.04318,0.01187798209368166,0.005720525581547619
0.043190000000000006,0.007938475425308532,0.004707851997138138
0.0432,0.005502071082772306,0.00289835189201374
0.043210000000000005,0.011101759370778678,0.004560432506872538
0.04322,0.008579360979475346,0.0014202862733702047
0.043230000000000005,0.005902345287079014,0.006729321669794698
0.04324,0.009297260672342666,0.009017196857591208
0.043250000000000004,0.011231061629098716,0.005049774771976933
0.04326000000000001,0.009494371937178612,0.0048787405155351175
0.04327,0.01266140432307652,0.007810727906317498
0.043280000000000006,0.00889447878964865,0.005914239626201647
0.04329,0.011448137156647546,0.006673357723167773
0.043300000000000005,0.011679024650516543,0.0011276585800604417
0.04331,0.009487561241687632,0.004484837538894613
0.043320000000000004,0.012081200872355284,0.008609257911253455
0.04333,0.008637460777856019,0.008588476196947656
0.043340000000000004,0.012141366554405527,0.005666781720365261
0.04335000000000001,0.013522357514351466,0.005456040643998715
0.04336,0.008152804632289436,0.007251223135874147
0.043370000000000006,0.007877625750681606,0.005690912957110993
0.04338,0.01140744086574884,0.005559426995128331
0.043390000000000005,0.005201905369216496,0.0062563843908320675
0.0434,0.00720272687560444,0.007253044694342478
0.043410000000000004,0.009991070693127857,0.008466060281800568
0.04342,0.010417137248272241,0.007704505800508897
0.04343,0.007267264677308942,0.007132748315628892
0.043440000000000006,0.012545750501148641,0.004148234041080202
0.04345,0.012211718412951728,0.0044275926552306095
0.043460000000000006,0.006911697436991979,0.006119453149321216
0.04347,0.0100508630557876,0.0073513123821602406
0.043480000000000005,0.0066989238856036614,0.0063976526478836376
0.04349,0.007254750303343233,0.002551488708879819
0.043500000000000004,0.0067718017583227605,0.00402829370617534
0.04351000000000001,0.009675883885486946,0.007835283431646056
0.04352,0.00568970372115798,0.0062355403726400945
0.043530000000000006,0.006286148274663634,0.006790551613200699
0.04354,0.00739751540712256,0.0034304857832503774
0.043550000000000005,0.010245741788854838,0.004360062086650733
0.04356,0.00801792531908636,0.0010946930557382932
0.043570000000000005,0.010546400691390737,0.007177252662514072
0.04358,0.008667662695516127,0.00248103858375456
0.043590000000000004,0.011078938702248353,0.004204438997953023
0.04360000000000001,0.007756951092796822,0.01016181964647558
0.04361,0.007259847069591122,0.007022917681522089
0.043620000000000006,0.009794770772797775,0.006319608826131943
0.04363,0.009238057959215307,0.006292808709604636
0.043640000000000005,0.009221413024771821,0.005436962476444226
0.04365,0.011703577411887872,0.0029162461442496295
0.043660000000000004,0.010727411053165076,0.007187020399725151
0.04367,0.010084781138675124,0.00777706365975271
0.043680000000000004,0.008506276534518102,0.0018059261215344
0.04369000000000001,0.008550386821584334,0.003562255774223025
0.0437,0.007234754932959579,0.0030605752666367993
0.043710000000000006,0.007747289251959449,0.004352938100689197
0.04372,0.003950349338499319,0.0069474006560818575
0.043730000000000005,0.013149647166051683,0.006760203036861741
0.04374,0.008306674419711918,0.0054390081473455745
0.043750000000000004,0.007874073919431722,0.005729356868726244
0.04376,0.00864555723883893,0.0038679500769463492
0.04377,0.01208888243418962,0.0025765121785233827
0.043780000000000006,0.010163305438725165,0.005349199583952602
0.04379,0.012531847154219306,0.006234098703171281
0.043800000000000006,0.00801391810617658,0.005057730252335425
0.04381,0.008817092719759136,0.003268338883185898
0.043820000000000005,0.007207094933420298,0.001984808439218563
0.04383,0.006898439351664702,0.005743285926802981
0.043840000000000004,0.009348306932640887,0.0015975906418345563
0.04385000000000001,0.008477101643648233,0.006683847485293966
0.04386,0.008429273417780193,0.004290228328407429
0.043870000000000006,0.007934352817510747,0.004477057431829176
0.04388,0.007488795849913176,0.005907010200619794
0.043890000000000005,0.013381219850760975,0.0040727428122130805
0.0439,0.008133149132979753,0.0054575267517365566
0.043910000000000005,0.007398321117685444,0.0077581747115933915
0.04392,0.004034859422232735,0.004500365728472754
0.043930000000000004,0.010416862427552728,0.004975076908790938
0.04394000000000001,0.007142166436204731,0.006445560983471244
0.04395,0.010600144845941453,0.00598610080777203
0.043960000000000006,0.007188636308358925,0.006478019493153965
0.04397,0.007990601721237172,0.007056770051947157
0.043980000000000005,0.011764846035657818,0.00035602670693442567
0.04399,0.009024095816263455,0.002096496772456124
0.044000000000000004,0.013689175313665439,0.004632500505734146
0.04401,0.010301986578455644,0.005498901281096941
0.044020000000000004,0.007206717573312966,0.003726214833929391
0.04403000000000001,0.011987896418550663,0.007482983478730373
0.04404,0.012707362291881756,0.005682800961927806
0.044050000000000006,0.009399694121126023,0.005038298597749248
0.04406,0.008253355960214773,0.00348969580682335
0.044070000000000005,0.008999210972004163,0.003995764931059361
0.04408,0.00971868340371407,0.005915067515248296
0.044090000000000004,0.009413909371129668,0.008926096421596436
0.0441,0.008766793873468019,0.00709008052239497
0.04411,0.012948937964909125,0.008190651140368894
0.044120000000000006,0.01115595248161694,0.004964831567524086
0.04413,0.009312598037778825,0.002942446924066659
0.044140000000000006,0.009854844374234416,0.00612871188677294
0.04415,0.008907494281789918,0.0076349736463915685
0.044160000000000005,0.0064488876691172065,0.008851102826616171
0.04417,0.010671684805482055,0.005440902736499898
0.044180000000000004,0.00857441921260355,0.006544187216020398
0.04419000000000001,0.011917308663882256,0.005786974831928405
0.0442,0.009167400678011054,0.005620791479228489
0.044210000000000006,0.012447124646460993,0.004847583969034206
0.04422,0.008827803653482907,0.008513017656967426
0.044230000000000005,0.009184587840241442,0.00786106076578446
0.04424,0.007071758284134384,0.005177155224502874
0.044250000000000005,0.011866943612397748,0.004235858584228121
0.04426,0.008599239516254041,0.006102706752575225
0.044270000000000004,0.00692729555285395,0.004762514856742813
0.04428000000000001,0.009134649888403523,0.005684297894780312
0.04429,0.011473857455324725,0.008674648678986912
0.044300000000000006,0.007204765521677332,0.0058150717220430545
0.04431,0.010269218707857105,0.008626030542337869
0.044320000000000005,0.010361494494463887,0.0061759638747299825
0.04433,0.01026139576632926,0.006942476735929508
0.044340000000000004,0.007076683924285464,0.0059813391840210645
0.04435,0.01185424131794603,0.005181831130548641
0.044360000000000004,0.00919862445989561,0.0051123153761287125
0.04437000000000001,0.004315829063655091,0.005639332776352283
0.04438,0.009550953841422282,0.004573970327426132
0.044390000000000006,0.006641923063143054,0.0038385494186799728
0.0444,0.010483404239921845,0.009545617656292926
0.044410000000000005,0.01172373281256129,0.002912682416547276
0.04442,0.010671962961757691,0.00427585653580811
0.044430000000000004,0.007802021522820865,0.004679037499069841
0.04444,0.010382541962503327,0.007522303403024713
0.04445,0.008778203453480094,0.005442463671917169
0.044460000000000006,0.009906655744598524,0.006741403286647242
0.04447,0.011334447473143987,0.0030374798612742217
0.044480000000000006,0.009025923690746169,0.0034709852174045733
0.04449,0.008887862565158023,0.005155494104095075
0.044500000000000005,0.008900131498911997,0.0040091701680582525
0.04451,0.006022939285697309,0.0014205927114057642
0.044520000000000004,0.008739052221641883,0.004748277930642764
0.04453000000000001,0.007653436062016556,0.008256190003547943
0.04454,0.007290339093634348,0.008445574737030023
0.044550000000000006,0.01226081225629354,0.0017109196945249935
0.04456,0.0092018022220199,0.004814142263461211
0.044570000000000005,0.003197351197425288,0.0027250679189012982
0.04458,0.01057475634134614,0.009653564674441326
0.044590000000000005,0.010834170721115775,0.006263247423304257
0.0446,0.008990085260275801,0.008982125183318824
0.044610000000000004,0.013333169305447229,0.004443931438412134
0.04462000000000001,0.005040663960046103,0.0014220598832613302
0.04463,0.011688350556256211,0.005525136310718095
0.044640000000000006,0.009415029207280547,0.0020387705601539632
0.04465,0.00754612970941773,0.005029930644624114
0.044660000000000005,0.00947215179563502,0.004824528494737507
0.04467,0.006985795482599891,0.0040533994625065895
0.044680000000000004,0.011481072668906345,0.006112924138301643
0.04469,0.010292723307403379,0.0038264293061914525
0.044700000000000004,0.0031647517090274465,0.004578790921732051
0.04471000000000001,0.007343251958382606,0.006323847260253554
0.04472,0.015651840294310725,0.0070169785269125875
0.044730000000000006,0.014556318409003736,0.006765010233459858
0.04474,0.007828636273252807,0.006324127933800666
0.044750000000000005,0.012653702051710224,0.0092882464899022
0.04476,0.007945771678571542,0.006136314794534846
0.044770000000000004,0.00624193968614385,0.007280111345827154
0.04478,0.012211215354759209,0.005711200286674717
0.04479,0.007773775850856722,0.006352691152948382
0.044800000000000006,0.009947505528464814,0.005795545377260111
0.04481,0.009474066735295812,0.0052864570682746755
0.044820000000000006,0.011112600890206416,0.00710737130895208
0.04483,0.007158544824388102,0.0036145654567428867
0.044840000000000005,0.008620067918916539,0.007110251752015557
0.04485,0.009429002776021015,0.004351108121891984
0.044860000000000004,0.00966000190957193,0.0049766199402949875
0.04487000000000001,0.010902019988724063,0.006305190486832257
0.04488,0.00851457864149405,0.006102944399595452
0.044890000000000006,0.011779324691257587,0.004501480543952316
0.0449,0.009958641710753,0.005500654461689342
0.044910000000000005,0.01001139992165047,0.004333280310338518
0.04492,0.009382213869739362,0.007858892415906394
0.044930000000000005,0.0072916451452874065,0.0029852719099045274
0.04494,0.006586869749896659,0.0033035939308833574
0.044950000000000004,0.010364554904375569,0.0028340371048402014
0.04496000000000001,0.008582250779377777,0.006883173180352665
0.04497,0.010015498432747435,0.004876315324156651
0.044980000000000006,0.00956817233244224,0.0058625632684180945
0.04499,0.008741993241629147,0.005227443112329992
0.045000000000000005,0.013665486044589854,0.007268574915359897
0.04501,0.014160094783082694,0.0046568680180066714
0.045020000000000004,0.009033027290001838,0.0029873845494704974
0.04503,0.007588000190191263,0.00945630479468737
0.045040000000000004,0.008167244312317221,0.009491884137492274
0.04505000000000001,0.006728773267505124,0.003547227132743385
0.04506,0.008537226055142242,0.005527509646410195
0.045070000000000006,0.011070059614130155,0.006557395239561416
0.04508,0.00839545688258646,0.005390068335467681
0.045090000000000005,0.008594169774071346,0.003828238650418345
0.0451,0.007460583817473875,0.007714160707112947
0.045110000000000004,0.005584399784908689,0.008893957754285775
0.04512,0.008558967025104062,0.004115071215100203
0.04513,0.010728705791149547,0.008631370299376344
0.045140000000000007,0.011488689736782614,0.0066654905690809434
0.04515,0.01143139539971472,0.002229641292810002
0.045160000000000006,0.00821825683940245,0.003841146942621539
0.04517,0.011715450834894189,0.004897382280616614
0.045180000000000005,0.01096124789668789,0.006736904100840587
0.04519,0.0075500882946601825,0.004492126336304898
0.045200000000000004,0.011866610918345177,0.004115930643670864
0.04521000000000001,0.009532990125391558,0.004102667198953321
0.04522,0.008659635910734521,0.005576280361416697
0.045230000000000006,0.007726098667573614,0.0037485654677262385
0.04524,0.009868675802150468,0.003980840334442373
0.045250000000000005,0.00767911750726983,0.0037930652923547233
0.04526,0.00914892607857287,0.007559431929108785
0.045270000000000005,0.012322115071809487,0.004221050223105208
0.04528,0.013614001102094646,0.003664335064116234
0.045290000000000004,0.011484804379582199,0.004231210925013032
0.04530000000000001,0.0075801947249092986,0.004185951225493369
0.04531,0.009221485924316843,0.0068362682470823125
0.045320000000000006,0.010670463598680376,0.0037892149016410474
0.04533,0.007355761300473518,0.0038447692357378195
0.045340000000000005,0.009116729589832713,0.005258597768458685
0.04535,0.007443452169199857,0.006218979385034467
0.045360000000000004,0.013873311601552585,0.004671204760445368
0.04537,0.008485527440036111,0.006800823180563904
0.045380000000000004,0.00823930181579476,0.007020294029198035
0.04539000000000001,0.007924238535077972,0.009347469978268545
0.0454,0.010055269689042924,0.0044440512352808895
0.045410000000000006,0.008192738399342264,0.004657364672772615
0.04542,0.012120029457780505,0.0031483298836439823
0.045430000000000005,0.008043061397358197,0.004563379183030139
0.04544,0.009351989717197164,0.0051453499884751164
0.045450000000000004,0.006405337213284167,0.0048887937637990654
0.04546,0.009193125061484316,0.004433113899869247
0.045470000000000003,0.010770217297722878,0.0075289975498800095
0.04548000000000001,0.00924433916550947,0.006152135673214383
0.04549,0.005083453182795454,0.004849719448620653
0.045500000000000006,0.011419667554372659,0.00484592500780688
0.04551,0.00793996620595945,0.01024904989674036
0.045520000000000005,0.013057115735266472,0.006629696430953727
0.04553,0.01170126079596739,0.0012435510236916258
0.045540000000000004,0.007852821345674088,0.004756382060700615
0.04555000000000001,0.008960455132739362,0.004717286407875924
0.04556,0.004336860314460687,0.006470101026876456
0.045570000000000006,0.010528725198449058,0.008902727410657837
0.04558,0.007869308948037933,0.003959482249847906
0.045590000000000006,0.004090475546631051,0.005113554331599077
0.0456,0.01125719164093059,0.00447803242274763
0.045610000000000005,0.013746387809451498,0.005189259322424875
0.04562,0.009758019381884194,0.0029771243857735718
0.045630000000000004,0.010043018706094432,0.0017455732177733378
0.04564000000000001,0.010860523703845722,0.007153952129651615
0.04565,0.012196267010387594,0.0036660420200623524
0.045660000000000006,0.009803371370241036,0.006834496969061173
0.04567,0.01037138000052799,0.003977150406544854
0.045680000000000005,0.0047074291675551685,0.006402555372512185
0.04569,0.009190976459752339,0.004576180131721463
0.045700000000000005,0.011028456074774724,0.005620569498783113
0.04571,0.00686677144844553,0.0018483919744716314
0.045720000000000004,0.0072518379204534016,0.01049820984147605
0.04573000000000001,0.010959927599897508,0.006090299358462956
0.04574,0.009155668518055486,0.005219178942070247
0.045750000000000006,0.011858005393169627,0.0047336642120857746
0.04576,0.010682084050057019,0.005018891397309846
0.045770000000000005,0.013413193057428895,0.0072012166447244135
0.04578,0.012028636765687738,0.0045487131431459354
0.045790000000000004,0.011658445496203932,0.00509327163757691
0.0458,0.009766899860603346,0.00898941635995178
0.045810000000000003,0.0074659438625840815,0.00612671174779035
0.04582000000000001,0.010432175092992909,0.0067611210509893925
0.04583,0.008659273040972762,0.009894537234579146
0.045840000000000006,0.006975662573913582,0.00864067729479959
0.04585,0.012000348754364544,0.009525582323943672
0.045860000000000005,0.006398461440466364,0.003987040740426082
0.04587,0.012563506762018763,0.001971525124323273
0.045880000000000004,0.006371414773578497,0.004749888325094194
0.04589000000000001,0.00997303902609427,0.008911855259952708
0.0459,0.009223245448520875,0.004511828781522656
0.045910000000000006,0.010221289954801436,0.0066684027617537125
0.04592,0.010485729511463837,0.005374140850954125
0.045930000000000006,0.005697824428921056,0.0038957855161810455
0.04594,0.012453292634116452,0.006106060355399198
0.045950000000000005,0.008972467064691712,0.007969165320436193
0.04596,0.007362045925341747,0.0052830384613731605
0.045970000000000004,0.00990257095083993,0.004851886989872445
0.04598000000000001,0.00983336181537414,0.005360162165519395
0.04599,0.0068379391972133545,0.006099414589952256
0.046000000000000006,0.006984717942616644,0.006068598641844321
0.04601,0.012394496531990979,0.005176232331880759
0.046020000000000005,0.007308069122576333,0.005485214205834135
0.04603,0.007991910821596207,0.006929119716055735
0.046040000000000005,0.009364700370018507,0.009160540867120603
0.04605,0.011991489071514804,0.005435766783994041
0.046060000000000004,0.011101567234736723,0.004956369181684327
0.04607000000000001,0.009743109307075996,0.005020888593975697
0.04608,0.011212961129555882,0.008610649308104575
0.046090000000000006,0.011282206548377138,0.007589462508341999
0.0461,0.011535845199545198,0.006849018486341665
0.046110000000000005,0.007416081480626665,0.009149367802963954
0.04612,0.013308358225307423,0.005280584468267696
0.046130000000000004,0.008963030829268224,0.0069740866815448214
0.04614,0.010810949748862507,0.005346291730839606
0.046150000000000004,0.007214177533239977,0.006362507536048868
0.04616000000000001,0.01082201404997239,0.007203669532167255
0.04617,0.010422646027025789,0.005210719818011858
0.046180000000000006,0.011716991465761507,0.005885570787392625
0.04619,0.008804075674474264,0.005393491506351422
0.046200000000000005,0.006246925383061612,0.005391239902707156
0.04621,0.011120685677294222,0.006436215680190154
0.046220000000000004,0.012790097634180837,0.005231626698745112
0.04623000000000001,0.010728359742596411,0.007343984578066032
0.04624,0.01444441905543388,0.0060489637159811555
0.046250000000000006,0.007675309814141397,0.007456219560166044
0.04626,0.013500125544043975,0.0051161947659393945
0.046270000000000006,0.011455828113414035,0.00821967924482906
0.04628,0.01181279788876474,0.00601427194415682
0.046290000000000005,0.00838672862626643,0.005601528386703802
0.0463,0.010705893986320832,0.007581465934946194
0.046310000000000004,0.010461607721244222,0.00500613918005598
0.04632000000000001,0.010909509111880942,0.007487060299176603
0.04633,0.010563009731291194,0.004095451811188984
0.046340000000000006,0.00944602502938919,0.007664404297532134
0.04635,0.007047856640155593,0.0015833442340840408
0.046360000000000005,0.012835120812236634,0.006793469154642226
0.04637,0.011037485683843835,0.003617943896509445
0.046380000000000005,0.011304160102255191,0.006323015253363078
0.04639,0.006665534862964474,0.008622025578403981
0.046400000000000004,0.010156650473260592,0.0049822325283689
0.04641000000000001,0.009088405922684322,0.001744899201253973
0.04642,0.011036168001111022,0.006300000821005179
0.046430000000000006,0.009466451740274976,0.008334201060504146
0.04644,0.007092019003324486,0.004584630778537834
0.046450000000000005,0.0081648534188809,0.005221531705885311
0.04646,0.0100049507341861,0.006640095497592261
0.046470000000000004,0.009181212418435692,0.004026304616494182
0.04648,0.013252329768431126,0.01060524496142113
0.046490000000000004,0.010172053677780464,0.004269353190965038
0.04650000000000001,0.012841560999767087,0.0028903499175573833
0.04651,0.00922628644818323,0.004392581092700875
0.046520000000000006,0.007581950330597493,0.005225718656632465
0.04653,0.008177873598848851,0.005812028841695827
0.046540000000000005,0.009965776427877056,0.004545010123058589
0.04655,0.009175607742207987,0.005326930158727116
0.046560000000000004,0.011541546985964712,0.00549272468651749
0.04657000000000001,0.0115764868170802,0.006962165721502148
0.04658,0.011075381282576482,0.008567188834428687
0.046590000000000006,0.007698782782115321,0.00484608869602959
0.0466,0.013469414912731516,0.005278780799906764
0.046610000000000006,0.004317830838714721,0.005388436886741648
0.04662,0.0102232263393394,0.0005611079916189978
0.046630000000000005,0.012626495791639412,0.0043688708356723685
0.04664,0.0106210361657732,0.0053452950951070706
0.046650000000000004,0.007392500729577034,0.0036572052263818128
0.04666000000000001,0.008104339755186027,0.007970529513344662
0.04667,0.009684739157831284,0.004756419752672428
0.046680000000000006,0.00811591607929026,0.008193417213112132
0.04669,0.012918863102968843,0.008171571447259357
0.046700000000000005,0.010980670191305004,0.006382711510897554
0.04671,0.007569263152405402,0.005312381850595177
0.046720000000000005,0.008638769996021275,0.002153965464492219
0.04673,0.01212593721315864,0.00441430027174195
0.046740000000000004,0.01240910253837921,0.007570424353774419
0.04675000000000001,0.011136031420882991,0.007033671991219404
0.04676,0.008797352861913113,0.009524577355476687
0.046770000000000006,0.010119625079707909,0.006413714540156923
0.04678,0.008740623594717112,0.003948495679274992
0.046790000000000005,0.010998778794885956,0.0062468291395697826
0.0468,0.008470901051358266,0.002935925575032539
0.046810000000000004,0.007515187124046443,0.008206024231763755
0.04682,0.008833961713794443,0.0051369184134196525
0.046830000000000004,0.012966594453124893,0.0035714140132696963
0.04684000000000001,0.008617377444119402,0.00427916203696895
0.04685,0.013312965804633722,0.009804444181580104
0.046860000000000006,0.011585425646073845,0.007385429045631709
0.04687,0.008927068168221695,0.00971429992073403
0.046880000000000005,0.010628658306513841,0.007526847760238115
0.04689,0.009887712208909607,0.005285547278029588
0.046900000000000004,0.013430351578710491,0.006902045972568092
0.04691000000000001,0.013012531658815952,0.006334242058181657
0.04692,0.008418570064807071,0.004657887893866487
0.046930000000000006,0.010326764767165268,0.00457256231794436
0.04694,0.007911451373004608,0.008229386751637605
0.046950000000000006,0.009042182739967458,0.006103929071458566
0.04696,0.010729747556013282,0.004652229164987338
0.046970000000000005,0.013044645626756092,0.003595244687077864
0.04698,0.010671872382514979,0.006322757372376363
0.046990000000000004,0.010045696674261206,0.003237691441669823
0.04700000000000001,0.011901433891930501,0.007319533678110629
0.04701,0.008814263543023957,0.007248483383905027
0.047020000000000006,0.010920826708864368,0.0032732822758439442
0.04703,0.008468773187549314,0.00811206802063557
0.047040000000000005,0.01080109203215176,0.004707898772948836
0.04705,0.008470945509872709,0.004806717573687051
0.047060000000000005,0.009304584868470692,0.0041465805838576866
0.04707,0.006715671365663443,0.008119535677188611
0.047080000000000004,0.012146131644645923,0.0032940016343444814
0.04709000000000001,0.010483160666980918,0.004037040546633627
0.0471,0.009693086493972625,0.0051529891891938205
0.047110000000000006,0.009366244482463294,0.009849422898989671
0.04712,0.009346962647736727,0.004228008449867942
0.047130000000000005,0.00870816141187331,0.007933098371495254
0.04714,0.006934839032775739,0.004321307976298241
0.047150000000000004,0.013138417994178819,0.006335536529697845
0.04716,0.010634354155362617,0.010112868414852939
0.047170000000000004,0.010748953117159784,0.004433215511318905
0.04718000000000001,0.00969785941927439,0.0035797365563447095
0.04719,0.012779653211825878,0.007000738953033884
0.047200000000000006,0.012522382328775191,0.008278598724098113
0.04721,0.009450916683614651,0.003964141519808221
0.047220000000000005,0.010181705580470733,0.004109142449172598
0.04723,0.010620848473943996,0.008119876731755056
0.047240000000000004,0.009960467734987898,0.006156692543970739
0.04725000000000001,0.010114877504078237,0.007463177920161051
0.04726,0.008972835084481174,0.0014658516825239026
0.047270000000000006,0.011255978177109438,0.007835435500683833
0.04728,0.01121283900367758,0.004580329143468148
0.047290000000000006,0.008055925865882737,0.006850809700731077
0.0473,0.0106147770303618,0.005611254913407361
0.047310000000000005,0.013982624408770728,0.003970266543065766
0.04732,0.013893659921351201,0.005928462137394535
0.047330000000000004,0.006678342661718993,0.005507517651135929
0.04734000000000001,0.012274383107164152,0.005136842564563205
0.04735,0.007411750834281744,0.005538954277645726
0.047360000000000006,0.008652889778265964,0.00685264389753907
0.04737,0.011919970436242216,0.0037575070794525368
0.047380000000000005,0.008967508663029826,0.007384366672615323
0.04739,0.00866738389930432,0.003707800368478047
0.047400000000000005,0.008033655610889211,0.0065772298164817914
0.04741,0.01101532849054701,0.0045060975353632
0.047420000000000004,0.010413168801823601,0.008929492427543064
0.04743000000000001,0.00846087245744574,0.0019727815643170773
0.04744,0.011325148510794983,0.0056565046400778
0.047450000000000006,0.009000961622911993,0.0071825086930221264
0.04746,0.012105486395004599,0.001462834496328642
0.047470000000000005,0.009127874490948991,0.010515466386067453
0.04748,0.011605924262919148,0.007233685660130959
0.047490000000000004,0.012790957051070778,0.005916661568553028
0.0475,0.01204460084032164,0.007319694617681314
0.047510000000000004,0.01153538952695436,0.005240594280350705
0.04752000000000001,0.010807508401669278,0.0047089438667711455
0.04753,0.010495113222996224,0.003549735069707721
0.047540000000000006,0.008894340745007105,0.0053231437158085875
0.04755,0.008594292058534557,0.004878785293665706
0.047560000000000005,0.010159975265329997,0.006694397652249159
0.04757,0.012392476247114757,0.0049633584427231205
0.047580000000000004,0.013170315453217143,0.007769204662618265
0.04759000000000001,0.01151444863218792,0.0062003371837184695
0.0476,0.01115066759971748,0.008268198748633566
0.047610000000000006,0.012965760405015656,0.008565048531215496
0.04762,0.010607440164445613,0.007006149139125548
0.047630000000000006,0.013218075198714936,0.004649843584075868
0.04764,0.009900354456370863,0.00593041093739036
0.047650000000000005,0.012342601935698923,0.007729744985510701
0.04766,0.010087902874977628,0.002883245965866995
0.047670000000000004,0.011048235989470665,0.004064897910959811
0.04768000000000001,0.007582243085213019,0.003374853498177702
0.04769,0.011221135318213254,0.008625738901185448
0.047700000000000006,0.01065243058180865,0.006327494176547284
0.04771,0.01294671013713003,0.0028168928679060366
0.047720000000000005,0.011627562300342776,0.005883694069763843
0.04773,0.011725624084878134,0.004940977910067863
0.047740000000000005,0.008963944833378056,0.006190036762708374
0.04775,0.013904522869571811,0.007631913531918288
0.047760000000000004,0.009597086077647306,0.003229224763663309
0.04777000000000001,0.007254679056995648,0.008544444398872343
0.04778,0.008715001690697537,0.005262296478151665
0.047790000000000006,0.01327395182288063,0.0026865993542549613
0.0478,0.013622432579663418,0.005408201473284181
0.047810000000000005,0.008347121631577808,0.005421861800103017
0.04782,0.009205490137140705,0.006799285685716956
0.047830000000000004,0.009360825031864948,0.0020954452624497907
0.04784,0.010222381817659958,0.003206724341686523
0.047850000000000004,0.011078574453835028,0.0035466397119728365
0.04786000000000001,0.00970034771691061,0.006287163086282083
0.04787,0.01025790537414226,0.006423936318936471
0.047880000000000006,0.012049857545776595,0.0036082978050599283
0.04789,0.01056695943808205,-0.0007337517596510698
0.047900000000000005,0.01119690336830428,0.00532471938746712
0.04791,0.008741830450037364,0.0065588794904321195
0.047920000000000004,0.013060629335764646,0.004976499335802999
0.04793000000000001,0.008832120423632352,0.006259680731355808
0.04794,0.00805706233790973,0.00460996403398389
0.047950000000000007,0.01317961733207339,0.006056182999145888
0.04796,0.0069824275151239845,0.0023389402081165963
0.047970000000000006,0.011072092385491582,0.007658804819157896
0.04798,0.007519248789402313,0.006834550251268341
0.047990000000000005,0.013421760603776122,0.009711945588271084
0.048,0.011430112192828404,0.006950936587490302
0.048010000000000004,0.006507902130892641,0.010137941493196731
0.04802000000000001,0.009629906128357957,0.004072600294804129
0.04803,0.010277101136140384,0.008963996872954249
0.048040000000000006,0.015210243659426248,0.006192576057801085
0.04805,0.012796969404572972,0.006029276674687853
0.048060000000000005,0.008731870970994926,0.008897467024434428
0.04807,0.009569879203630883,0.009016153565095802
0.048080000000000005,0.013417900487924263,0.007174278114601026
0.04809,0.014485462448826604,0.010412012457127792
0.048100000000000004,0.010483732789445959,0.004330848196630644
0.04811000000000001,0.007112397918355195,0.010438918228578654
0.04812,0.009968303178350374,0.008220745960641294
0.048130000000000006,0.009371897617778683,0.009028323304371843
0.04814,0.009460925906611333,0.0035694747817462506
0.048150000000000005,0.010450912574233667,0.004890483926754655
0.04816,0.01206730098911519,0.00585236901020204
0.048170000000000004,0.012136893853276867,0.005374240713493901
0.04818,0.009558073659898643,0.004790288621081826
0.048190000000000004,0.014984977055477315,0.006408878903641034
0.04820000000000001,0.006934397845715522,0.004919247602675324
0.04821,0.01110248891059762,0.009651594853550955
0.048220000000000006,0.01297300066243768,0.004118490953618565
0.04823,0.01575917295505193,0.005900738309580096
0.048240000000000005,0.013421991147872365,0.003654175737063227
0.04825,0.006139887302011665,0.003148464726904391
0.048260000000000004,0.004442440424378119,0.010190642624049822
0.04827000000000001,0.011379079044833667,0.004118313483710317
0.04828,0.011862179071998605,0.006347408436231219
0.048290000000000007,0.012205727611662212,0.008388943304660716
0.0483,0.01039096035501191,0.004211343327014956
0.048310000000000006,0.012633306991560499,0.0075768302331927955
0.04832,0.011186194170918177,0.010328417097445319
0.048330000000000005,0.010116056419974397,0.004174738127008999
0.04834,0.011834873780038276,0.0046257250172751525
0.048350000000000004,0.011996726410171903,0.004310732193971865
0.04836000000000001,0.01021222343971258,0.009759578837110944
0.04837,0.010208560172003257,0.004381345520328632
0.048380000000000006,0.013368131608536308,0.003878116642192866
0.04839,0.009647939011714545,0.007134476044391589
0.048400000000000006,0.012917712085543697,0.008423461175487566
0.04841,0.00955352169377443,0.007175681661742361
0.048420000000000005,0.010122837463986659,0.004773510306843168
0.04843,0.013468580346856997,0.004886871379054215
0.048440000000000004,0.011625677337831299,0.006298299048131636
0.04845000000000001,0.008934885231016002,0.007920487104449727
0.04846,0.012204094113494412,0.0020168828024228523
0.048470000000000006,0.01164552542583372,0.0044446811418154784
0.04848,0.013291997258511438,0.0031009936753376177
0.048490000000000005,0.01039206874627115,0.006717009147607291
0.0485,0.011220891935674214,0.007520044616994247
0.048510000000000005,0.008082568695834819,0.009299126199674133
0.04852,0.01217691599316968,0.0087159047419923
0.048530000000000004,0.012882333739838124,0.005974420248059102
0.04854000000000001,0.0085726964542167,0.004871707649636074
0.04855,0.01432747179625899,0.008770864488062791
0.048560000000000006,0.009916410235676005,0.00036455664568975886
0.04857,0.010737508634593782,0.005426937119191437
0.048580000000000005,0.01067063365962066,0.0070606003637720795
0.04859,0.01292990772731427,0.007985301509573266
0.048600000000000004,0.012076217469768585,0.002404342860709223
0.04861000000000001,0.010509729312271088,0.010615247078067224
0.048620000000000003,0.011947904834321465,0.006743891294832502
0.04863000000000001,0.011925798861878997,0.006840197453830549
0.04864,0.006447971300078252,0.0055315770331132
0.048650000000000006,0.011145791772723165,0.008574805334155843
0.04866,0.011324318125694574,0.0027199820451185314
0.048670000000000005,0.012096558707029366,0.004406547221841717
0.04868,0.008810230360973208,0.004347071545610834
0.048690000000000004,0.012336244573338137,0.008534106663382446
0.04870000000000001,0.01222454372996183,0.007281826603414676
0.04871,0.012212235397999654,0.006221631913127376
0.048720000000000006,0.012667480454574222,0.001182625462817364
0.04873,0.011503283571774093,0.003931526603010936
0.048740000000000006,0.013614413083635991,0.005728267778304987
0.04875,0.011358018602105748,0.0030136378013420526
0.048760000000000005,0.01333731214112372,0.007279642399588666
0.04877,0.012425087548774246,0.004400146515437112
0.048780000000000004,0.009771467031736814,0.00647459864441364
0.04879000000000001,0.009937318388314662,0.006898394635117162
0.0488,0.007012072073402351,0.00505473003317297
0.048810000000000006,0.014934999896187207,0.006910002703683025
0.04882,0.011682689630510997,0.010002697489729137
0.048830000000000005,0.006684818083217476,0.0044028370320119215
0.04884,0.010562015713591213,0.007751378046833918
0.048850000000000005,0.013123325270438073,0.0043038799616620105
0.04886,0.013375585459626162,0.00523048312690229
0.048870000000000004,0.013810634156395179,0.003973048033888926
0.04888000000000001,0.011148423649147995,0.005059221058200135
0.04889,0.013514813419153518,0.004995217008447425
0.048900000000000006,0.011325575367528866,0.007055627486921552
0.04891,0.012508723096253557,0.007817136657539022
0.048920000000000005,0.01184820337808865,0.005207961867613654
0.04893,0.010734318051959907,0.006097034092364003
0.048940000000000004,0.011940676271816351,0.005752577441843165
0.04895000000000001,0.011487688032034243,0.003013645807433448
0.048960000000000004,0.01279179575772843,0.006411612416480676
0.04897000000000001,0.013468644177834513,0.006050944686376498
0.04898,0.007995940553898708,0.005334968652205327
0.048990000000000006,0.011080722458294133,0.007538906531007238
0.049,0.007347896077736738,0.006136699377103183
0.049010000000000005,0.012523668764575134,0.004732606533140096
0.04902,0.01165346385829199,0.004802752787032228
0.049030000000000004,0.01005296585288856,0.005241231151537235
0.04904000000000001,0.010098646025728632,0.00742655407069769
0.04905,0.010058058994753337,0.004254745580039413
0.049060000000000006,0.015071767302163828,0.007983295321116428
0.04907,0.007820844985502944,0.004533529980866894
0.049080000000000006,0.012036773942961923,0.00671182952166666
0.04909,0.008578853151285426,0.008382704766775688
0.049100000000000005,0.013218293231208421,0.007030633010212288
0.04911,0.014289321547601368,0.0069726672711347545
0.049120000000000004,0.012481061197768983,0.009184704948157036
0.04913000000000001,0.013794388210183096,0.004387592187675094
0.04914,0.012866403788634344,0.004743333662850312
0.049150000000000006,0.012616401725689137,0.007026360284187993
0.04916,0.008849252038253647,0.0058307075188567545
0.049170000000000005,0.012154809633635506,0.005203085428618721
0.04918,0.012261839315660134,0.007688730035393507
0.049190000000000005,0.011579372105188725,0.006527403711116948
0.0492,0.014415560189284889,0.007025869809863524
0.049210000000000004,0.012058529443289894,0.004164591383135713
0.04922000000000001,0.013007116789337459,0.006742325157399843
0.04923,0.014240742645149334,0.006177059082522071
0.049240000000000006,0.008048944935062408,0.0026843386205805076
0.04925,0.013161068804772483,0.004945473154114946
0.049260000000000005,0.012571487343789805,0.006315607262683785
0.04927,0.011372532331057611,0.00589570266351545
0.049280000000000004,0.00998370778007377,0.006058154758712264
0.04929000000000001,0.010553790385531647,0.005346483642859172
0.049300000000000004,0.011083784998405522,0.0056388983386743
0.04931000000000001,0.013583751251913167,0.005833993068179162
0.04932,0.013795145716265883,0.009170576134118034
0.049330000000000006,0.013465982541351661,0.007165096467252996
0.04934,0.012418125385298545,0.007828171645666716
0.049350000000000005,0.011951565740642543,0.00806789041876726
0.04936,0.013009454780379216,0.00538036797746074
0.049370000000000004,0.01358135948490857,0.006284308760085083
0.04938000000000001,0.011585823952374558,0.005150251957448347
0.04939,0.012138571633795605,0.008096878724275555
0.049400000000000006,0.013592875686907292,0.006812045992747424
0.04941,0.013022760501868933,0.008649958578531805
0.049420000000000006,0.01153203402971246,0.0038770332834721834
0.04943,0.014442735595018906,0.005049626783028161
0.049440000000000005,0.010468324849708598,0.0025180994786218876
0.04945,0.01300010837586219,0.0028689031521765785
0.049460000000000004,0.010365581835086407,0.00728959711624504
0.04947000000000001,0.013318515184540079,0.004811032074822472
0.04948,0.011614955343949167,0.004370569884778051
0.049490000000000006,0.010795073870241855,0.006649509750703345
0.0495,0.010897195706806374,0.005629971173528575
0.049510000000000005,0.008979713531312548,0.008385637341860364
0.04952,0.012937914163783716,0.007706861253398199
0.049530000000000005,0.014507302003571058,0.004471951999448525
0.04954,0.011218349100559813,0.0023340380037762923
0.049550000000000004,0.018224686975987597,0.005825866848546697
0.04956000000000001,0.014030016463300387,0.0036500476868579013
0.04957,0.013954073482721579,0.009842885985560115
0.049580000000000006,0.011849487603505909,0.0041072772604874306
0.04959,0.01170122531396903,0.001676854994132569
0.049600000000000005,0.011911830314424466,0.007773651886339985
0.04961,0.01192489065690463,0.005564779839613076
0.049620000000000004,0.013060361078028562,0.007342451766112094
0.04963000000000001,0.008694249334438828,0.006313392906283896
0.049640000000000004,0.016894883077695915,0.0034670611905928566
0.04965000000000001,0.011860944332284342,0.010021934421173589
0.04966,0.014249018321587039,0.0051129991100990445
0.049670000000000006,0.012461841663172164,0.006136921210054814
0.04968,0.010562347118761849,0.005993994261608134
0.049690000000000005,0.011507495256625705,0.006369352071930076
0.0497,0.010579614970481982,0.0035919753315095484
0.049710000000000004,0.012002790653065094,0.00957680752605804
0.04972000000000001,0.012258746022423432,0.00548474471546936
0.04973,0.013611516895920174,0.005832656062166847
0.049740000000000006,0.015848433441573075,0.006142835117660415
0.04975,0.013522401257752574,0.0046428180597112775
0.049760000000000006,0.013136642456098923,0.006703582310485203
0.04977,0.012026525840678077,0.00515125021472098
0.049780000000000005,0.01087256926635362,0.00672084329836747
0.04979,0.013415616736449944,0.005903186468586786
0.049800000000000004,0.012741400751216573,0.0060830586576416466
0.04981000000000001,0.012373060820143058,0.005759375867808256
0.04982,0.012221115352923277,0.011557726437146643
0.049830000000000006,0.012817617807349083,0.007453621006398788
0.04984,0.013079593072966161,0.0056387768892376955
0.049850000000000005,0.014800738623971509,0.005583468326150958
0.04986,0.014332101358468127,0.005498769091537972
0.049870000000000005,0.010311297059360987,0.006899364618936776
0.04988,0.010031173042277531,0.007241243666060545
0.049890000000000004,0.009861477964935257,0.00553334007206936
0.04990000000000001,0.009395639318686786,0.011821084976900752
0.04991,0.00896050098542546,0.006193775176740825
0.049920000000000006,0.014564368051007553,0.008248318168439656
0.04993,0.013989801195758527,0.005542490152309857
0.049940000000000005,0.01499867039127796,0.00800513161473117
0.04995,0.012730485426139828,0.006660915384570394
0.049960000000000004,0.011707452779867596,0.004361856189800056
0.04997000000000001,0.014799030149586728,0.00880698454213125
0.049980000000000004,0.010565958326684999,0.005876408483978146
0.04999000000000001,0.012056796920006912,0.006120079216792275
0.05,0.012481718235971283,0.008080528113019979
