{
  "Dysbiotic_HOBIC": {
    "mutation": "nuts",
    "n_stages": 6,
    "total_time": 32.64864134788513,
    "avg_acceptance": 0.915,
    "max_logL": -0.022981882095336914,
    "theta_MAP": [
      1.5585007667541504,
      0.3465888500213623,
      1.2394639253616333,
      1.6120952367782593,
      0.11635570228099823,
      4.5364789962768555,
      -0.03597541153430939,
      3.78519344329834,
      0.0,
      3.0,
      1.4643869400024414,
      0.8184053301811218,
      5.0,
      0.8645897507667542,
      5.0,
      0.35664132237434387,
      3.0,
      0.11784100532531738,
      2.774313449859619,
      0.0
    ],
    "final_eps": 0.10187500000000001
  }
}