{
  "Dysbiotic_HOBIC": {
    "mutation": "nuts",
    "n_stages": 6,
    "total_time": 42.892619132995605,
    "avg_acceptance": 0.8275,
    "max_logL": -0.016040483489632607,
    "theta_MAP": [
      0.0,
      0.7194905877113342,
      5.0,
      1.1833542585372925,
      1.2217763662338257,
      3.199582099914551,
      3.0,
      3.7916314601898193,
      0.0,
      1.3662303686141968,
      -0.5319857597351074,
      1.07457435131073,
      5.0,
      1.7677428722381592,
      4.702547073364258,
      0.46417075395584106,
      -0.05539477616548538,
      -0.5,
      2.5499465465545654,
      1.4086589813232422
    ],
    "final_eps": 0.10187500000000001
  }
}