{
  "Commensal_Static": {
    "mutation": "nuts",
    "n_stages": 2,
    "total_time": 1.8051033020019531,
    "avg_acceptance": 0.75,
    "max_logL": -26.14984703063965,
    "theta_MAP": [
      1.2660999298095703,
      -0.5706884860992432,
      -0.6123833656311035,
      1.9546674489974976,
      0.010476969182491302,
      0.5550663471221924,
      0.0,
      0.0,
      2.187511682510376,
      0.0,
      1.0038235187530518,
      0.0,
      1.7874703407287598,
      0.0,
      0.0,
      0.0,
      0.0,
      0.0,
      0.0,
      0.0
    ],
    "final_eps": 0.075
  }
}
