{
  "Dysbiotic_HOBIC": {
    "mutation": "nuts",
    "n_stages": 6,
    "total_time": 31.72557020187378,
    "avg_acceptance": 0.9133333333333332,
    "max_logL": -0.016214430332183838,
    "theta_MAP": [
      3.324338674545288,
      1.8623046875,
      1.617982268333435,
      1.8708648681640625,
      0.20976752042770386,
      4.817413806915283,
      1.2205448150634766,
      0.06596332043409348,
      0.0,
      2.998861074447632,
      1.8118711709976196,
      0.6748934984207153,
      4.618342876434326,
      -0.4788690209388733,
      1.0681607723236084,
      0.1881873607635498,
      2.962683916091919,
      1.5144140720367432,
      2.485060930252075,
      2.100039482116699
    ],
    "final_eps": 0.10187500000000001
  }
}
