{
  "job": "two_layer_T23_dysbiotic_static_virulence.odb",
  "mises_max": 45.20050811767578,
  "mises_mean": 1.739036504408009,
  "disp_max": 398.727783203125,
  "disp_mean": 173.19315175872407
}
