time,sp3,sp4
0.0,0.01638871365473997,0.019319819616597126
1e-05,0.020089116905802857,0.01578248901256224
2e-05,0.019608901393668197,0.01790564158321251
3.0000000000000004e-05,0.01504195164528048,0.015397480837394648
4e-05,0.018789791265332974,0.016019153222413728
5e-05,0.014764389855892521,0.013049912343069903
6.000000000000001e-05,0.014115388690565112,0.011562427264053095
7.000000000000001e-05,0.009022535871663588,0.015807422194831253
8e-05,0.012861287622729778,0.011724135900522337
9e-05,0.01179737667511715,0.008722899790018395
0.0001,0.010943812754432437,0.006314222220145609
0.00011,0.015308767327614492,0.006413450442591222
0.00012000000000000002,0.008163071899473026,0.007416725472375301
0.00013000000000000002,0.012306436324478535,0.007782636399676435
0.00014000000000000001,0.006789868079446664,0.00975703944031454
0.00015000000000000001,0.010282533807227996,0.00785549605692363
0.00016,0.009835114637808656,0.01113060470497056
0.00017,0.012380039557026148,0.004562444636222979
0.00018,0.010885443404156345,0.0063249343872096506
0.00019,0.008283978514415107,0.0018237086366693776
0.0002,0.006612210981471904,0.003257577574743992
0.00021,0.008294278742540425,0.006724248892768161
0.00022,0.0021913475052243846,0.004259495841791324
0.00023,0.008302267235766016,0.0036731715136135903
0.00024000000000000003,0.007250123513325782,0.0045123137747709145
0.00025,0.006223231270023151,0.0030504145630678666
0.00026000000000000003,0.002868426406848354,0.0011518682723152059
0.00027,0.0064950929538299595,0.0032538358447391676
0.00028000000000000003,0.004586701275885057,0.0022045609291818976
0.00029,0.004052689688173927,0.005000346186793476
0.00030000000000000003,0.0038034366920662475,9.46316355191143e-05
0.00031,0.005783155734585757,0.0022525338684650092
0.00032,0.004191232527050227,0.005777396230578824
0.00033000000000000005,0.003930193785722691,0.0030540198041023904
0.00034,0.0014662795247318279,0.001962120590309924
0.00035000000000000005,0.004905602209915204,-0.0007722325693808423
0.00036,0.003959967272550007,0.002487208787518198
0.00037000000000000005,0.0035215846026138615,0.004315914220830108
0.00038,0.003997332144669153,0.005161403114570227
0.00039000000000000005,0.0012391404582007158,0.0024473667650814256
0.0004,0.003301235912402985,1.2856647788184964e-05
0.00041000000000000005,0.004958681751283306,0.006781250858102656
0.00042,0.002933348439497108,0.003126388667352529
0.00043000000000000004,0.0030648011126245644,0.0006768463326609594
0.00044,-0.0008105811404027362,0.0006827914835900238
0.00045000000000000004,-1.1410882285044829e-05,0.005495039041086206
0.00046,0.002489848815258171,0.0013892684647547385
0.00047000000000000004,0.004451527732580026,-0.0001666743156178152
0.00048000000000000007,0.0010978211442101828,0.0022098741214238715
0.0004900000000000001,0.004652180848155505,0.0030749644652064588
0.0005,0.003058743787242593,0.0022264810049766447
0.00051,0.0033339759657231463,0.0024728457942514385
0.0005200000000000001,0.00044854913187834626,0.002161520476835442
0.0005300000000000001,0.0003393224130765317,0.002231783262888226
0.00054,0.0015064868851164168,0.007148996101057296
0.00055,0.002371638715252387,-0.0007373343054884471
0.0005600000000000001,0.00216898366059914,0.0031110219875396397
0.0005700000000000001,0.005771996412803095,0.0008947667705050425
0.00058,-0.0007498938576131751,0.003708887246400246
0.00059,-0.00035498693046385294,0.0012045917411529963
0.0006000000000000001,0.0018835814845423442,0.0019394508490361226
0.0006100000000000001,0.003770957182274588,0.0007133719082477296
0.00062,0.0018400194368219784,0.002054115042021647
0.00063,0.002682435396807449,0.002280405417111919
0.00064,0.0032518086618247297,0.0037745949709859805
0.0006500000000000001,0.0031623177873135564,0.002996312614136891
0.0006600000000000001,-0.0007895379020673244,0.0021918758189781945
0.00067,0.003332311840004293,0.003551628501039141
0.00068,0.0009874459699219101,0.0007780345860444677
0.0006900000000000001,0.0012232012048766698,0.0031713445240501162
0.0007000000000000001,0.004438773428414116,0.0012860325041913064
0.00071,0.00418685457020151,0.0023503770866097943
0.00072,0.0021225488055357086,0.0016831392870857546
0.0007300000000000001,0.0038647722560310356,0.0027595763200825127
0.0007400000000000001,0.006923839609231612,0.00040650443867850045
0.00075,0.0034092165205975183,0.001055102539506188
0.00076,0.0006354269708514456,0.002094336838927174
0.0007700000000000001,0.0026498383402446535,0.00795499861548838
0.0007800000000000001,0.0020081023673221812,-0.0001391134317655653
0.00079,0.0029237899031830062,-0.0020254329537588707
0.0008,0.002195330710559809,0.0021585099303204117
0.0008100000000000001,0.003970011241776801,0.00407632395825444
0.0008200000000000001,0.0013753182424092118,0.0018304781811138262
0.0008300000000000001,0.0008519352144329667,-0.00012178658421671627
0.00084,0.0030057508263629466,-0.00041019569621888845
0.0008500000000000001,0.0015585503440820338,0.00014926799571551548
0.0008600000000000001,0.0034890661623145193,0.0057451194395781065
0.0008700000000000001,-0.0002115328693419842,-0.0015611323894547204
0.00088,0.00214385580088944,0.0021789467997263582
0.0008900000000000001,0.0028329738429773905,0.0012575574493822333
0.0009000000000000001,0.0019964379287844606,0.0028878666113760186
0.0009100000000000001,0.004480672091659733,-0.0017546049543841744
0.00092,0.0016640548743577896,0.0025857559481607204
0.00093,0.0005681321361954859,0.005623121910373138
0.0009400000000000001,0.001135440067293959,0.002080839645023468
0.0009500000000000001,0.0035205023656805353,0.0009834955079907888
0.0009600000000000001,-0.0012824685420224531,0.0013113934341950312
0.00097,0.004471797438865794,0.0014975466444835696
0.0009800000000000002,0.0007223044021068905,0.004025312434167803
0.00099,0.0017558964484161639,0.0011562739370727694
0.001,0.0027186469896461106,0.0037207197133883423
0.00101,0.0071854646652448895,0.0038363111897862937
0.00102,0.004744033532713764,0.0011725219970568227
0.00103,0.0003749456650514347,0.0023117280628320836
0.0010400000000000001,0.0026433614132385258,3.264622171454288e-05
0.0010500000000000002,0.0020807828762680384,0.0029909084604201005
0.0010600000000000002,0.003154519007788803,0.0032034455811794987
0.00107,0.0030180312238768537,0.0011834441039913581
0.00108,0.0014106787055094632,-0.00019785501735613935
0.00109,0.006010416311078641,0.0022295295597060194
0.0011,0.0019935539426194017,0.000347620312421773
0.00111,0.008316976732347298,6.111855472530625e-05
0.0011200000000000001,0.0015903725381739343,0.0030420128484238453
0.0011300000000000001,0.0036509079356248112,0.00412876217682396
0.0011400000000000002,0.0060681183780611474,0.0032277665292592085
0.0011500000000000002,0.00034326447836531375,0.0017041083149140737
0.00116,0.0030734205311360903,0.006356992128721475
0.00117,-0.00033542081739500575,0.004628228614201828
0.00118,0.0028224575479780115,0.003901266257956772
0.00119,0.002261082047121153,0.0005432634889733395
0.0012000000000000001,0.003969263412778029,0.003539508299128401
0.0012100000000000001,0.004414081573847437,0.002206548363179838
0.0012200000000000002,0.0012727765232771423,-0.000881911111297201
0.0012300000000000002,0.004113622907858137,0.0030859409095543014
0.00124,0.0005457695263131031,0.0011635074530190524
0.00125,0.0015462779610329416,-0.0007228274500298811
0.00126,0.0008468937189485494,-2.203895338889414e-05
0.00127,0.0016597653194863615,0.0007707008164978201
0.00128,-0.000766819986807788,0.006295744010504958
0.0012900000000000001,0.004994739292551389,0.0006949861042787333
0.0013000000000000002,0.0030369698528747153,0.003090410166859691
0.0013100000000000002,0.004876769047208452,0.0006207185975894832
0.0013200000000000002,0.004681282033855683,0.0011645603134018572
0.00133,-0.00017218455762531195,0.003711079903490131
0.00134,0.005083529351939767,0.0074410541734843405
0.00135,0.00010503451114855355,0.003665498604444481
0.00136,0.0016873551972684834,0.003836793218635612
0.0013700000000000001,-0.000431548842336578,-0.0002530536445822275
0.0013800000000000002,0.0009601529511469597,0.0024328176450820463
0.0013900000000000002,0.00123221199856586,0.003595395419266946
0.0014000000000000002,0.004570635138151867,0.0034788325167058654
0.00141,0.005756891830026297,0.003113714916539172
0.00142,8.799290556966294e-05,0.005011192425538228
0.00143,0.0013139426085641752,0.004107647654076536
0.00144,0.00567419109995043,0.003202551447008173
0.0014500000000000001,-0.00046312867931986353,0.0004551093783388678
0.0014600000000000001,0.00517714271759253,0.001955640142395163
0.0014700000000000002,0.0026932641146365107,0.003813879667542551
0.0014800000000000002,0.003929224325334255,0.002856169304579888
0.0014900000000000002,0.0021217015858878375,0.0016755651609765914
0.0015,0.004257293755877574,0.003410367021346256
0.00151,0.0020293517986087277,0.004469772001165045
0.00152,0.002288337084819216,0.0006045359973736032
0.0015300000000000001,0.0010309151434219734,0.0003526852076294381
0.0015400000000000001,0.002006485339030928,0.00477991554413499
0.0015500000000000002,0.0009435613436638206,0.0026917122005519468
0.0015600000000000002,0.0012428167516803303,0.0017964298828222864
0.0015700000000000002,-0.00046144593526959874,0.0018782524027381934
0.00158,0.0021736639917815134,0.0034021792677313466
0.00159,0.0030100719693753647,-7.291271361765852e-05
0.0016,0.004734339066502624,0.0027467394274445127
0.00161,0.0029651590110780016,0.0023100241220428094
0.0016200000000000001,0.0015352833653497874,0.002766242679140734
0.0016300000000000002,0.0035243982247642794,-0.001160910504404687
0.0016400000000000002,0.001498119509859022,0.0018252235435751532
0.0016500000000000002,0.0030903988977551114,0.004723969850238286
0.0016600000000000002,0.0010369891638874994,0.0013436482678910531
0.00167,0.0015578122211533977,0.0007387346955879642
0.00168,0.0018909135849485908,0.0038856060438783504
0.00169,0.00048001814413453766,0.0032018359595465447
0.0017000000000000001,-0.0008137163920928637,0.0012257306029858912
0.0017100000000000001,0.0019335047231623327,0.005700319254307938
0.0017200000000000002,0.002045270244192496,-0.002049699814543074
0.0017300000000000002,-0.0014005152009903886,0.0024230274660615044
0.0017400000000000002,0.003827188269319365,0.003108055133165864
0.00175,0.002937166859839929,0.004683831727916939
0.00176,0.0015252204046803948,0.004151296777807245
0.00177,-0.0006572546542957611,0.0005537371784395894
0.0017800000000000001,-0.00100493936628023,0.0018160934955431076
0.0017900000000000001,0.0025189853038411355,0.0025961324366016846
0.0018000000000000002,0.0027376347367764273,0.0005149622775613455
0.0018100000000000002,0.0022357425855817664,-0.0006226907497978319
0.0018200000000000002,0.005345034393795236,0.0017670782807877928
0.0018300000000000002,0.0016431522771540388,0.005554333143633343
0.00184,0.00013877540118108472,0.00012739457016128003
0.00185,0.0004331676334506382,0.0022449366282063983
0.00186,0.003491207201524148,0.00386213523393403
0.0018700000000000001,0.007774266064413988,-0.0021139813608753175
0.0018800000000000002,0.003850073908540029,0.001272716027154259
0.0018900000000000002,0.001462095534208443,0.0011495209468850495
0.0019000000000000002,0.0008197053815271079,0.005760197341539302
0.0019100000000000002,0.004324154047866661,0.002439616567883837
0.0019200000000000003,0.0053439013405098545,-0.0006297618801343551
0.00193,-1.723422163386716e-05,-0.0019585734411226236
0.00194,0.0012476489241409225,0.002722819614513633
0.0019500000000000001,0.0028544928767778276,0.0027001615180770925
0.0019600000000000004,-0.0001710444750523299,0.004009836945077021
0.00197,0.0031326134369674343,0.0038716804477590726
0.00198,-0.001129880995356822,0.0030305927205458707
0.00199,0.00028239358496071716,0.0016149983411710837
0.002,0.003728930313382257,0.002593860659347645
0.00201,0.0009593927558530001,0.0024262431490134624
0.00202,-0.0003983299652354829,0.004716249839462911
0.00203,0.002256436330048579,0.004654828000323696
0.00204,0.0016162004568204078,0.0013725840841186593
0.00205,0.0011431454829070142,0.004174086790180101
0.00206,0.0012549077356580742,0.003712927605915223
0.0020700000000000002,0.0019111120245450522,-0.0015261970643885982
0.0020800000000000003,0.0015376312364661288,6.95009124831573e-05
0.0020900000000000003,0.0027483031619395435,4.888471855107922e-05
0.0021000000000000003,0.0045346820573247204,0.0022495263920136147
0.0021100000000000003,0.0023297698154677495,0.0037454354163654743
0.0021200000000000004,0.004615001439530133,0.0023954218015593207
0.0021300000000000004,0.0011470085660319996,-0.0011103565957357566
0.00214,0.001319527082720466,0.0012051166723587975
0.00215,0.002907954783359685,0.001751201160860929
0.00216,0.0040719149624434,0.0012174773967729665
0.00217,0.002584171697855021,0.004813363130793785
0.00218,0.0033841053572126823,0.002327252785059332
0.00219,0.001498762840332375,0.001182800047861029
0.0022,0.0010036179233418048,0.001369179461085651
0.00221,0.004218364735232356,0.002009342409437929
0.00222,9.671484553466954e-06,0.005991378734841374
0.00223,0.0033513285221594773,-0.00035692998914920934
0.0022400000000000002,0.0018298767670977814,0.0026806417360798135
0.0022500000000000003,0.006124931269468975,0.0002445517365803067
0.0022600000000000003,0.004669996977127273,0.005261652742387374
0.0022700000000000003,0.0014627713929337076,0.0019095514670762152
0.0022800000000000003,0.0006496219972114965,0.0020595508481366055
0.0022900000000000004,0.002651217071628024,0.003787663189041831
0.0023000000000000004,0.004906916545631449,0.0009740567910198495
0.00231,-0.0012059518710602433,0.0024296407814223806
0.00232,0.003317918057403906,0.0029728428546932856
0.00233,0.002079637344680228,0.0027253845647374204
0.00234,0.005766010416796456,0.003241217363049934
0.00235,0.001990517044757133,0.0014792178509572382
0.00236,0.002399678424572336,0.005754953695612118
0.00237,0.002374907132837823,0.00244374122274471
0.00238,0.001779003005162124,0.004683148645583203
0.00239,0.006665422451304786,0.0033882559533849423
0.0024000000000000002,0.002913407760318205,0.002562439375222875
0.0024100000000000002,-0.0020186413811736663,0.003981015247733093
0.0024200000000000003,0.003020411521370015,0.003349233411906353
0.0024300000000000003,0.0013312570601692717,0.0017254673501686077
0.0024400000000000003,0.0019342306169432798,0.004539454904696176
0.0024500000000000004,0.0020008561577095794,0.006663353464648875
0.0024600000000000004,0.0036221923259789346,-5.151253587855906e-05
0.0024700000000000004,0.002505462891267522,0.0011983186074315468
0.00248,-0.0016241251225313125,0.005702422927486318
0.00249,0.004173005607122968,0.003571704030182157
0.0025,0.003099604931807209,-0.0002569412207451315
0.00251,0.0018036368202723914,0.0041924561869108356
0.00252,0.0006705009443257587,-0.002552847052897955
0.00253,0.002320795325826605,0.0022289696582748265
0.00254,0.003048196961336261,0.003971311507255942
0.00255,0.004054341006307011,0.0030335995742867957
0.00256,0.005172247894138029,-0.0005200975422758208
0.0025700000000000002,0.003792400982345072,0.0037726971356625586
0.0025800000000000003,0.0003061615324415428,-0.0004843460627430756
0.0025900000000000003,0.001295447135082643,0.0012000833929327645
0.0026000000000000003,0.004296212147075198,0.0012958562331505748
0.0026100000000000003,0.001078714580481246,0.0013034302702671296
0.0026200000000000004,0.005030711263539184,0.0025545448772226025
0.0026300000000000004,0.002436976120136993,0.0023102039785130074
0.0026400000000000004,0.005381627028715776,0.001033624853545597
0.00265,0.00543054776084307,0.002954710739392347
0.00266,0.0024807138796321673,0.007537265496559861
0.00267,0.0006922917902904731,0.0018298358852445985
0.00268,0.0003407230954456009,0.00444387081370209
0.00269,0.006185974938369998,0.005880528488091879
0.0027,0.005257502783812768,0.0021471746464041177
0.00271,0.0020811282538367214,-0.0007981946827365317
0.00272,0.006885358950922726,0.003483826941651916
0.0027300000000000002,0.0018316964985392677,0.005203707148411707
0.0027400000000000002,0.0008720764739055468,0.00336255670490437
0.0027500000000000003,0.00247433922479272,0.0038283828819674786
0.0027600000000000003,0.0026944392030462424,-0.0003491144959222388
0.0027700000000000003,0.002974724632111133,0.0046521789909409715
0.0027800000000000004,0.0027671215128559964,0.004106387126340373
0.0027900000000000004,0.0007364746384988345,0.002505338245797185
0.0028000000000000004,0.0015804888474097213,0.004053521252881787
0.0028100000000000004,0.002894465907191197,0.00394140347463877
0.00282,0.005008873552203077,0.003946186648096579
0.00283,0.0033816563925494793,0.0005682152007937921
0.00284,0.0028318110481878895,0.0015001459951454318
0.00285,0.0021512160377020148,0.0018189424576032264
0.00286,0.0008814504336230023,-0.001344985563656166
0.00287,0.001506970083470284,0.002958128286413456
0.00288,0.00014885366535738725,0.002604408552620774
0.00289,0.006647693174269683,0.004620828833018888
0.0029000000000000002,0.006136184920787217,0.0033586400813598394
0.0029100000000000003,0.005186064146908136,0.0011301204499551958
0.0029200000000000003,0.0015643036007121469,-0.002898567923441822
0.0029300000000000003,0.005227211765947909,0.005662020036948561
0.0029400000000000003,0.0017505000733302957,0.002075125279369936
0.0029500000000000004,0.001351061159540304,0.0033499894520623995
0.0029600000000000004,0.005110578390757131,-0.0008992108840545276
0.0029700000000000004,0.003681515378503533,0.002034637307960043
0.0029800000000000004,0.0030913492354835807,0.0035076137308270956
0.00299,0.0024900748389354702,0.002384094000301997
0.003,0.002440645790153735,0.0045335392089136456
0.00301,0.0037078296113166945,0.0030357101125270043
0.00302,0.0003303169847732189,0.001839016930607049
0.00303,0.004671466666625299,0.0026732001061747597
0.00304,0.0041950964001185535,0.006132458280908628
0.00305,0.004955147923182176,0.0027873762678077736
0.0030600000000000002,0.0018578569897711149,-0.002504417481447956
0.0030700000000000002,0.0025449622648478698,0.0019522760575363602
0.0030800000000000003,0.0036643585250242957,0.002298107168006854
0.0030900000000000003,0.002244747303102022,-0.0009512664180822326
0.0031000000000000003,0.0010074703211303243,0.0035624446074908524
0.0031100000000000004,0.006321107083192116,0.0024157001170124885
0.0031200000000000004,0.003546797105859694,0.004517312846239203
0.0031300000000000004,0.0012712675325499611,0.003347587569395322
0.0031400000000000004,0.0014139529590645565,0.004345208626290423
0.0031500000000000005,0.003199614366954974,0.003214060972968732
0.00316,0.0013334835200061901,0.004032817002248213
0.00317,0.0070699763574121385,0.0006045211855149023
0.00318,0.0022228996678434546,0.003085149186268489
0.00319,0.004477094655088589,0.0015044287099162076
0.0032,-0.002759916409849508,0.00534348470506768
0.00321,0.004429015751856944,-0.0008592075017323435
0.00322,0.001694722685752121,0.0057646316795256745
0.0032300000000000002,0.005807307288599257,0.004507123558157155
0.0032400000000000003,0.002561341203189768,0.00279739248611911
0.0032500000000000003,0.0026535635285654825,0.0048894688062614995
0.0032600000000000003,0.00116557685297179,0.001022958988789439
0.0032700000000000003,0.00493965483729379,0.002547401925944566
0.0032800000000000004,0.005677881853710239,0.0012946644528669892
0.0032900000000000004,0.0028132293937593303,0.0007944244302301262
0.0033000000000000004,0.0029393479522315975,-0.000316284426075722
0.0033100000000000004,0.0019511897365225663,-0.00023014170742594
0.0033200000000000005,0.004316134558679321,0.00407709881446066
0.00333,-0.0005304083193467062,0.005313243287862658
0.00334,0.007926773989821702,0.0027390337929792835
0.00335,0.0016515393684314193,0.008297228996108932
0.00336,0.00029765261114741894,0.0026903251255259836
0.00337,0.003296653449226322,0.005341949404516141
0.00338,0.0036587037380611757,0.001655925948959642
0.0033900000000000002,0.0010386715287407171,0.0019710872929485424
0.0034000000000000002,0.0009289976373606556,0.0027519163926859372
0.0034100000000000003,0.0018162697073840332,-0.00033027737630718715
0.0034200000000000003,0.005456760979856701,0.001663983268675405
0.0034300000000000003,0.00041200076726819086,0.002324337810468279
0.0034400000000000003,0.003086820131272966,-0.0008305519386941147
0.0034500000000000004,0.0036151726135469674,0.0005695894875963237
0.0034600000000000004,0.006375732845241522,0.0037133464514375845
0.0034700000000000004,0.0021556708715164945,0.0011766083889743937
0.0034800000000000005,0.0027473287484344328,0.003894041625263872
0.0034900000000000005,0.0029080669147471413,0.0022356564605434666
0.0035,0.003077584467954185,0.0014637678752871112
0.00351,0.002276218462532107,-0.0014985897369643288
0.00352,0.004911866932714347,0.003272097854556939
0.00353,0.0014192846719577855,0.006473477169443154
0.00354,0.0031420089533197868,0.0006052227450484816
0.00355,0.004683228220693614,0.0034751067833536818
0.0035600000000000002,0.003760688495798864,0.0018289973909899804
0.0035700000000000003,0.0038742928904182384,0.00215848806791158
0.0035800000000000003,0.004086955044175302,-0.0011263904040934355
0.0035900000000000003,0.0021090937019142926,0.0061293003719733495
0.0036000000000000003,0.0014444720019493092,0.0014788030799277598
0.0036100000000000004,0.002084448327479133,0.00025835473702723625
0.0036200000000000004,-0.0014344286408889363,0.0022282793901189173
0.0036300000000000004,0.0032556114912301653,0.002585925081993249
0.0036400000000000004,0.002695893083677214,0.0027784978552243228
0.0036500000000000005,0.005033088556828594,0.002313002507607397
0.0036600000000000005,0.0018409937159411264,0.002133120555997516
0.00367,0.004149603504784867,0.005520899818346149
0.00368,0.0017363714893345865,0.0028961860687309027
0.00369,0.003671120709618243,0.0007146328212434606
0.0037,0.0030369849022903626,-0.00023009062471549078
0.00371,-0.000540207405130444,0.0034362160848243686
0.00372,0.002231884254805215,0.0031087481956603743
0.0037300000000000002,0.0029655822274206878,0.0007528493352187522
0.0037400000000000003,0.0029125999384981205,0.00024090682377942178
0.0037500000000000003,0.005786787544553879,-3.373297188350409e-06
0.0037600000000000003,0.002615004505939045,0.0006254801408863042
0.0037700000000000003,0.004149147555140048,0.0020486144728033284
0.0037800000000000004,0.0019726998789024014,0.004419332185943807
0.0037900000000000004,0.0030706205683285357,0.0037476678583719084
0.0038000000000000004,0.0010508315437390303,-9.38070524706524e-05
0.0038100000000000005,0.003229621345448297,0.002079579999489274
0.0038200000000000005,0.004269794751437501,0.0025588996943881
0.0038300000000000005,0.0034287940584546875,-0.0005266065489188771
0.0038400000000000005,0.006797233228643853,0.002393114481988068
0.00385,0.004417247263131141,0.0010508530903084981
0.00386,0.0036398051111196394,0.00011878292771731313
0.00387,0.003929630986172945,0.002013958363001822
0.00388,0.0030855843467261206,0.004123286729640565
0.0038900000000000002,0.0005638287792999143,0.001359785413923302
0.0039000000000000003,0.003945262067890405,0.00692664010568337
0.00391,0.0027561509888238255,0.003913895757011848
0.003920000000000001,0.002820072926632042,0.006617539165794832
0.00393,-0.00045872919633168675,0.0029237126186451826
0.00394,-0.00021367758799565716,-0.002277251953523616
0.00395,0.0036340290043630147,0.0030163055505721
0.00396,0.002471123526258231,0.002526338668626174
0.0039700000000000004,0.009239086865221752,0.0022237915899422406
0.00398,0.004064425413700648,0.001442825378070634
0.0039900000000000005,0.003636328641209582,0.0022664989595508043
0.004,0.0022265114383843423,0.006382172814527201
0.0040100000000000005,0.0054036013626557085,0.003019276640475353
0.00402,-0.00155751127652997,0.0020251706567477523
0.004030000000000001,0.008458647016726654,0.0022872696964702684
0.00404,0.005260704464890107,0.005633879935923322
0.004050000000000001,0.0034938727324496485,0.0010677521531288735
0.00406,-0.0018130060290427897,0.004121120308272287
0.004070000000000001,0.0014297785231946044,0.003106491465081565
0.00408,0.0005613199111797391,0.0022251103533579898
0.004090000000000001,0.0031300669355019193,0.003294165678755153
0.0041,0.0008346508667496349,0.005152191712527043
0.00411,0.0018721702747097142,-0.000589179585042576
0.00412,0.0028495758004445136,0.0028298977038092744
0.00413,0.0033904625028684946,0.0054867978785221524
0.0041400000000000005,0.0025980451656031074,0.0025246780497432657
0.00415,0.0008662314919590745,0.0044064067799085725
0.0041600000000000005,0.0034428740171007495,0.0019266250498699285
0.00417,-0.0007334396379657191,0.005656883885878485
0.0041800000000000006,0.0006222019118722502,0.0015868807355956945
0.00419,0.0037959011928159706,0.00037769642915885847
0.004200000000000001,9.384118832480096e-05,-0.0014757090672662724
0.00421,0.004524501475289492,0.0016831857062684268
0.004220000000000001,0.008938692835710185,0.0007862184540084732
0.00423,0.0012428939479532735,0.0016455113322944445
0.004240000000000001,0.0035737069179883024,0.0018372575869813942
0.00425,0.004313741923525993,0.0008218527863625351
0.004260000000000001,0.00032753222733645495,-0.0008160362946163973
0.00427,-0.001354796215944548,0.0017456170851250054
0.00428,0.002492026243691059,0.001520241336894971
0.00429,0.005582431510206282,0.005240534412643055
0.0043,0.00242764529299736,-0.0008020112917811301
0.0043100000000000005,0.001965470714391793,0.0015875434333519236
0.00432,0.0017862389849519055,0.0013931020511423536
0.0043300000000000005,0.001795209419253101,0.0020168086217939073
0.00434,0.0018326776422216194,0.0032078872280834505
0.004350000000000001,0.003826120234503558,0.0009713007619633709
0.00436,0.005649134756945104,0.0008338134320242468
0.004370000000000001,-0.00012697747539184168,0.003556839657288633
0.00438,0.0014754254814327633,0.0034392103199645517
0.004390000000000001,-0.0016954790975880212,0.005582881515875265
0.0044,0.004458059636958783,-0.000201642814891568
0.004410000000000001,0.00015753165691845521,0.006145181143686793
0.00442,0.0016419375543416698,0.0011336170970503055
0.004430000000000001,-0.0014137969917446423,0.002101766254706023
0.00444,0.002664476186055875,0.004235643148583695
0.00445,0.0003233651679276539,-0.00023458391721737585
0.00446,0.004025052297224715,0.004820780950331649
0.00447,-1.7574271001020905e-05,0.004971678554766039
0.0044800000000000005,0.003201415923313044,0.004993589073531073
0.00449,0.002987491737276493,-0.002233250982231602
0.0045000000000000005,0.0028255963318180094,0.004932917396788273
0.00451,0.0013436361158579912,0.0020380231828335668
0.004520000000000001,0.0027804566311794847,-0.0029837528182510534
0.00453,0.006477012705309797,0.001013843867268342
0.004540000000000001,0.004147380772621105,0.0026445117101585166
0.00455,0.005652738815885407,0.0036313434575666386
0.004560000000000001,0.0026692414030032685,0.0010335167378105403
0.00457,0.004736379044185986,-0.0009250214900464715
0.004580000000000001,0.004434044634932518,0.000625084299606071
0.00459,0.005648415733894305,0.0031470840676706357
0.004600000000000001,0.004433679028955882,0.002989772289310313
0.00461,-0.00035774114106972227,0.0011056445187549156
0.00462,0.004493371758055947,0.003161721173575259
0.0046300000000000004,0.00551215140968699,0.0036362638724948193
0.00464,0.001218344821466679,0.0012388901976024133
0.0046500000000000005,0.003359158880176322,-0.001795767408497734
0.00466,0.006501781863978223,0.0037171149753033924
0.0046700000000000005,0.005610539782635643,-0.00032628706671150847
0.00468,0.005647171912091789,0.007299216487333908
0.004690000000000001,0.0005178543953182203,0.0043803186481455696
0.0047,0.003163399026773842,-0.00025005769776083667
0.004710000000000001,0.00414851363382716,0.004507309900771032
0.00472,0.0019620576636470914,0.005173228580530938
0.004730000000000001,-0.00016765243487894916,-0.00014682614281524538
0.00474,0.00344063131513783,0.002894745881783164
0.004750000000000001,0.0017358502325891258,0.004464451943755527
0.00476,0.004232345068209447,0.0045628275343750965
0.004770000000000001,0.002925841348900814,0.004052994828361115
0.00478,0.002282369947462612,0.006956755156133396
0.00479,0.0015501339058648339,0.0070609947065239775
0.0048000000000000004,0.003246554796100073,0.0001006587326181866
0.00481,0.0059144896264724,0.0031047625495818623
0.0048200000000000005,0.004882129718104455,0.005301949472165308
0.00483,0.0038573418022492577,0.0016710324133358708
0.0048400000000000006,0.0051344052031494,0.00285830019566408
0.00485,0.004556240424564471,-0.0014493982748261399
0.004860000000000001,0.004080033151016397,0.001582163532951472
0.00487,0.006494232515521285,0.0041067808122397
0.004880000000000001,0.0036688708559339655,0.0038344956633477156
0.00489,0.0011938143848209985,0.006109657249063838
0.004900000000000001,0.0071749762613588074,0.0036502377158267396
0.00491,0.006374580507557364,0.0017273797636360316
0.004920000000000001,0.0016010828000823367,0.002948789768362883
0.00493,0.004066727191909746,0.0020802296661398007
0.004940000000000001,0.004273915303334176,0.0034822434023940065
0.00495,0.0012032978084621296,0.003908310538754259
0.00496,0.004928498913780375,0.003214921864679559
0.0049700000000000005,0.005508268342402428,0.0004384330322385818
0.00498,0.004140401328916026,0.0005339352642795745
0.0049900000000000005,0.0009778647627544778,0.0016138897395461976
0.005,0.0013234327565796885,0.0017810131755773043
0.0050100000000000006,0.002780776800877457,0.004552565871810632
0.00502,0.0025682823016300715,-0.0002917437443108869
0.005030000000000001,0.005492257691030332,0.00120657685999296
0.00504,0.003096201429154264,0.003775078290916287
0.005050000000000001,0.003614382075866955,0.0050716112175902646
0.00506,0.004174685155949943,0.0011618785082306194
0.005070000000000001,0.007575319525668315,0.0032744088427893807
0.00508,0.0029250297153741067,0.004814835717949353
0.005090000000000001,0.0037201257377967806,0.003686682924487353
0.0051,0.00820710421080266,0.002339224063703703
0.005110000000000001,0.00258872548751605,0.0031238630444494235
0.00512,0.0053687889068693125,-0.00012112421738729937
0.00513,-0.0007038462849783475,0.0017189498504150498
0.0051400000000000005,-3.9073251878864266e-05,0.0020447529750752614
0.00515,0.004235277936630042,0.00111415195500115
0.0051600000000000005,0.00037812998265893344,0.0030355567547042735
0.00517,0.004958373414854953,-0.0004918329557398243
0.005180000000000001,0.004875253273009682,0.0045339565632874276
0.00519,0.005144459436654406,0.005337533568197293
0.005200000000000001,0.007641816566557439,0.0021896167755956564
0.00521,0.0034584300950110626,0.0020701504960480253
0.005220000000000001,0.0032447375784539333,0.005969999322434187
0.00523,0.0005522506153708973,0.0011833772779148613
0.005240000000000001,0.005998135894450866,0.004946772413144571
0.00525,0.002519003913636911,0.004616724948212414
0.005260000000000001,0.00392919082938821,0.005909690483649425
0.00527,0.0033972690241622656,0.0049616245896082
0.005280000000000001,0.008533763108221699,0.004107776548189531
0.00529,0.003349883831812727,0.004357688868244716
0.0053,0.0025221527626804884,0.007689945755481462
0.0053100000000000005,0.003614342302828094,0.002369357940959754
0.00532,0.0015843067388149209,0.0051108779953645276
0.0053300000000000005,0.004991542872573074,0.001922940697223164
0.00534,0.004411552815426056,-9.82518679347984e-05
0.005350000000000001,0.0036300721373340268,0.003825582204989175
0.00536,0.006676270255582146,0.0013796401349785397
0.005370000000000001,0.0007063838189159187,0.0011316288687757954
0.00538,0.000591429310224773,0.005597005370242916
0.005390000000000001,0.006363320932995202,0.003565328491934891
0.0054,0.005710107067634793,0.003194015599012222
0.005410000000000001,0.0030787675188567462,0.002261225925335024
0.00542,0.0026496812776101784,-0.00016710079654927911
0.005430000000000001,0.003800444045222467,0.0028490344785467524
0.00544,0.0047641260387491224,0.003117948108267633
0.005450000000000001,0.0029494660783770704,0.001189712708515352
0.0054600000000000004,0.0034206476677957915,0.00440976972322838
0.00547,0.0009911297497012471,0.0031094381051344428
0.0054800000000000005,0.003745359001074683,0.0014995552129967277
0.00549,0.0021050246861127665,0.0033980995096670723
0.0055000000000000005,0.001015358292345117,0.0036379171271195047
0.00551,0.0014929534530104113,0.005064967822887489
0.005520000000000001,0.007960778404195172,0.001218936432447649
0.00553,0.00435499819622969,0.0014881546870491738
0.005540000000000001,0.005369949225376714,0.0004123090046244389
0.00555,0.004250671652429797,0.0011980340830919283
0.005560000000000001,0.0028769850699032176,0.000883146531806692
0.00557,0.004937110160375862,0.0012724203126550206
0.005580000000000001,0.00439779156890434,0.002259367781678541
0.00559,0.003066371002671067,0.0032442573499291876
0.005600000000000001,0.0017731179665376288,0.0033706603424004957
0.00561,0.006358886872882644,0.00139491601010136
0.005620000000000001,0.0056432873389324675,0.005948479204429842
0.0056300000000000005,0.0016688052595796503,4.335197516823486e-05
0.00564,0.00390648410340489,0.0018598222828734978
0.0056500000000000005,0.007041214690109506,0.003025427450570095
0.00566,0.001701054270840926,0.0006626672897451819
0.0056700000000000006,0.005486706729722844,0.00181579120975044
0.00568,0.0033959970276779493,0.004870936401150486
0.005690000000000001,0.0023412642377687396,0.0028686439162003865
0.0057,0.0032780845335750215,0.004328320172096095
0.005710000000000001,0.0044941493375933285,0.00252261217743268
0.00572,0.0034413970077155948,0.002220449026123946
0.005730000000000001,0.0003603111968529171,0.0034803750943886713
0.00574,0.007101355569156512,0.0011989003526553107
0.005750000000000001,0.0017723475789107456,0.0012260472720370997
0.00576,0.004769024423001259,0.003865636834653354
0.005770000000000001,0.003004198267948002,0.0011337898463619094
0.00578,0.0035074589460357916,-0.00015825530642601992
0.005790000000000001,0.0036109891321453756,0.004715197637024753
0.0058000000000000005,0.0008231672894754671,-9.172883145011287e-05
0.00581,0.00648586984200987,0.0017509462440652905
0.0058200000000000005,0.005600317180865335,0.002667626939785309
0.00583,0.0030059382228365813,0.003853603365246926
0.005840000000000001,0.0015632754512442386,0.003242926900997235
0.00585,0.0025697185862640958,0.00033809932933000046
0.005860000000000001,0.004009084762567133,0.0024536231615910754
0.00587,0.003021493102312214,0.0005610684074778822
0.005880000000000001,0.006519764592546921,0.00473596914845877
0.00589,0.005266695677753357,0.002372800817262109
0.005900000000000001,-0.00011856285981600876,0.006890673401308587
0.00591,0.003219025873167804,0.0014883864288343443
0.005920000000000001,0.004176240971144736,0.005321373954411507
0.00593,0.0032979526088089037,0.005545428047413686
0.005940000000000001,0.0055114684653985325,0.0008366596480636665
0.00595,0.001999302215784945,0.004905639641555585
0.005960000000000001,-0.0020769298876639275,0.002692796204171754
0.0059700000000000005,0.0004880446264237696,0.002039741249089233
0.00598,0.0027534776209325626,0.0022775003461056676
0.0059900000000000005,0.0022480050464133592,0.0008008410436878715
0.006,0.007937758820970892,0.006731190585893646
0.006010000000000001,0.0010312123712704156,0.006161637310934068
0.00602,0.002557819745738091,0.003256914984396576
0.006030000000000001,0.0032316085149286704,0.0016801779857911923
0.00604,0.005327265825787696,0.0032525825636775555
0.006050000000000001,0.002407861994470142,0.000392763855296904
0.00606,0.0015751775169399274,-0.0002796852393048919
0.006070000000000001,0.003388216348460309,0.0006108750674292192
0.00608,0.002834048940262871,0.005745540232874249
0.006090000000000001,0.005765168833857257,0.0029419120271102633
0.0061,0.0031937989701021313,0.006767343222265944
0.006110000000000001,0.00441087841174663,0.002353108532655977
0.0061200000000000004,0.0005187267022919318,0.0037975942410208483
0.006130000000000001,0.005030806266651725,0.0017476701336546318
0.0061400000000000005,0.003955959038741758,0.002284950998952071
0.00615,0.0030068825616412697,-0.0019624230897407322
0.0061600000000000005,0.0029327774113322496,0.0049530820996859385
0.00617,0.002114926996056559,0.0031205177360435835
0.006180000000000001,0.0018672216144696645,0.003737468894562632
0.00619,0.0029474665882130006,0.001139222042952742
0.006200000000000001,0.0060470049113354185,0.004876687776041682
0.00621,0.0021734764806672323,0.004015518037130252
0.006220000000000001,0.004459501088982724,0.004305660604618447
0.00623,-2.448589037722191e-06,0.005035386982264634
0.006240000000000001,0.002248050443986481,0.002307632850530931
0.00625,0.008664596090992719,0.003628149349980327
0.006260000000000001,0.002617570904425945,-0.0013850732296468867
0.00627,0.006171126446730301,0.00033620816005829057
0.006280000000000001,0.001386101752471917,0.0023650339500676633
0.0062900000000000005,0.006227183583058675,0.00457532863116462
0.006300000000000001,0.0030800644821474712,0.003646541959978214
0.0063100000000000005,0.002196346682658475,0.0033103734542236636
0.00632,0.0035451691913437155,0.004969713178611539
0.0063300000000000006,0.005334228649268673,0.00402123453580946
0.00634,0.0026765530635122947,0.004518029818542686
0.006350000000000001,0.003218686094407681,0.0008716610271283292
0.00636,0.0025974213675732678,0.0032056473455478484
0.006370000000000001,0.005225801522046084,0.0026706397279180893
0.00638,0.0009883446166583662,0.003152281216095631
0.006390000000000001,0.003635025287122188,0.0034115739697730065
0.0064,0.005249226492582518,0.005078845141979974
0.006410000000000001,0.002222431057702131,0.0018098107850651874
0.00642,0.0013318238127993714,0.0044408271727720315
0.006430000000000001,0.006311228976401165,0.002414129201273114
0.00644,0.002932094250370983,0.005978954491739366
0.006450000000000001,0.004427436803727079,0.003918956206495214
0.0064600000000000005,0.0010358529024994305,0.004405035454627542
0.006470000000000001,0.00156077715253565,0.0007806325657130318
0.0064800000000000005,0.002726869703365133,0.0018781802166452839
0.00649,0.0029785755979755747,0.00016889422699698517
0.006500000000000001,0.005340768838292393,0.005307321026219435
0.00651,-0.0004701883732962631,0.005009954100378404
0.006520000000000001,0.0018047987782320567,0.004768078727664217
0.00653,0.0032903216309308645,0.0031127670613765486
0.006540000000000001,0.003058377013537061,0.005480561738120292
0.00655,0.0009507531033938303,0.004273070522537656
0.006560000000000001,0.005633945396449366,0.004491155642583445
0.00657,0.008082037957911152,0.0020016667155464594
0.006580000000000001,0.005348603963611096,0.0028484628548945947
0.00659,0.0059021597890451015,0.0030463491458272603
0.006600000000000001,0.002660948521469306,0.005674953685832037
0.00661,0.0024549277891247894,0.00023843903224051756
0.006620000000000001,0.002405708618064959,0.004303036848306139
0.0066300000000000005,0.006224829742278471,0.0032883092459373604
0.006640000000000001,0.006078495367858405,0.0003507793297181966
0.0066500000000000005,0.0025569224397802783,0.00249105675478676
0.00666,0.0032156777943743286,0.0032374727230810303
0.006670000000000001,0.004827964990015134,0.0021807463707538455
0.00668,0.003725546023179714,0.0029811895119467363
0.006690000000000001,0.001597053565781176,0.0028451763068680453
0.0067,0.0031628581904152805,0.0027434220963401695
0.006710000000000001,0.003515039194476018,0.003226002999703852
0.00672,0.002588272110753981,0.005621157231295144
0.006730000000000001,0.0011152425568572988,0.0016348585459553932
0.00674,0.009015471570724447,0.0010018862090417566
0.006750000000000001,0.0007493746426642197,0.004547891723638713
0.00676,-0.0006960168807991409,0.002609458888700244
0.006770000000000001,0.007751210678484,-8.797498365089706e-06
0.0067800000000000004,-0.0005030309725943195,8.377874349886584e-05
0.006790000000000001,0.005258953477144037,0.005332760554915897
0.0068000000000000005,0.0024383922611132007,0.004450697058408693
0.006810000000000001,0.006245415199799011,0.006660029384528931
0.0068200000000000005,0.0029735678492294588,-0.0015165434027459759
0.00683,0.0018258136127110784,0.002233854293165167
0.006840000000000001,0.0029510260914532536,0.0027128057068253175
0.00685,0.005708024290693635,0.005638442365232293
0.006860000000000001,0.0031282183823453757,0.005287615446017867
0.00687,0.004188218205951205,0.003220717002568177
0.006880000000000001,0.005287312758518907,0.003237267698941936
0.00689,0.007591174961198167,0.00021699899901049882
0.006900000000000001,0.0024465381645872642,0.002841840455145497
0.00691,0.004357111894485689,0.005631855327837125
0.006920000000000001,0.003430735126883819,0.00025253034911706636
0.00693,0.005165885000992379,0.004607961666623883
0.006940000000000001,-0.00040153596306502027,0.003091489546705497
0.0069500000000000004,0.00030322104476876704,0.0017708484940253133
0.006960000000000001,0.001679209407396079,0.004719732157543321
0.0069700000000000005,0.003719809371541363,0.0005310720303910083
0.006980000000000001,0.0052476019195899426,0.00023569285546387857
0.0069900000000000006,0.0041490177556120205,0.0014763328384832246
0.007,0.0027587554030279993,0.0041139445509647266
0.007010000000000001,0.00453432697395223,0.0057803892856394925
0.00702,0.003328238600454629,0.003720400155647867
0.007030000000000001,0.0026185883970623277,0.0034725246954444493
0.00704,0.004374351399953233,0.002912970946775955
0.007050000000000001,-0.00011080618031514841,0.003773577358558764
0.00706,0.004227132450253331,0.0017513327518521144
0.007070000000000001,0.0009305493566733923,0.006064481360352288
0.00708,0.004483527611345133,0.002655603570143286
0.007090000000000001,0.0012278832133136544,0.0014711777673272971
0.0071,0.006108441394394311,0.003391172319319471
0.007110000000000001,0.0024033973210351653,0.004136267136359631
0.0071200000000000005,0.0018770851691948638,0.006119614195389307
0.007130000000000001,0.006212791939596909,0.002185818679604594
0.0071400000000000005,0.0022511589399456643,-0.002116261660263024
0.007150000000000001,0.0005466456954136955,0.00044210233190801257
0.0071600000000000006,0.0037814949671167164,0.002469610848888613
0.00717,0.0008217496008590223,0.002560785781685497
0.007180000000000001,0.004524400407253646,0.004179827409828654
0.00719,-0.0002843096659733606,0.00286865582859088
0.007200000000000001,0.000749653374891079,0.004929673501211467
0.00721,0.005085931045718413,0.00133119421109336
0.007220000000000001,0.00198685034525209,0.0022057463606182286
0.00723,-0.0009853442477324261,0.0038012478490465967
0.007240000000000001,0.0029758544971291876,0.005070691952141239
0.00725,0.0013260254601257645,0.0018931254212412986
0.007260000000000001,0.0005110929461311408,0.0011238189689846212
0.00727,0.0011614782978978662,0.00512537548098976
0.007280000000000001,0.0021302166837667523,0.0033828067707917884
0.0072900000000000005,0.0027665109299298747,0.0005965513995494962
0.007300000000000001,0.003192733514575839,0.00433471437942143
0.0073100000000000005,0.0011151114677073306,0.004755758336697156
0.007320000000000001,0.0018324835720450168,0.0021725891996192187
0.007330000000000001,0.004594586095275179,0.001812708292410913
0.00734,0.0036096632759412893,0.0025112217644721927
0.007350000000000001,0.0037945425541576687,-0.001619852712132725
0.00736,-0.00012226482901875379,0.004374580851090061
0.007370000000000001,0.0056127531522054495,0.0013226940367754348
0.00738,0.003051624456627989,0.0037341258207838736
0.007390000000000001,0.004927406466588745,-0.0009096480893892294
0.0074,0.0017701801555338413,0.002481566102587035
0.007410000000000001,0.00494982971577498,0.008144603508948956
0.00742,0.0030888258267584593,0.00033480456892083727
0.007430000000000001,0.004350660682782814,0.0057917672977506295
0.00744,0.0037634393089283394,0.0013374941293275422
0.007450000000000001,0.005464684780759703,0.004478897234530545
0.0074600000000000005,0.0014978203341293106,0.003915671288929783
0.007470000000000001,0.005545797578094102,0.0055176134752306025
0.0074800000000000005,0.00341965220958747,0.002438687115419791
0.007490000000000001,0.0060083808206075045,0.0007355369023809887
0.007500000000000001,0.004432274074963541,0.00041681583855699735
0.00751,0.005687149656379683,0.002641788532860705
0.007520000000000001,0.006094844505576286,0.004141714834915913
0.00753,0.0011125178018749102,0.006009153833271718
0.007540000000000001,0.00666272832947796,0.00492547969147978
0.00755,0.0020383409096850075,0.0025498864264389366
0.007560000000000001,0.0038536492278152,0.0017555004585234897
0.00757,0.006948765402882877,0.0034525804172785175
0.007580000000000001,-0.001841347058008431,0.0038436446120291515
0.00759,0.002870310335704214,0.003016084684458381
0.007600000000000001,0.002830661807363702,0.004781034739009081
0.0076100000000000004,0.005808550823678068,0.003734051639764337
0.007620000000000001,0.00289182693954267,0.003086273616855423
0.0076300000000000005,0.0036109219154002573,0.0015650899611662588
0.007640000000000001,0.004730852670554002,0.004091036007650018
0.0076500000000000005,0.006655149868429474,0.005682651545561272
0.007660000000000001,0.0022041888950114497,0.004813548666486232
0.007670000000000001,0.0016749026327176578,0.00456581536066498
0.007680000000000001,0.0025448509990443247,0.0011284432635759413
0.007690000000000001,0.004139439410099513,-0.0021731866828150065
0.0077,7.866623605127252e-05,0.002821960982122336
0.007710000000000001,0.0037467689118354094,0.002439303699928405
0.00772,0.0004242801099071042,0.0015431533623183815
0.007730000000000001,0.0043668380271873735,0.004343495711355633
0.00774,0.0035532391410013574,0.005494594174201209
0.007750000000000001,0.004381744766214949,0.0016870090661315759
0.00776,0.003027211296706865,0.00037718114280890563
0.007770000000000001,0.003373201449614648,0.005408107101458931
0.0077800000000000005,0.0049613229708195625,0.005988916244616135
0.007790000000000001,0.002986235030427176,0.005878088236888831
0.0078000000000000005,0.003206659128874428,0.006130049194749937
0.007810000000000001,0.003550815499234946,0.00460233148697842
0.00782,0.006546014485172986,0.0028020025213153993
0.00783,0.004033827845638302,0.005767572998680819
0.007840000000000001,0.003332303009722169,0.0005490492850588904
0.007850000000000001,0.007885582268288931,0.0022522919565385944
0.00786,0.003918338438500057,0.005504820593917436
0.00787,0.002385096064097818,0.0011780571343518523
0.00788,0.004110815358930676,-0.0003913747919551793
0.007890000000000001,0.003028784865803454,0.0036858397141763845
0.0079,0.0030659488418325414,0.0001098442207584792
0.00791,0.0067954635270634015,0.003404805477823122
0.00792,0.006470666194019809,0.002678639074867092
0.007930000000000001,0.0018495917050595889,0.0037380551648440027
0.007940000000000001,0.003179294493264604,0.0008451515025493148
0.00795,0.006551689709938318,0.001957114413321288
0.00796,-6.715976040001792e-05,0.005858966755262461
0.007970000000000001,0.0026060281661982867,0.001987965999294826
0.007980000000000001,8.509958561570084e-05,0.00668647524511274
0.00799,0.0010381635217391596,0.0033224690722079516
0.008,0.005443614653760147,0.004049981168432932
0.008010000000000001,0.0035003140746565553,-0.00019580786850263666
0.008020000000000001,0.002001421095908118,0.003584100425077459
0.00803,0.0020477700765057063,0.0036161939264405495
0.00804,0.004986851864773522,0.005135455393276056
0.00805,0.0011722525451952868,0.007604715705896964
0.008060000000000001,0.005160815548003658,0.003208968623138886
0.00807,0.005806175008900323,0.007944185170530365
0.00808,0.0007509060116375615,0.0027638164003535534
0.00809,-0.0011272733464666226,0.003600616173423908
0.008100000000000001,0.0043616216065515585,0.0031379596652493466
0.008110000000000001,0.002323008521382623,-0.0008817749817933624
0.00812,0.004380384963497887,0.006129092540526153
0.00813,0.002452522012476365,0.004099312321736558
0.008140000000000001,0.0004995110196986449,0.00413458685216777
0.008150000000000001,0.0028502751703206983,0.0016962924559786694
0.00816,0.002117552000670141,0.0024348721980375163
0.00817,0.004404384831142638,0.0005987353383532668
0.008180000000000002,0.0028465258539777487,0.003141083938309403
0.008190000000000001,0.0014439157874405989,0.006818323027341137
0.0082,0.001936240399138052,0.001887083303721399
0.00821,0.0016878519870646281,0.0068238811907661324
0.00822,0.004751514277373218,0.001354700269195256
0.008230000000000001,0.005859402278694207,0.003630244316327482
0.00824,0.004162680752648694,0.002540854538366508
0.00825,0.0021505760959269924,0.003906302565333332
0.00826,0.0025604671805376697,0.006865242422131176
0.008270000000000001,0.0011132924133084783,0.006305004890021504
0.008280000000000001,0.0034304693233445527,0.003831822380424568
0.00829,0.005320654366522283,0.0019741112783472274
0.0083,0.0053840668314563715,-0.002179519497369975
0.008310000000000001,0.0022168216421744468,0.001388400333965242
0.008320000000000001,0.001151018749485189,0.0028075733991160153
0.00833,0.0044307601965377814,0.004643759591420134
0.00834,0.0041422426821368374,0.001908008577449288
0.008350000000000002,0.0043997503738411395,0.003488922204563088
0.008360000000000001,0.005535057588684531,0.004795178924299176
0.00837,0.0037251252607126855,0.0014477536067744657
0.00838,0.002359498727970342,0.0021436343987008997
0.00839,0.0030360924065327235,0.0037802668713854313
0.008400000000000001,0.005098199318579856,0.0031428809288796856
0.00841,0.0037013250085677052,0.0035326826252138873
0.00842,0.002638489132682999,0.0013962366029504865
0.00843,0.00016064772349510831,0.0018576729089412128
0.008440000000000001,0.004619037618055581,0.0018430986608241994
0.008450000000000001,0.0031983552655496105,0.0041827334295967715
0.00846,0.004716570398846382,0.001091753875476741
0.00847,0.005670531622462727,0.005506467891828654
0.008480000000000001,0.0014179341378610585,0.0016050415165175984
0.008490000000000001,0.00606103560175185,0.002959955166442943
0.0085,-0.0007594818346374258,0.00045524556420817276
0.00851,0.0031825540775973654,0.0009294690504825596
0.008520000000000002,0.0028556644984352297,0.003321291969544129
0.008530000000000001,0.006608239404850362,0.0026765363156792945
0.00854,0.005830031399520291,0.006115908494081652
0.00855,0.006554784190404748,0.0038288407956474256
0.00856,-0.00023919694371188002,0.0041819241966237035
0.008570000000000001,0.005785397078002805,0.0030990825310298737
0.00858,0.007178980444281431,0.004981825561135947
0.00859,0.004827574312735505,0.0054358609781961584
0.0086,0.004358981568989591,-0.0017215809030750894
0.008610000000000001,0.002695177726495885,0.005659316113551721
0.008620000000000001,0.002079486168328569,0.002818974436390417
0.00863,0.0016062088971131173,0.0068347034505996645
0.00864,0.007060078574637649,0.0015000587098227822
0.008650000000000001,0.003992901255130046,0.001907746072110345
0.008660000000000001,0.004929405587809375,0.004289037418330272
0.00867,0.00532413797038591,0.003934444685185522
0.00868,0.0095727492205376,0.0012156962164304522
0.008690000000000002,0.00028193954384492844,0.0024862987335274507
0.008700000000000001,0.0005683786320751952,0.0002884894162284335
0.00871,0.0017029342319595277,0.0014299704005512931
0.00872,0.0017975351814555202,0.004311719802373217
0.00873,0.0026956005771811096,0.002917185877725795
0.008740000000000001,0.00549765103249831,0.0017445025408407513
0.00875,0.0031812999415297707,0.004009599563487929
0.00876,-0.0001715381344136735,-0.0014907999867165723
0.00877,0.004405037325898281,0.004263970472200445
0.008780000000000001,0.00784244761421305,0.0035970619836946656
0.008790000000000001,0.005354690931097049,0.002890856707705845
0.0088,0.004310869568825913,0.006617244884323206
0.00881,-0.0005303674033862696,0.004110892365947942
0.008820000000000001,0.007989994279492638,0.003848656384239566
0.008830000000000001,0.007021168812666539,0.0020270911878131842
0.00884,0.003657129446249937,0.0033534918797316336
0.00885,-0.0007127566931293674,0.0009510132553612544
0.008860000000000002,0.001529875821583179,0.004932426952249621
0.008870000000000001,0.005469132191349465,0.003937293016724481
0.00888,0.005374231259302449,0.002961846091984197
0.00889,0.006131087777368741,0.00330864604078058
0.0089,0.00384415099403739,0.0027608075800328877
0.008910000000000001,0.005098521804650456,0.002450518358303319
0.00892,0.005683681044368092,0.001029540309973668
0.00893,0.0015341827126089318,0.004669614157412642
0.00894,0.0035561232175872993,0.0023878993274544444
0.008950000000000001,0.005514523030079791,0.0020820803020038083
0.008960000000000001,0.0033352004696813988,0.0060959794595122786
0.00897,0.00681508257892189,0.0064432398688452144
0.00898,0.0031737407394011644,0.0057607686079080515
0.008990000000000001,0.0018412805417320469,0.001486475859786262
0.009000000000000001,-0.0009605321048674958,0.0066469362869296484
0.00901,0.0020136128055290186,0.0030490524611032693
0.00902,0.0019221162243867368,0.004693365319234194
0.009030000000000002,0.0029926894937043393,0.0006943177091428593
0.009040000000000001,0.004628473353809205,0.0004374075742255481
0.00905,0.002071527689572647,-0.0009079950042249385
0.00906,0.0008996133361069527,0.0036637566339324406
0.00907,-0.00018035258881225757,0.00034532138393194006
0.009080000000000001,0.0037451710896705876,0.002221313049826877
0.00909,0.0077351711371043234,0.006977233413984696
0.0091,0.0020164413926929093,0.004424628510680389
0.00911,0.005252039395774191,0.0021163079827033315
0.009120000000000001,0.0007635786846974997,0.0032875806988802345
0.009130000000000001,0.003410157396648281,0.0024415599770866558
0.00914,0.004641668985134934,0.0018125406062549818
0.00915,0.001454226171164356,0.00353307608682786
0.009160000000000001,0.004531346985002119,0.0009625300617284206
0.009170000000000001,0.005616773072448613,-0.00022423304417280073
0.00918,0.002605549501730412,0.0028016209201952576
0.00919,0.002490513081676561,0.0021884252869669154
0.009200000000000002,0.007506293079566663,0.0016176857786430723
0.009210000000000001,0.008647770689040914,0.004194614720909963
0.00922,0.00395062017006723,0.004273748555925923
0.00923,0.008827547568513231,0.0013349880128641438
0.00924,0.001528037930940512,0.0018133472839290015
0.009250000000000001,0.0038343412867997777,-0.0001275574305438362
0.009260000000000001,0.003815914221831726,0.006711983714470772
0.00927,0.004075230802045069,0.0027404226456973196
0.00928,0.0025372749293146608,0.005123720577084148
0.009290000000000001,0.0021231096153834592,0.007020392102725436
0.009300000000000001,0.007642673522760589,0.0038420044424910048
0.00931,0.0037541022479466394,0.005390724536265119
0.00932,0.005967907357617044,0.0017183230241290615
0.009330000000000001,0.002726377549242167,0.0006865126760734982
0.009340000000000001,0.004598794688821517,0.004665363865145098
0.00935,0.001081990068344931,0.0024226103358597393
0.00936,0.0010885095770843361,0.0015363080676028802
0.009370000000000002,0.00488622713813158,0.0018678425935362692
0.009380000000000001,0.003183716249283297,8.108180686803874e-05
0.00939,0.004160523263685362,0.0032480566568723647
0.0094,0.0023297985672570175,0.002959472233784236
0.00941,0.004149480592594357,0.0017086615635637271
0.009420000000000001,0.0008375390500002002,0.006950443259489977
0.009430000000000001,0.002524691578124735,0.0031466702218300117
0.00944,0.005814088851223444,0.01039919633963635
0.00945,0.0013046084201071557,0.004241635431292614
0.009460000000000001,0.0023796482340295334,0.0022652949379293194
0.009470000000000001,0.002355499794331817,0.001092459659467818
0.00948,0.0037145116924602747,0.00039565777454388584
0.00949,0.005691879677653611,0.0034555620807034866
0.009500000000000001,0.004644304168906386,0.0024140715520034437
0.009510000000000001,0.0030661955839820835,0.003922468661588112
0.00952,0.0014736709686772997,0.0026322515667162954
0.00953,0.002083713539547366,0.0015679859084138214
0.009540000000000002,-0.00041556802645127417,0.006028667313201435
0.009550000000000001,0.002432198390614888,0.005677656360634063
0.00956,0.0059440275374041986,0.0007797944655846055
0.00957,0.0016307869774757986,0.008473688938707778
0.00958,0.007310627444334092,0.0032905346486082256
0.009590000000000001,0.004324687443362853,0.0020927670393462447
0.009600000000000001,0.00467581188830266,0.0019209837292969393
0.00961,-0.00025243627906218306,0.0007131231595609729
0.00962,0.0038556210960583163,0.00109498698057185
0.009630000000000001,0.0036800445834716177,0.0012086856096688004
0.009640000000000001,0.0022510551442821575,0.0050652240570907316
0.00965,0.004311887124524535,0.0033404498769465506
0.00966,0.005576016580237241,0.0043218807019606564
0.009670000000000002,0.006712377387264327,0.002441829307514962
0.009680000000000001,0.002961142585104792,0.0007602131382291421
0.00969,0.002963612412462191,0.0052928548212693854
0.0097,0.00642270946534189,0.005284808254073341
0.009710000000000002,0.00023551143080501004,0.005531370752834639
0.009720000000000001,0.00014801793083191097,0.005162196910541523
0.00973,0.0030906457090002096,0.004771910350909567
0.00974,0.0011624772233196955,0.0057100599759494705
0.00975,0.0008985831569699029,0.002031695403863415
0.009760000000000001,0.0018335016977188844,-0.00013908443672032552
0.009770000000000001,0.004019903967417639,0.006982543077058912
0.00978,0.009165816731668976,0.003565555517904394
0.00979,0.0060665258686527935,0.0038363118526017342
0.009800000000000001,0.004832086317137526,0.0026887034389461405
0.009810000000000001,0.004225629966016247,0.0044488358470880715
0.00982,0.002679712424364955,0.0032197670677560123
0.00983,0.0037209269913339115,0.005028439065633634
0.009840000000000002,0.0017068778144355792,0.003273424311721464
0.009850000000000001,0.007664107606193292,0.005705504867374288
0.00986,0.006539608859179329,0.0034271236118916
0.00987,0.004484399565885259,0.005383607171106113
0.009880000000000002,0.006964068759361902,-0.00052319654430689
0.009890000000000001,0.001213827933539035,0.005999771466377115
0.0099,0.003292084269866051,0.002038315206281495
0.00991,0.0013386930284760932,0.0022725964428048895
0.00992,0.0010434280448525482,0.00756569099307805
0.009930000000000001,0.0038044457060098353,0.003268473507185249
0.009940000000000001,0.005026621948482045,0.005309936614470262
0.00995,0.005743395290200499,0.005533361391856987
0.00996,0.0025910778460867226,0.002791254665858748
0.009970000000000001,0.0053919818216236265,0.002333080468595581
0.009980000000000001,0.0038448544031078596,0.0041862559819425445
0.00999,0.005426586582416187,-0.00016576406457141776
0.01,0.005286856063271771,0.0029230186981400205
0.010010000000000002,0.00527342812683998,0.0049451986995646974
0.010020000000000001,0.0070754903657374805,0.0060991106591829864
0.01003,0.006553950704728182,0.006280411600167693
0.01004,0.004444712083616416,0.0034583082833459897
0.010050000000000002,0.00560873461413283,0.004858966709849513
0.010060000000000001,0.003246113908250351,0.004205317873315083
0.01007,0.003795198983110009,0.0016886710392255474
0.01008,0.0064474585362265715,0.003507800694111362
0.01009,0.007965098308347518,0.0001472825747400961
0.010100000000000001,0.0027552685902574167,0.0034644092485160535
0.010110000000000001,0.0061447322785500216,0.004198934334960401
0.01012,0.004492059144188982,0.00114633157461611
0.01013,0.0015583739999228126,0.004046731606337016
0.010140000000000001,0.0011451875721482756,0.0023388294679918516
0.010150000000000001,0.004876376591037101,0.001438798664325136
0.01016,0.007086395839172983,0.005852181695870207
0.01017,0.0007339855086850155,0.0015404278784647474
0.010180000000000002,-0.0006935877825648587,0.0018408485567946264
0.010190000000000001,0.005411884471605614,0.0025791018747388685
0.0102,0.0048018424295203045,0.0003630831611642761
0.01021,0.005477338487889206,0.002298392942056052
0.010220000000000002,0.003906866993153664,0.0032237215577600904
0.010230000000000001,0.0013405698509054167,0.001104160622849534
0.01024,0.00582039470985116,0.0042091718909642055
0.01025,0.005986042349968489,0.004061361901144094
0.01026,0.0041730636481694975,-3.9118387773629925e-05
0.010270000000000001,0.0033474867141976587,0.0033589911941103124
0.010280000000000001,0.007795571851719292,0.004788529651102925
0.01029,0.006962616785136573,0.004610547918003872
0.0103,0.0024690245542534923,0.003650576625833628
0.010310000000000001,0.00436521450780807,0.0015388723100107147
0.010320000000000001,0.003125128290712117,0.0030065042876009063
0.01033,0.007106278159935073,-0.0007425883803537374
0.01034,0.006307810410227977,0.0015461561667354043
0.010350000000000002,0.0011531498921258983,0.0057804844343916275
0.010360000000000001,0.0053622387276736575,0.005930490688852203
0.01037,0.005500980432297061,0.007541995970132781
0.01038,0.0050181577853462035,0.0031102034704497098
0.010390000000000002,0.004587696067388995,0.005910948309571198
0.010400000000000001,0.0023442254913387164,0.002121084292818684
0.01041,0.003286188570383527,-0.000783453159155934
0.01042,0.004181397503525153,-0.00034569441287229767
0.01043,0.004012491029837301,0.005157992640786099
0.010440000000000001,0.00295375083091704,0.006782494579873547
0.010450000000000001,0.000987632933328785,0.005811633491912039
0.01046,0.005260039457445214,-2.1054999955966505e-06
0.01047,0.009332484188457182,0.00330331887308704
0.010480000000000001,0.0021570574258617243,0.0006174830821493375
0.010490000000000001,0.003473118929474045,0.0031776913353729667
0.0105,0.004119575192086498,0.002837759957611994
0.01051,0.005181863541812771,0.0026589393767688534
0.010520000000000002,4.661311080540178e-05,0.0031363224056152866
0.010530000000000001,-0.0008172858998629585,0.004143432596954254
0.01054,0.0019601966465726717,0.0037634575673500645
0.01055,0.006548074409860634,0.0015400845740704465
0.010560000000000002,0.006043563943688789,0.0025716475237125475
0.010570000000000001,0.007428567651587466,0.0027089657092052117
0.01058,0.0022423183389307065,0.004814591701593856
0.01059,0.003052850755636576,0.0017580592250767714
0.0106,0.002969876061622378,0.0033525882294737097
0.010610000000000001,0.006611041217625007,-0.0004255315679590108
0.010620000000000001,0.003973967109852067,0.004693293330644801
0.01063,0.004315827424211189,0.006064058288475682
0.01064,0.003781363743195716,0.0030760664640416915
0.010650000000000001,0.005115837272180274,0.00364463796829062
0.010660000000000001,0.003151484124734488,0.004479138999339256
0.01067,0.0026283680864488818,0.002225336790344091
0.01068,0.0028785593501249847,0.006154669182001491
0.010690000000000002,-0.0025063629476129584,0.004240567892180761
0.010700000000000001,0.004005335414128838,8.846825949427803e-05
0.01071,0.004557367016775971,0.004402551711906424
0.01072,0.005118313246136506,-0.0018517702519901483
0.010730000000000002,0.006672934584925554,0.0019772502067949525
0.010740000000000001,0.005314411886128843,0.004935708516426135
0.010750000000000001,0.00218900250713272,0.004775317796115788
0.01076,0.0031725301373691276,-0.0006875199328375439
0.01077,0.006280120066874943,0.0019059806329267096
0.010780000000000001,0.0022367685434996694,0.0026507745553184946
0.010790000000000001,0.004491347830044216,0.003343200802109433
0.0108,0.0050441267971997085,0.0007795978236022133
0.01081,0.002464338434025667,0.0032274169460804296
0.010820000000000001,0.007746003646734317,0.0032326201497305325
0.010830000000000001,0.00612179113541869,0.0035381893023429746
0.01084,0.002985146540766909,0.002968463457753287
0.01085,0.003616741260716945,0.004670036728711458
0.010860000000000002,0.006703919751363066,0.0041829394951775215
0.010870000000000001,0.0063299687681464675,0.0015348304783732486
0.01088,0.0031276682512194087,0.002016636644462289
0.01089,0.004586933973225593,0.002748156307784145
0.010900000000000002,0.005418705853327607,0.0016049006267655405
0.010910000000000001,0.004046336779549654,0.0048414504511649185
0.010920000000000001,-0.00016921619695344121,0.007711827430732434
0.01093,0.0033961997708684332,-0.0005806852159292693
0.01094,0.004279805193267417,0.003537110951736333
0.010950000000000001,0.0038009421611439613,0.00545343525562139
0.010960000000000001,0.0054607340567104385,0.004067634035998708
0.01097,0.004867268245410765,0.0032639929900552997
0.01098,0.007519051210452618,0.0005151456985851531
0.010990000000000002,0.004248485066352082,0.0036044144560261884
0.011000000000000001,0.00559685440818743,0.0017874845097141817
0.01101,0.00048405994228945936,0.003789664980830526
0.01102,0.004534977356125179,0.006456044065340519
0.011030000000000002,0.0014329031779178837,0.005787058692015503
0.011040000000000001,0.008709566572469213,0.0027229669105832775
0.01105,0.0013939636549331327,0.002665373095419279
0.01106,0.004004967954514212,0.004607722336790293
0.011070000000000002,0.0027952781629827384,0.006591368030334013
0.011080000000000001,0.001750112273252564,3.3846501875296232e-06
0.011090000000000001,0.006193706710861309,-0.0010666234975772763
0.0111,0.0035731349626517317,0.009718804051937414
0.01111,0.003958415712363377,0.0012427293397739804
0.011120000000000001,0.003868815889053115,0.0033834855311050595
0.011130000000000001,0.0043060183768143055,0.004810435159945783
0.01114,0.001907603520671118,0.0068618270140583665
0.01115,0.004477161469945488,0.004941140325592259
0.011160000000000002,0.002731740828654465,0.006061137457797818
0.011170000000000001,0.003475041221352405,0.0040442987841935105
0.01118,0.002124039979938578,0.0014961507007496344
0.01119,0.005367768527747237,0.0026036201129992368
0.011200000000000002,0.0022848172062274897,0.002205286533296469
0.011210000000000001,0.005391474677602394,0.0022343965635187443
0.01122,0.003759363511100263,0.0035233464802758197
0.01123,0.00016108013029472344,0.0005518564884905816
0.011240000000000002,0.004669437897361588,0.0020208685227874603
0.011250000000000001,0.00611143584718435,0.005429359026326143
0.011260000000000001,0.005437426952961609,0.007136105592615939
0.01127,0.0038340142509248106,0.004795142697952946
0.01128,0.002832493930574601,0.008402935128580232
0.011290000000000001,0.007969665857849844,0.0035227722576718556
0.011300000000000001,0.004776673374514386,0.00621842230280715
0.01131,0.003710323959975236,0.0021873943081178095
0.01132,0.005753684220346903,0.003658335918272117
0.011330000000000002,0.004372795060839379,0.0018337293476525822
0.011340000000000001,0.0005725630031784145,0.003975371093073768
0.01135,0.005818932217043989,0.003052286647079836
0.01136,0.006882967703769954,0.0020968809992513104
0.011370000000000002,0.001901799982414295,0.003371066174018421
0.011380000000000001,0.0038471236670846033,0.005046277023429746
0.01139,0.0024634827934960765,0.006243340441299433
0.0114,0.00794834168952073,0.003429675955745253
0.011410000000000002,0.006515027627442686,0.0013957815460847903
0.011420000000000001,0.0061671485923425265,0.005604139818286657
0.011430000000000001,0.005744678494241924,0.0034792717739754596
0.01144,-0.0018895958231167475,0.002227754252211716
0.01145,0.0027681678517666327,0.0015555088889811536
0.011460000000000001,0.0042655834269024065,0.002674901737965454
0.011470000000000001,0.0023729706324939846,0.0013960378352701397
0.01148,0.002592265619450895,0.005757445697606778
0.01149,0.002702338124382374,0.002485378643094938
0.011500000000000002,0.0031120893522615443,0.004194051506077334
0.011510000000000001,0.00493907961412529,-0.002572440536560442
0.01152,0.006070946826206857,0.0063904163153779775
0.01153,0.0019283987926675419,0.001573891104408317
0.011540000000000002,0.0031293602686608708,0.002007286544499859
0.011550000000000001,0.004478815677554807,-0.00037294935669847026
0.01156,0.0017962013082791798,0.0065993018925688315
0.01157,0.0021767108942227003,0.006008569968739567
0.011580000000000002,0.004744921235167118,-9.601645169286365e-05
0.011590000000000001,0.005305996960615312,0.0032879895832023344
0.011600000000000001,0.0031254978956322317,0.004014043229709032
0.01161,0.00498679212959059,0.004940117189280912
0.01162,0.006395123716877407,0.004342009519560704
0.011630000000000001,0.0012884424211537086,0.0025792505745945377
0.011640000000000001,0.009926899560449788,0.004976327054287789
0.01165,0.008780469497582096,0.006319016189797423
0.01166,0.004526590760595885,0.004131764905595077
0.011670000000000002,0.0039709179753519164,5.4143924243413126e-05
0.011680000000000001,0.0040812637143753435,0.005951904300703822
0.01169,0.0028469800914569044,0.004355262883714123
0.0117,0.0057505327624872505,0.0017127973477322638
0.011710000000000002,0.0031458352501691315,0.0014971362374717784
0.011720000000000001,0.002405199792799184,0.0009585492949965228
0.01173,0.0022497238305202337,0.006373471520087003
0.01174,0.002220756162580505,0.003788278545616949
0.011750000000000002,0.00304706190189921,0.005893891583891662
0.011760000000000001,0.006676212912531283,0.005265098930237243
0.011770000000000001,0.0046672460578220075,0.0030756388027388293
0.01178,0.0016723158983415459,0.007425614203945349
0.01179,0.0025378073497461374,0.004866647356364341
0.011800000000000001,0.006177372333048399,0.0024295915449003918
0.011810000000000001,0.0061353537696095355,0.005069376478112145
0.01182,0.007516343638144249,0.0026030543281106823
0.01183,0.0014897749110519285,0.0025315645969053325
0.011840000000000002,0.004480296735337605,0.003659766066588587
0.011850000000000001,0.003276800289402759,-0.0002742581426257297
0.01186,0.005005728233515707,0.0074896215551809
0.01187,0.0049943506050282175,0.004763999116079035
0.011880000000000002,0.005211824357431571,0.004340616558449398
0.011890000000000001,0.005931351024605512,0.004338065382013932
0.0119,0.0034437498273128717,0.001956134661315851
0.01191,0.003572241662402678,0.004177165597144573
0.011920000000000002,0.0034391075882485456,0.0041783777551204935
0.011930000000000001,0.0049506580472020185,0.0052168526982013085
0.011940000000000001,0.006639031719151436,0.003707301782094334
0.01195,0.0014589723858044377,0.002861871524128744
0.01196,0.00416373411908064,-0.00011866535832021595
0.011970000000000001,0.006854021226767912,0.0038384200794386106
0.011980000000000001,0.004840480792732296,0.006285508944450375
0.01199,0.002818572135593559,0.004703331311221141
0.012,0.00386021195786216,0.0031878648110292155
0.012010000000000002,0.0025366375731088377,0.00688803573407153
0.012020000000000001,0.003331104150263376,0.004956548228632509
0.01203,0.00033317107479353134,0.005918386889343328
0.01204,0.006188689519180021,0.0037540678131349017
0.012050000000000002,0.003631463371302861,0.0043599890342707875
0.012060000000000001,0.008664010461014142,3.430472413884717e-05
0.01207,0.005651564490015505,0.001738332285410031
0.01208,0.0040487532383961505,0.003066595088672502
0.012090000000000002,0.003233033572618038,0.003542213175645519
0.012100000000000001,0.001822407596539434,0.0056222920832054765
0.012110000000000001,0.0005035424058158259,0.0046442476845495375
0.01212,0.0034398370070705237,0.0012236559904324094
0.01213,0.004498754480643471,0.0004523903954654646
0.012140000000000001,0.004174494154141759,0.000721325216227624
0.012150000000000001,0.005018689195113847,0.0017191505001671558
0.01216,0.003195235253282913,0.004156549751959007
0.01217,0.002553217070175506,0.0034535084589102853
0.012180000000000002,0.0010717180441103431,0.0048319728216037645
0.012190000000000001,0.007630284157228903,0.009155424180846309
0.0122,0.0042838700863394846,0.005148199232145179
0.01221,0.000541359441986597,0.0065780437840541
0.012220000000000002,0.005656144540523362,0.002605492098257593
0.012230000000000001,0.006579125623967326,0.00306519036786795
0.012240000000000001,0.003189789899276009,0.004525595581749158
0.01225,0.0019802072577221335,0.005618958146621221
0.012260000000000002,0.0019960123763278453,0.0014763816027474615
0.012270000000000001,0.0022896879174431253,0.005096273500096814
0.012280000000000001,0.0028765920171356357,0.000882063777551179
0.01229,0.0028998577386123163,0.003514752205146807
0.0123,0.0017503475224133272,0.0012762560081129018
0.012310000000000001,0.00833595966270362,0.0018592683781285199
0.012320000000000001,0.0034683565157789175,0.002846705824081803
0.01233,0.0032728016512157372,0.004824653626339645
0.01234,0.006012874936295829,0.002970831285303051
0.012350000000000002,0.0016447059864768956,0.006132400287718442
0.012360000000000001,0.003928053657843316,0.0070449428275239905
0.01237,-0.00037136291750373106,0.003975884688744085
0.01238,0.007958094340132489,0.0028793287066909883
0.012390000000000002,0.003670967378375719,0.0041776587756023505
0.012400000000000001,0.0030054348983984533,0.002963269627076671
0.012410000000000001,0.003448468417913561,0.002333349805436686
0.01242,0.006582883536375415,0.0045111248067763185
0.012430000000000002,0.00462749848995322,0.005206887909083458
0.012440000000000001,0.003598601709750003,0.0020421150973811593
0.012450000000000001,0.00292313587851891,0.00359486534118123
0.01246,0.002011031944315996,0.0025915534372215458
0.01247,0.0030982927128964774,0.007841963828449322
0.012480000000000002,-0.0014160334848469227,0.0032343875117847873
0.012490000000000001,0.007584054142375441,0.003838091156508095
0.0125,0.0056405714291950775,0.0037948298203654162
0.01251,0.002800139409946673,-0.0008878800282213365
0.012520000000000002,0.00454678700143565,0.002045512971361765
0.012530000000000001,0.0025362740355086124,0.0025995256979485393
0.01254,0.007627736647590418,0.008407949013754969
0.01255,0.004573498462466934,0.0026695128911929447
0.012560000000000002,0.0017856982726705355,0.0045369007627352855
0.012570000000000001,0.007707030595495013,0.003105912457504391
0.012580000000000001,-0.0006157046301890059,0.004941465058808749
0.01259,0.006114154698862409,0.00043044661016625966
0.012600000000000002,0.00449739123715562,0.0045053617915326765
0.012610000000000001,0.0039992756294313665,0.002022139482398773
0.012620000000000001,0.0061784318144767906,0.002797693083350999
0.01263,0.0011772519466591367,-0.0004937254474996289
0.01264,0.006670389988103015,0.00483932211958763
0.012650000000000002,0.00432570449027059,0.0027262152304247484
0.012660000000000001,0.0030928267879019125,0.0014560612398196115
0.01267,0.0032889783203971755,-0.0006318701654460961
0.01268,0.0026808280692255776,0.0029871986561170595
0.012690000000000002,0.005373781011149219,0.003529989882448936
0.012700000000000001,0.0057449324596078365,0.006308881836567422
0.01271,0.006272491509597491,0.004552399835427339
0.01272,0.004180941545928546,0.0016505723357730282
0.012730000000000002,0.005638168931988534,0.006972411026988104
0.012740000000000001,0.004843557326758236,0.007448202167771112
0.012750000000000001,0.001109266026645871,0.0013061244085756912
0.01276,0.005871876431176146,0.0041437986049116665
0.012770000000000002,0.006790101519852791,0.003585041609288183
0.012780000000000001,0.002427649851316309,0.003189564812545038
0.012790000000000001,0.0010992960633390498,0.0013603360574615674
0.0128,0.006110615089500578,0.005363858040191749
0.01281,0.004892798531933233,0.0001768936782334256
0.012820000000000002,0.00345104546064354,0.001169814153448846
0.012830000000000001,0.006521981549797284,0.002453134576378119
0.01284,0.0019984818329270176,0.0036809357890066267
0.01285,0.002890730335316165,0.006589595597363267
0.012860000000000002,0.0027024792311494223,0.0008244152800350678
0.012870000000000001,-0.0001326644448181747,0.0035620625189264144
0.01288,0.003050363703215444,0.0007665897401424298
0.01289,0.0065537379819407045,0.00495965238198327
0.012900000000000002,0.004119910214823184,0.006354577414373484
0.012910000000000001,0.005502478738040591,0.0019809756672509696
0.012920000000000001,0.0021000268275905725,0.005263412809201074
0.01293,0.00497226133912364,0.003967707212389203
0.012940000000000002,0.0024875918778603985,0.00484486847316177
0.012950000000000001,0.0026706495620356565,0.0034257613996112515
0.012960000000000001,0.0070765952535818185,0.0023088273141700015
0.01297,0.001037787867467581,0.0015261621867817452
0.01298,0.006173423244596592,0.004141479338149964
0.012990000000000002,0.00392812983275522,0.0026145896541650846
0.013000000000000001,0.005157663193953851,0.0019353274731320235
0.01301,0.004799333095150085,0.002171787657130121
0.01302,0.0023937415571334856,0.0023600812544619185
0.013030000000000002,0.003439303595833542,0.0035381554917050953
0.013040000000000001,0.004662088031937925,-0.0037401566693275818
0.01305,0.00257693307142924,0.0028541924196611567
0.01306,0.007203415802135125,0.0014780853297301898
0.013070000000000002,0.0045199422923976875,0.006628909049754094
0.013080000000000001,0.0015694691213607994,0.00442755647785468
0.013090000000000001,0.0025919194327155624,0.0026310958498343955
0.0131,0.002591298146771997,0.002177405738698949
0.013110000000000002,0.009642400619842704,0.00533078883400941
0.013120000000000001,0.006403108352701907,0.004626620511477858
0.013130000000000001,0.0009881751536649492,0.004433305640378931
0.01314,0.006347603857552781,0.001937346627954742
0.01315,0.006133453658148964,0.005053573586798807
0.013160000000000002,0.00790793590645095,0.0028100904482612783
0.013170000000000001,0.002009689143465531,0.002923155276263926
0.01318,0.007077108184221598,-9.645529050008629e-06
0.01319,7.026965608048896e-05,0.003826711244407517
0.013200000000000002,0.003322897190099452,0.003664130643471896
0.013210000000000001,0.006099753806967213,0.0025442900525046237
0.01322,0.0004641728921093006,0.007739145464188607
0.01323,0.0022167820696795525,0.0015328614286138423
0.013240000000000002,0.006419732564183864,0.0028827104715849097
0.013250000000000001,0.004086566526928457,0.004618021721376063
0.013260000000000001,0.0063815659340374946,0.002986272565413247
0.01327,0.00725535703950706,-0.0006176535478619404
0.013280000000000002,0.005736080604967969,0.001975642951087714
0.013290000000000001,0.0069621016716637524,0.003939538662358248
0.013300000000000001,0.0028728010862970727,0.004981883248746948
0.01331,0.006006040961559541,0.004940740387232835
0.01332,0.0021613241101473843,0.002689668694260908
0.013330000000000002,0.004213623043356017,0.003575934157743748
0.013340000000000001,0.005722311603054839,-0.00037059875851031725
0.01335,0.004892526502734598,0.003079990963379197
0.01336,0.0025479227096550034,0.002175729805123052
0.013370000000000002,0.003796899970003204,-0.0035407174368178224
0.013380000000000001,0.00282444732236756,0.0019105722576451165
0.01339,0.005293643856276509,0.002051897400518365
0.0134,0.0037989006202130845,0.00674825260359596
0.013410000000000002,0.006218881852822418,0.005468990455392843
0.013420000000000001,0.003231484355193948,0.004751260246182193
0.013430000000000001,0.0037644838285903585,0.003273757023575423
0.01344,0.005052700141600976,0.0024727037510077496
0.013450000000000002,0.007220385499203039,0.0033471778575317663
0.013460000000000001,0.0054721500711125155,0.006579386030441135
0.013470000000000001,0.006299785948556638,0.0008510935284277831
0.01348,0.005127319463243839,0.0053711169116577
0.01349,0.00602230280483555,0.0014438345708412486
0.013500000000000002,0.0029255551877084866,0.005660286554655003
0.013510000000000001,0.002717153636012314,0.0030725235420715077
0.01352,0.007393474526887084,0.0035770624553454105
0.01353,0.0027892229780571353,0.0019181712719492324
0.013540000000000002,0.004909258074537476,0.0010078547274839705
0.013550000000000001,0.0037501954654809966,0.004341356302742537
0.013560000000000001,0.006844214829003614,0.005010735611744191
0.01357,0.002818832563768732,0.00603322203464717
0.013580000000000002,0.0036489801541153607,0.0012057210345658605
0.013590000000000001,0.003904974758270467,0.00655420889108543
0.013600000000000001,0.004580584643097089,0.003703657358921704
0.01361,0.0075255747175737644,0.0008166468093138844
0.013620000000000002,0.0016809999047579971,0.0004484061666953118
0.013630000000000001,0.004998541030472882,0.0040138277004636074
0.013640000000000001,0.007339763737133791,0.004168533670861329
0.01365,0.0034470228495472417,0.0036859150657997733
0.01366,0.0044917979926868325,0.00033954431029502036
0.013670000000000002,0.00967809225347797,0.004723550163865075
0.013680000000000001,0.004678491212136979,0.004914877101079883
0.01369,0.0056783420112445524,0.0034041829008797687
0.0137,0.002998083054720404,0.004884931718738656
0.013710000000000002,0.00503303210900051,0.002066990357323415
0.013720000000000001,0.007100726575467114,0.004274214573098615
0.013730000000000001,0.005723338826575284,0.006472091956652802
0.01374,0.00430852231864228,0.00432289361233728
0.013750000000000002,0.005885843553014715,0.0022400065844260754
0.013760000000000001,0.0043749366272532,0.003941564815911333
0.013770000000000001,0.002355760250072967,0.008326479847809466
0.01378,0.0014543343451037796,0.0010957368285533847
0.013790000000000002,0.0068984180893647135,0.005119215240943002
0.013800000000000002,0.0022190788365344183,0.004907998611274072
0.013810000000000001,0.007207752723147208,0.003633632046237774
0.01382,0.009470740823524757,0.00024677185903817676
0.01383,0.005661784950330823,0.00602868921188077
0.013840000000000002,0.006057868694521242,0.003287657884473988
0.013850000000000001,0.0036953406058942095,0.004585396218267734
0.01386,0.005908775052180015,0.004902789027326125
0.01387,0.006358424200221062,0.0016608382599746078
0.013880000000000002,0.0038238086313893346,0.001819282070223429
0.013890000000000001,0.0035081670401548937,0.005730491219815691
0.013900000000000001,0.004497402268600251,0.008914503005892579
0.01391,0.0046692888289271315,0.0038209034261842485
0.013920000000000002,0.004495883433844031,0.0024266370070978116
0.013930000000000001,0.004168885704084476,0.005958564917529876
0.013940000000000001,0.004513541432873068,0.0021168036170587947
0.01395,0.0024364718577810016,0.002804053250377145
0.013960000000000002,0.00443540880446423,0.006092363805241523
0.013970000000000002,0.001607745325037266,0.003066271623121287
0.013980000000000001,0.0045783831544309395,3.9245832611371594e-05
0.01399,0.002623606893520549,0.002347613222062395
0.014,0.002699902892185322,0.0040919020702665605
0.014010000000000002,0.003971764438293969,0.0025982831990639917
0.014020000000000001,0.005149848765229756,0.007155737009285438
0.01403,0.007573476238287454,-0.00013522405439156393
0.01404,0.0054501471034425755,0.0033550045716875653
0.014050000000000002,0.0046073527911960665,0.002915216493482359
0.014060000000000001,0.004533258574092827,0.004015328508461353
0.014070000000000001,0.0031412168480684467,0.0019205095237414792
0.01408,0.003402767886004271,0.004182493799031032
0.014090000000000002,0.005499190663551548,0.005421403623500515
0.014100000000000001,0.0033138565038850583,0.004283124950430858
0.014110000000000001,0.006228280145090164,0.006047355501746084
0.01412,0.004186647505846256,0.0032750319061626222
0.014130000000000002,0.004687599776900588,0.0014182098041063888
0.014140000000000002,0.003919170224899277,0.005207526690305362
0.014150000000000001,0.005591321286654884,0.0031785475780104562
0.01416,0.004743901054223907,0.0020705107497793647
0.01417,0.005716486416696332,0.0035648969522752796
0.014180000000000002,0.0037586365293945365,0.0029978202974349963
0.014190000000000001,0.0041857888563001594,0.0028262405760379958
0.0142,0.005628899664618813,0.002932156417676306
0.01421,0.007499578632810724,0.006653871920324278
0.014220000000000002,0.0025316001552449182,0.0038635866040379733
0.014230000000000001,0.003014410432961927,0.0030716098431035617
0.014240000000000001,0.008321614998512968,0.0031104887923519347
0.01425,0.005038248372301708,0.004809000624821592
0.014260000000000002,0.0023175736358635336,0.002016893251643736
0.014270000000000001,0.0019078235688814093,0.001955868650075644
0.014280000000000001,-0.0013791561274603221,0.004817700590935258
0.01429,0.008430327402195157,0.004024902693280905
0.014300000000000002,0.0014904374789666839,0.002444433629965625
0.014310000000000002,0.003406256835441549,0.0016955417769085198
0.014320000000000001,0.006045410980426635,0.005351956110981511
0.01433,0.0020151771448688105,0.005182322557660483
0.01434,0.007380740939670921,0.007538001081710981
0.014350000000000002,0.010058574390265973,0.0019296233311158328
0.014360000000000001,0.009977625780447984,0.003025919568310686
0.01437,0.0031452884528659544,0.0043892005672968425
0.01438,0.0031671309842357716,0.004533867328244625
0.014390000000000002,0.0016921334189864794,0.003258996829742831
0.014400000000000001,0.0069044862588868,0.0036231021957428854
0.014410000000000001,0.004617547213426768,0.004688464490901851
0.01442,0.006676712602864758,0.0004282201183855869
0.014430000000000002,0.005505471007102821,0.0032031132843215043
0.014440000000000001,0.004670732108582967,0.0058600136814213714
0.014450000000000001,0.0019501162854160497,0.0017155459974601975
0.01446,0.0004686627952575112,0.002643238294933413
0.014470000000000002,0.007001420386468449,0.0035011028595996127
0.014480000000000002,0.001661338746422162,0.00277164056575871
0.014490000000000001,0.0013668978281810894,0.0014933464303905747
0.0145,0.005121291610944057,0.001396692321071459
0.01451,0.006569954814314779,0.003602918493044179
0.014520000000000002,0.00451690788393913,0.003189133002004813
0.014530000000000001,0.005892446284342447,0.005312918337088
0.01454,0.005017891301759495,0.004876896159763002
0.01455,0.003924635108661451,0.004832443110582118
0.014560000000000002,0.003674090608420158,0.003753219252609476
0.014570000000000001,0.0038015902322098456,0.002835037604172535
0.014580000000000001,0.002973685568193169,0.004685573328361338
0.01459,0.006974152283487621,0.006093115265422014
0.014600000000000002,0.001840840942132966,0.006330035390242474
0.014610000000000001,0.00371868562929944,0.00495381304727159
0.014620000000000001,0.002543602849709342,0.004037024338784803
0.01463,0.0049845106240313025,0.0007845721860569635
0.014640000000000002,0.005574629198932667,0.006446368809533374
0.014650000000000002,0.004009829446868297,0.006475551844871675
0.014660000000000001,0.003980768687701421,0.005455101200363178
0.01467,-7.595405612733242e-05,0.008594204017943039
0.01468,0.007353132432629457,0.003188113538142809
0.014690000000000002,0.0004190678208303017,0.004334137137178632
0.014700000000000001,0.0014764245779557853,0.004648503096478622
0.01471,0.005188436774833016,0.001876705071328698
0.01472,0.00660826891495455,0.005371375970381446
0.014730000000000002,0.006319010940748437,0.003778656895304162
0.014740000000000001,0.0015373453984171468,0.005717400723640048
0.014750000000000001,0.003828679868077101,0.000982810352430709
0.01476,0.007074530400835059,0.007961899908058494
0.014770000000000002,0.00428898428230163,0.00808204117342846
0.014780000000000001,0.004555138738094168,0.0030036008222799108
0.014790000000000001,0.0031126209827512293,0.007039390982502068
0.0148,0.002814278608637708,0.005236478092174202
0.014810000000000002,0.003257267052026913,0.002846039022876806
0.014820000000000002,0.006437122331657802,0.0030072917016313195
0.014830000000000001,0.0035680602776925197,0.0060336874054163995
0.01484,0.007573473587431325,0.005058170005452894
0.01485,0.003070167286234716,0.0027482855593559626
0.014860000000000002,0.004540565073895411,0.004412074612405899
0.014870000000000001,0.0024060303079049246,0.005217002070141807
0.01488,0.004553816242467026,0.00034022102824416605
0.01489,0.002525963946901376,0.002764091565152662
0.014900000000000002,0.004239128736804403,0.007551617523082684
0.014910000000000001,0.004862213803854736,0.0020922269448647585
0.014920000000000001,0.0048281597521002894,0.0030703057955952075
0.01493,0.005037441449680877,0.004936327003953387
0.014940000000000002,0.006807412967802283,0.0037273287517436667
0.014950000000000001,0.007667899307302515,0.005592656955463733
0.014960000000000001,0.0029761256176293925,0.008197032623585242
0.01497,0.005046020065741625,0.0021077817205129605
0.014980000000000002,0.0076988833508005484,0.00793429511017797
0.014990000000000002,0.004328032807622958,0.002772148405590016
0.015000000000000001,0.004050359384854325,0.00520962114345472
0.01501,0.006951848452892156,0.004921840888023636
0.01502,0.004600607281606388,0.006777598080862205
0.015030000000000002,0.003772513519545708,0.005844121307303921
0.015040000000000001,0.0038230863494778467,0.004645036413548319
0.015050000000000001,0.004173112177068086,0.0036719937760963436
0.01506,0.0036464895125208935,0.006474113624836703
0.015070000000000002,0.00293643559274273,0.002304648255927643
0.015080000000000001,0.008645299803272721,0.0057415148666379165
0.015090000000000001,-0.00036588984168298144,0.0026560090132447126
0.0151,0.0007813836465867616,0.0018858516374805443
0.015110000000000002,-0.0018706423624733166,0.003513960180154747
0.015120000000000001,0.0021235278626207045,0.003908455939229478
0.015130000000000001,0.0011581933971796959,0.0039551750012129655
0.01514,0.003579627656146178,0.00679396287389218
0.015150000000000002,0.007233198117148285,0.005361453577870557
0.015160000000000002,0.003758280897820006,0.0077622283706691424
0.015170000000000001,0.001306461853550094,0.0009850553095575982
0.01518,0.0042459900445271665,0.008300953555575157
0.01519,0.00400990215101492,0.0034270914011473824
0.015200000000000002,0.0015317828587411405,0.005686145388997755
0.015210000000000001,0.006322979571978252,0.005373140733478469
0.015220000000000001,0.0031592090965096315,0.0023822806877570463
0.01523,0.0018324292071937925,0.003964142903723839
0.015240000000000002,0.0022588822025448583,0.0014422683475481504
0.015250000000000001,0.0035733384680612184,0.002819492247939815
0.015260000000000001,0.003345785773085418,0.004731396814937567
0.01527,0.004580861252325816,0.003222898366140987
0.015280000000000002,0.004789814210776085,0.0018168589340872114
0.015290000000000002,0.004635368197314687,0.00410182037461536
0.015300000000000001,0.0014197397157189907,0.005792705054061677
0.01531,0.0026639883988967034,0.003982639084162405
0.015320000000000002,0.006756701555697466,0.005654074725907646
0.015330000000000002,0.00449756700778133,0.0030784247140156
0.015340000000000001,0.006324946094932702,0.005153513969533529
0.01535,0.0031942141763327174,0.0022150377991530454
0.015360000000000002,0.0002872556835498731,0.004113589641133786
0.015370000000000002,0.004267592279687085,0.006078609357297988
0.015380000000000001,0.005152119572107046,0.006475385432506349
0.015390000000000001,0.003040302437755777,0.006083927928411305
0.0154,0.003378219537218608,0.005363519398807617
0.015410000000000002,0.0015195568059826014,0.00427929766939883
0.015420000000000001,0.0004687188979224542,0.0032754516811867775
0.015430000000000001,0.005319823852872206,0.002768488920236064
0.01544,0.002339261586815638,0.005503362118405514
0.015450000000000002,0.00423423213913095,0.002832682830618015
0.015460000000000002,0.004525970331293205,0.009085861141449072
0.015470000000000001,0.0067502048547465,0.006138368715087051
0.01548,0.005315312355781749,0.004146890233555804
0.015490000000000002,-0.00034692439945974325,0.002456657093963385
0.015500000000000002,0.0034851117073659557,6.55315463416687e-05
0.015510000000000001,0.0021324492074505557,-0.00014565959054193764
0.01552,0.0043716532685125304,0.005454242759447241
0.015530000000000002,0.0066628700274714275,0.004646976998193843
0.015540000000000002,0.002523548256804749,-4.6025196619927256e-05
0.015550000000000001,0.0009376233884152846,0.001280836802653527
0.015560000000000001,0.002674661138573962,0.003500001588538424
0.01557,0.002425071745602036,0.004498146790091992
0.015580000000000002,0.003989872723624025,0.003841982635604068
0.015590000000000001,0.006735940282461094,0.0014611237444779987
0.015600000000000001,0.005293867682499912,0.0037943365483306085
0.01561,0.0037905052140448,0.005593491231322725
0.015620000000000002,0.006216525236811174,0.0019306923740823947
0.01563,0.004095194813709348,0.004386792500112213
0.01564,0.003914521441493937,0.004995106761076507
0.01565,0.005023937832229929,0.0074908813316969984
0.01566,0.001402014286546619,0.003581581419156339
0.01567,0.002646586200875041,0.005035362650631972
0.015680000000000003,0.001230266013167535,0.004520467294997115
0.015690000000000003,0.00320553140415637,0.002360212071043228
0.015700000000000002,0.0015736502379702778,0.002899077633818992
0.015710000000000002,0.006636665988804917,0.0037795456765486366
0.01572,0.005724043952484576,0.00715989999963022
0.01573,0.0049972123806025235,0.002713710318618818
0.01574,0.0054052236416216055,0.0027434100723684064
0.01575,0.003462891751404678,0.0007929094634717116
0.01576,0.006325269913722259,0.00306138240483387
0.015770000000000003,0.004837969143917948,0.0017621559883037228
0.015780000000000002,0.005346685539994742,0.0023108894548427208
0.015790000000000002,0.004192390373348777,0.005591115875648744
0.0158,0.006058343885683101,0.003792095346905656
0.01581,0.0009415805489128536,0.009822468107790668
0.01582,0.007970577816988785,0.005282887890385633
0.01583,0.002973469484749822,0.0036110449876032074
0.01584,0.0033940532696057676,0.006366632057304745
0.015850000000000003,0.005006916902191763,0.0022712831284517924
0.015860000000000003,0.0035414178240342617,0.006082677594572986
0.015870000000000002,0.007684140528550835,0.006897654699116831
0.015880000000000002,0.005999025688837811,0.0033364318959465313
0.01589,-0.0019970494565511683,0.00443669154151852
0.0159,0.004483337223716354,0.004123025346084014
0.01591,0.004595805895051457,0.0011912262885169804
0.01592,0.00560384468691337,0.005108872499133187
0.01593,0.005854721422563911,0.005738282936795752
0.015940000000000003,0.005699163346890966,0.003025758965320695
0.015950000000000002,0.004350402473549808,0.004028756182069251
0.015960000000000002,0.004708491094021967,0.005843630219328428
0.01597,0.0057814456427339785,0.008002570047249536
0.01598,0.008908061952152905,0.0040078703952076845
0.01599,-0.0031771713336658193,0.006322924025493122
0.016,0.0034164027716831824,0.002246978914466541
0.01601,0.0037012805019778854,0.002957348131262835
0.016020000000000003,0.005723726190721361,0.0007324499355185923
0.016030000000000003,0.00234476051409535,0.004538325673402002
0.016040000000000002,0.0057471054186462945,0.0051357787287137375
0.016050000000000002,0.002928160069426206,0.0018968508169831429
0.01606,0.0034899781468806725,0.004333814099838951
0.01607,0.007475217658214212,-0.00024011949319788402
0.01608,0.004063820429371919,0.0011900840829274875
0.01609,0.001201807530965927,0.005790040146101557
0.0161,0.005596556896178064,0.004755679581779477
0.016110000000000003,0.006350374207627321,0.0028980602551036245
0.016120000000000002,0.0036440621963206754,0.008229644585348481
0.016130000000000002,0.004017209741484145,0.005329132686033686
0.01614,0.004524129473495103,0.00016303631278348713
0.01615,0.0004231228464369246,0.0027022696513055383
0.01616,0.006625597741112169,0.0054375059281698435
0.01617,0.0063425638715703956,0.0018875145864420606
0.01618,0.007747168750689915,0.0019325044792997226
0.016190000000000003,0.00494208671743616,0.0038422704413920085
0.016200000000000003,0.004169704351800857,0.006540843045746794
0.016210000000000002,0.0031082449474694293,0.0011651318123285185
0.016220000000000002,0.004559470878977407,0.0030653722166600703
0.01623,0.011275259587239107,0.0052187238067127086
0.01624,0.0037028263652457193,0.0017541686914117113
0.01625,0.0007619443856080829,0.0018166364418519135
0.01626,0.004753418366133507,0.0067224145078789346
0.01627,0.006767926648420701,0.004326629267400121
0.016280000000000003,0.0038792264987824164,0.004406746524638291
0.016290000000000002,0.0034892992276262863,0.007306531819569988
0.016300000000000002,0.004149208178671235,0.00369780993653133
0.01631,9.695693637605356e-05,0.0034802975939484324
0.01632,0.006202583234465186,0.0017364035761046914
0.01633,0.003029187388941155,0.005457952018287273
0.01634,0.0015783266379071066,0.005988813060223657
0.01635,0.0034683662595895535,0.003096755476390062
0.016360000000000003,0.0022859101130041325,0.004630665120604392
0.016370000000000003,0.009454423705311334,0.0054382475714199775
0.016380000000000002,0.002807121952396874,0.00614717456683579
0.016390000000000002,0.0039033460548131265,0.006625583472895904
0.0164,0.00615107055114229,-0.002008989695651439
0.01641,0.0025305710111134198,0.0057667436175065055
0.01642,0.004843057281950868,0.0018311408244850221
0.01643,0.0032735760980872543,6.685883953678985e-05
0.01644,0.004365020876561829,0.008301390703539956
0.016450000000000003,0.006152646487093479,0.008261524237884106
0.016460000000000002,0.006308586071045999,0.005936327718645027
0.016470000000000002,0.008492961384964606,0.0046365741597173184
0.01648,0.004171361416988702,0.005948041096257926
0.01649,0.007454508517641368,0.002923475012685001
0.0165,0.003104701795327518,0.0041617944114075356
0.01651,0.006211849544043108,0.005480942305872146
0.01652,0.001701528393886181,0.00770865001847155
0.016530000000000003,0.0032685454538055924,0.0033559853803817033
0.016540000000000003,0.0027465782455645925,0.0092834503500902
0.016550000000000002,0.005037039894006608,0.0021855196353780934
0.016560000000000002,0.006281757176541768,0.005426418288579046
0.01657,0.004179467488285101,0.005570036903660282
0.01658,0.0029053490085987357,0.002903663491470243
0.01659,0.0005365109522771222,0.0012422742515691655
0.0166,0.00817321714057796,0.007173709869680091
0.01661,0.0046905440313855596,0.007217391518652949
0.016620000000000003,0.004239828903090703,0.003405383845208623
0.016630000000000002,0.004674010253171446,0.003643036902024241
0.016640000000000002,0.004131607327110828,0.0061803517657752945
0.01665,0.004863282238536562,0.005319194355848316
0.01666,0.006626782876317958,0.004671277510715914
0.01667,0.0026244900081759765,0.0011898490510465543
0.01668,0.0048636047032698726,0.003553742946256321
0.01669,0.004741837004935385,0.00386482202192458
0.016700000000000003,0.009735212120988431,0.0012371519514589816
0.016710000000000003,0.0005891828550364754,0.0045630323101251685
0.016720000000000002,0.0038172408203318202,0.0045310883811342795
0.016730000000000002,0.005738862450054331,0.0064678358490841935
0.01674,0.0015576551821875713,0.0027868642987468545
0.01675,0.0054306397000192545,0.005441900740472047
0.01676,0.008961026584311887,0.005813054765081959
0.01677,0.004461560535956808,0.0021214484100640415
0.01678,0.003447568209143969,0.0027175871826868054
0.016790000000000003,0.005887625301661906,0.004417660452198561
0.016800000000000002,0.00193086897654327,0.003032535175263572
0.016810000000000002,0.0063342732426055065,0.0046083351960188885
0.01682,0.0057174773294257665,0.004671526099237277
0.01683,0.007834059472878553,0.004378440820465684
0.01684,0.003810162259083422,0.0020755164451025107
0.01685,0.005082436567651727,-0.0009737098465533583
0.01686,0.004215649389557792,0.0034966899400715006
0.016870000000000003,0.0018562953739027256,0.002052509281025205
0.016880000000000003,0.006205561775610534,0.0043711355766309044
0.016890000000000002,0.004790832963507499,0.004523078088424444
0.016900000000000002,0.004773520999710653,0.0063967789105066645
0.01691,0.004836133662220182,0.0009952981437466864
0.01692,0.007850544651180654,0.0046530753152145676
0.01693,0.0034127866304180755,0.0014062615759318007
0.01694,0.00538413185279648,0.003679391057543783
0.01695,0.007741606250451359,0.0032225903843484905
0.016960000000000003,0.0029195603154997217,0.005706667083775433
0.016970000000000002,0.006445894846086192,0.0042530469077898415
0.016980000000000002,0.0059490542714375864,0.0038410392802076415
0.01699,0.005065079443526291,0.006247064460011494
0.017,0.0058489949252928525,0.003579202815690595
0.01701,0.007304092315503262,-0.0008112902312628007
0.01702,0.008704522763891873,0.000507170971206566
0.01703,0.003347199360233059,0.003837922562180119
0.017040000000000003,0.004309432488720073,0.0059332480093306945
0.017050000000000003,0.0024877293653600787,0.0044426276862865755
0.017060000000000002,0.003447987130886724,0.004512043957583839
0.017070000000000002,0.004475875485153643,0.004108301077619097
0.01708,0.0035065789702571123,0.0029029694713703057
0.01709,0.005181982247025893,0.005811195808558425
0.0171,0.003411887088044813,0.002186896959767995
0.01711,0.005836374579273114,0.0038600913412583314
0.01712,0.006271458961744785,0.002114171605892268
0.017130000000000003,0.001052593243458846,0.002860424601251974
0.017140000000000002,0.003079774231332583,0.003769522524231352
0.017150000000000002,0.0033397973322373464,0.005409799613977124
0.01716,0.004038195502541555,0.00422938092339674
0.01717,0.004930773366904062,0.004319008153057665
0.01718,0.0045682542081089406,0.004950965219484852
0.01719,0.003026210297058939,0.006729265390656184
0.0172,0.0041454538906937665,0.001307996788694918
0.017210000000000003,0.0049956834214967645,0.002229399455406996
0.017220000000000003,0.005951213784308769,0.008351636757068114
0.017230000000000002,0.003048408497981688,0.004597835285190053
0.017240000000000002,0.001111549427856049,0.0048415659206661995
0.01725,0.0028521408885282037,0.002684750897443763
0.01726,0.0024220033503372144,0.005399387088644066
0.01727,0.006640192846212174,0.003982519397970705
0.01728,0.002897738481534794,0.0071154592030820635
0.01729,0.0031267793576614635,-0.0003869874764542711
0.017300000000000003,0.005545385314405403,0.0017281915991532687
0.017310000000000002,0.006606832523497877,0.00317612920683814
0.017320000000000002,0.005838049020615618,0.006742068777954243
0.01733,0.002213912374664421,0.00280785713884938
0.01734,0.004481295484652659,0.007015497185809237
0.01735,0.0033168796821602792,0.002752050134473519
0.01736,0.005590933719571662,0.002787262885308274
0.01737,0.0049407117473495065,0.0008393081370799611
0.017380000000000003,0.009065327242767759,0.0012476269928148927
0.017390000000000003,0.003994169289111056,0.0038787456884991924
0.017400000000000002,0.008464058268908982,0.001294678337601044
0.017410000000000002,0.008607097538254064,0.005459385513688183
0.01742,0.005474887147571564,0.00197642630240107
0.01743,0.005783986178887002,0.0024993820696859615
0.01744,0.007176033362280515,0.0020048927277346714
0.01745,0.004417400993361039,0.002837131914884377
0.01746,0.002669679149454895,0.005430978863422898
0.017470000000000003,0.005716649627139312,0.006367020600040689
0.017480000000000002,0.0010869889402195347,0.00607800241368695
0.017490000000000002,0.009658643958299172,0.003047039471750696
0.0175,0.008439050329715408,0.0034246595816169933
0.01751,0.0019049405555782413,0.0033403775512859655
0.01752,0.006747174858874682,0.0022759496167285365
0.01753,0.003451096466282757,0.00514004142639719
0.01754,0.004658900846821098,0.005122868282528453
0.017550000000000003,0.005129446492513617,0.004913532667924781
0.017560000000000003,0.0037901918059636305,0.004418403399868884
0.017570000000000002,0.002801054902037251,0.006532468083718202
0.017580000000000002,0.0033882581852292563,0.006213954972827207
0.01759,0.004190600372248854,0.004360917014570324
0.0176,0.00366889183802726,0.0019255869625534627
0.01761,0.0011703067807628076,0.0018475881762411175
0.01762,0.004013016436604146,0.004382653356518849
0.01763,0.006682599327889948,0.003068038421796571
0.017640000000000003,0.0028989257026282344,0.001074781949203546
0.017650000000000002,0.00562398096868843,0.006727258569171011
0.017660000000000002,0.007197520742715522,0.005381392889789699
0.01767,0.005942953287792422,0.007357432645771012
0.01768,0.005331035995403018,0.005255101969326406
0.01769,0.004026311741361669,0.0012394132447570943
0.0177,0.003301188030072952,0.003945839117042606
0.01771,0.004791462915917249,0.007817385950118487
0.017720000000000003,0.0048334528201012285,0.006323158013598727
0.017730000000000003,0.003801750290258486,0.0033427760781939092
0.017740000000000002,0.0020148957622693714,0.0024821283873783812
0.017750000000000002,0.00572788005788746,0.0039825611767499245
0.01776,0.006560800728861924,0.0043306049550974205
0.01777,0.00397102221548845,0.00826534686823474
0.01778,0.004489128707148316,0.006295411002324856
0.01779,0.003875523573734432,0.005389263784126573
0.0178,0.0065349794241402115,0.00438770436933918
0.017810000000000003,-2.9011643454993942e-05,0.004007880793303596
0.017820000000000003,0.007141880370972378,0.00502699282181611
0.017830000000000002,0.00557364407716238,0.0005281724129717466
0.01784,0.0032420622146667466,0.004796056509463354
0.01785,0.005504744917289296,0.006403329615037997
0.01786,0.004395250839831674,0.0047862988772598035
0.01787,0.004718738799428409,0.002001419721767326
0.01788,0.00017541359817568533,0.004837978911796928
0.017890000000000003,0.005035896601671228,0.0027402636182004016
0.017900000000000003,0.001450661976298916,0.0052367467483691475
0.017910000000000002,0.004158173825752629,0.0050916710239149714
0.017920000000000002,0.008419116900431695,-0.0003042864791687593
0.01793,0.0032928240686424504,0.003560477599992417
0.01794,0.0076026838620771135,0.0007070761763909267
0.01795,0.008565759374502253,0.004252247249354402
0.01796,0.004503041790974002,0.0035850689946201972
0.01797,0.003823522823648516,0.00607807495803854
0.017980000000000003,0.00256001313599935,0.004673322565023735
0.017990000000000003,0.003929697051817237,0.0024588799109245304
0.018000000000000002,0.009871016456899643,0.0048219007278443495
0.01801,0.005926602900710787,0.006260005114414345
0.01802,0.001858377610486211,0.007489687510602227
0.01803,-0.00031583118193182023,0.002448222856290258
0.01804,0.0037850254871577313,0.005149854235231665
0.01805,0.005141531009099726,0.003653429697917445
0.018060000000000003,0.004681105416028272,0.002031664651578684
0.018070000000000003,0.0017116409302697275,0.005441385308077111
0.018080000000000002,0.006094523544073703,0.007158002024157212
0.018090000000000002,0.0031280827112644947,0.005375294750725114
0.0181,0.004141709020510657,0.006371265202817396
0.01811,0.00675405358971445,0.004413384779398202
0.01812,0.004032073269238179,0.005913480933080849
0.01813,0.006005948162710208,0.0026233862131874557
0.01814,0.002057547290600971,0.0034158515042562376
0.018150000000000003,0.007744977777675636,0.006286541758294278
0.018160000000000003,0.0024905007054347623,0.0016587025913687224
0.018170000000000002,0.007265528830629515,0.0017235954433086832
0.01818,0.005735757254067583,0.0027633744993060903
0.01819,0.007952261920678756,0.00245531685653899
0.0182,0.007005900586557965,0.004366533135635885
0.01821,0.00522457267910509,5.684788555973021e-05
0.01822,0.000315361699014677,0.0035569822367046127
0.018230000000000003,0.00521600595766833,0.0017483673791519852
0.018240000000000003,0.0025458124262307154,0.0051223570602613126
0.018250000000000002,0.005849913615705067,0.0037245782945899645
0.018260000000000002,0.006285613496349193,0.0016523042876389776
0.01827,0.004014345610887794,0.007297112403498066
0.01828,0.0048638650882440486,0.00425463038327527
0.01829,0.009340119376139995,0.0012039690340742838
0.0183,0.006322092306185611,0.007331273786739275
0.01831,0.0040805210817772,0.005723210512045202
0.018320000000000003,0.0027672032957205754,0.002631131708454703
0.018330000000000003,0.005502180471420014,0.005602377257286021
0.018340000000000002,0.00697512600745285,0.007145148346820669
0.01835,0.004599365203297759,0.006393761795744775
0.01836,0.0040506539660485515,0.005811367871794582
0.01837,0.005151246576279623,0.004899187876940133
0.01838,0.005584290051656064,0.0007990687084577417
0.01839,0.002490035904654044,0.004214208124263188
0.018400000000000003,0.0013647267779021924,0.0056721938190787725
0.018410000000000003,0.00648340218093347,0.004664758938140748
0.018420000000000002,0.0024990275306960123,0.006771341781661135
0.018430000000000002,0.008816722140503472,0.00430586348236607
0.01844,0.005764376920142492,0.004415832912805144
0.01845,0.00580504984104729,0.0037738837180657566
0.01846,0.004676188281126136,0.005825081912962776
0.01847,0.009437570380642944,0.0012141495765353098
0.01848,0.004539702382670521,0.001654016261143656
0.018490000000000003,0.007932382442162822,0.002840106332312191
0.018500000000000003,0.0018629363501987206,0.005292601161245083
0.018510000000000002,0.008238965459559214,0.005344067646693644
0.018520000000000002,0.0051609442768000315,0.004835798354752771
0.01853,0.0075820351402284564,0.002269762422581689
0.01854,0.004529664899241154,0.0031134249729565266
0.01855,0.0024186337864793455,0.0033626989126396547
0.01856,0.0069708118878063965,0.005153297744063906
0.018570000000000003,0.006044995992283497,0.004313688540873089
0.018580000000000003,0.005804027855513782,0.0024202003578161196
0.018590000000000002,0.004139365818272537,0.004406033096228325
0.018600000000000002,0.005314422610358954,0.004663043766920811
0.01861,0.004483725633745208,0.00326846454478445
0.01862,0.011076944072080725,0.005837529038234205
0.01863,0.005588701769459601,0.003558180496811279
0.01864,0.0038609744788935117,0.0037636391623290994
0.01865,0.005350075139162772,0.0002650119740938016
0.018660000000000003,0.0016266435847458924,0.0027527608528305474
0.018670000000000003,0.005180706977172381,0.0035486217611181477
0.018680000000000002,0.007723675888864675,0.0010630167625417441
0.018690000000000002,0.0032657478357561863,0.007068635956197925
0.0187,0.005031682768173416,0.005798779634244262
0.01871,0.008872943355101373,0.002642127484180891
0.01872,0.004572826148912918,0.003485524226554149
0.01873,0.0008632741779762048,0.003410225986596283
0.018740000000000003,0.006535589930977057,0.0051128401008580255
0.018750000000000003,0.006012637271407811,0.003281284336684693
0.018760000000000002,0.003463281844495505,0.006571454780267553
0.018770000000000002,0.00378184741544115,0.004621748510511288
0.01878,0.00510415646925169,0.0069576593200128475
0.01879,0.00672131723138753,0.001444348759028408
0.0188,0.0024043915993606,0.0051933262078261485
0.01881,0.004651828064057424,0.0031258034337374864
0.01882,0.0068127645620624615,0.004411706054582407
0.018830000000000003,0.004887429012778279,0.005597084719647039
0.018840000000000003,0.004033301704021606,0.007175105415957346
0.018850000000000002,0.0032084299126508447,0.005352565443884639
0.018860000000000002,0.007653196312258711,0.0012847560583272091
0.01887,0.004099865769985519,0.006324401407965804
0.01888,0.0071020307151482415,0.003697634866563256
0.01889,0.003319204941887717,0.005953137017137321
0.0189,0.007156650855834397,0.001712577840747151
0.018910000000000003,0.0023827308863576726,0.004493056927364253
0.018920000000000003,0.0060502849972718905,0.0034450442790597328
0.018930000000000002,0.006151156929321789,0.0026235479826340674
0.018940000000000002,0.0005641876632867483,0.003196657659267176
0.01895,0.004921044739986477,0.0034934183527657037
0.01896,0.0024783795189310207,0.0004144386505979302
0.01897,0.0037684140508822584,0.005841686336790509
0.01898,0.007309992166206465,0.006422439614409527
0.01899,0.003166783859550615,0.001740238113187072
0.019000000000000003,0.005792877817298251,0.0053184885597996985
0.019010000000000003,0.00560095347056681,2.0799626292328927e-05
0.019020000000000002,0.0030678507788773034,0.0039901860945347895
0.019030000000000002,0.005777062042348988,0.005584815762992235
0.01904,0.005092138418375951,0.004712405876052442
0.01905,0.004974368027851973,0.00542271409927623
0.01906,0.005431374168337915,0.0041835876216379355
0.01907,0.0042699110385303295,0.004215331965339264
0.019080000000000003,0.0057768371834695026,0.0045883365699340775
0.019090000000000003,0.005570313069318335,0.006739466055062385
0.019100000000000002,0.005339993903123005,0.0027566616951396833
0.019110000000000002,0.006577885473099366,0.0013228983281434207
0.01912,0.0026488510019068824,0.004727625664151096
0.01913,0.005845476980340266,0.0015664646829321167
0.01914,0.00404805458359644,0.002845035324894213
0.01915,0.0038413428203446756,0.0059450342656017785
0.01916,0.0062287123337892835,0.004020229941564247
0.019170000000000003,0.003724783513414657,0.0013598104137048871
0.019180000000000003,0.00765808322683478,0.0052439728724103865
0.019190000000000002,0.0034053811437413815,0.005499579249771564
0.019200000000000002,0.004679278134659342,0.003486796292627978
0.01921,0.005691154477926588,0.002578653715671384
0.01922,0.004134224449797487,0.0043052071225168475
0.01923,0.0038238411927627777,0.005401090058913772
0.01924,0.008561882698164009,0.0025549578832285815
0.019250000000000003,0.0014945052333460444,6.070818952061928e-05
0.019260000000000003,0.004524825701296726,0.002738493586379979
0.019270000000000002,0.005242489168252838,0.004330652219135298
0.019280000000000002,0.0016213406785353887,0.00043632319102504275
0.01929,0.005420647082227054,0.004337582360948825
0.0193,0.003978150859012852,0.0007530712295437786
0.01931,0.0057735756602402405,0.006611791065896133
0.01932,0.005387764319179001,0.0023736776362601477
0.01933,0.004921910099294296,0.0013370305651287401
0.019340000000000003,0.006949733550933683,0.004233580573086284
0.019350000000000003,0.0012985046808603037,0.0034691762277575013
0.019360000000000002,0.005762427932265741,0.0034050626190591797
0.019370000000000002,0.004285039902980535,0.0016229862271897083
0.01938,0.005970919781034121,0.0027754848895894784
0.01939,0.0005259535411301962,0.0033305410648605894
0.0194,0.006802150242123129,0.003299829297965709
0.01941,0.008316827324957496,0.004932256341777786
0.019420000000000003,0.005519380251198232,0.0038181560350717633
0.019430000000000003,0.0047062981115480965,0.0035487372877652783
0.019440000000000002,0.0042393383721760335,0.0051379507422668
0.019450000000000002,0.002973221355162681,0.0019250604900027854
0.01946,0.0025995004008471587,0.008168788841474515
0.01947,0.005907583023557599,0.0046870956176588525
0.01948,0.002732874627325552,0.005325427153495222
0.01949,0.004615768053092196,0.00450771164208375
0.0195,0.0028966769230616344,0.004400542552316647
0.019510000000000003,0.004003257318182112,0.002549413471227633
0.019520000000000003,0.0063201439373453076,0.0010058509863383517
0.019530000000000002,0.005982490697137195,0.005450869559076929
0.019540000000000002,0.0030946577521397834,0.0024418709288990584
0.01955,0.004408900707711043,0.004647230702060051
0.01956,0.004550249086198102,0.004950913502427475
0.01957,0.008382925407378077,0.003068985215746656
0.01958,0.0014276132265800732,0.005736895963361634
0.019590000000000003,0.008225609419045394,0.004871215438066155
0.019600000000000003,0.002684490049519071,0.003838523771723724
0.019610000000000002,0.0026239475989847253,0.00537264914407403
0.019620000000000002,0.0021594209636510626,0.003487310112326526
0.01963,0.0028543333528712584,0.004341846458125264
0.01964,0.004131332922678726,0.004442350568422589
0.01965,0.004909724693778998,0.0021161374528914007
0.01966,0.006119785053506009,0.003992553223578168
0.01967,0.0028899802893403484,0.008572566531264203
0.019680000000000003,0.005820906053465877,0.0037848210764617365
0.019690000000000003,0.00769946222504285,0.007775602039416726
0.019700000000000002,0.0045793618155799,0.004787394304027398
0.019710000000000002,0.0028950625500439456,0.0037988422134230294
0.01972,0.004473950641958725,0.004463510039445818
0.01973,0.00553860430808039,0.0052141410006996776
0.01974,0.005349376302946249,0.0016736268543790316
0.01975,0.0029981644569289645,0.0030029247472115814
0.019760000000000003,0.004311625201467108,0.006197916319647347
0.019770000000000003,0.002551236167660583,0.0033821652691432514
0.019780000000000002,0.0067841409333105505,0.0034978679176448577
0.019790000000000002,0.0057999610718601265,0.003819166156462018
0.0198,0.005393704162204725,0.0036419324050590636
0.01981,0.006215276508794354,0.001009391803060286
0.01982,0.004155529503057281,0.004693276971445446
0.01983,0.005950552013370638,0.007086663738890637
0.01984,0.004102120222490938,0.007060348767727031
0.019850000000000003,0.003567129983419351,0.006759304693166554
0.019860000000000003,0.006521120012617614,0.0022757212124878586
0.019870000000000002,0.005501272398485081,0.004000793078119244
0.019880000000000002,0.0061393713186832215,0.003657347825657703
0.01989,0.004274717930265587,0.006842706297453033
0.0199,0.004692776886150418,0.005757987785928979
0.01991,0.004440524041975807,0.0074390955379863635
0.01992,0.003535566134238246,0.0028781077155430783
0.019930000000000003,0.007942278180141515,0.0032171276314256927
0.019940000000000003,0.008096400899707295,0.005891327084409409
0.019950000000000002,0.004585961388506849,0.0004816843701659591
0.019960000000000002,0.004857632752428956,0.004312156687376452
0.01997,0.007231713432332495,0.007286416076179773
0.01998,0.003528312257907306,0.005712510272498122
0.01999,0.006430099624725417,0.006257597047748614
0.02,0.005897683879819534,0.0002264010371452697
0.02001,0.004590467980001419,0.0018006059232623978
0.020020000000000003,0.004497110135701031,0.00607265407742884
0.020030000000000003,0.005513632237052096,0.00640945174820908
0.020040000000000002,0.005587847338091942,0.0015172424246687002
0.020050000000000002,-0.00013634553720713247,0.004412135994447757
0.02006,0.0044785045707332796,0.002161251038047171
0.02007,0.0015061120801669842,0.0026462800143785365
0.02008,0.004519392734624248,0.005448145892190643
0.02009,0.005286647041536846,0.007333148421668208
0.020100000000000003,0.002839185989833317,0.005879755273223437
0.020110000000000003,0.005006000861494051,0.005507599178522306
0.020120000000000002,0.0040393829721204165,0.006262244998783301
0.020130000000000002,0.0055038715891724925,0.0027606174815735605
0.02014,0.004890383439214924,0.0036410188137811538
0.02015,0.005893797673918188,0.0017611999931412426
0.02016,0.004857747095367758,0.004911990837561567
0.02017,0.00498350669261027,0.006815881541700267
0.02018,0.0064665152569731614,0.004107660060535727
0.020190000000000003,0.005352857586728365,0.004714575238660452
0.020200000000000003,0.005727088335577074,0.00047255050677933634
0.020210000000000002,0.004318446324136947,0.0011556106050151062
0.020220000000000002,0.0074790706522620265,0.004003411825719126
0.02023,0.004536836753199831,0.0059193275352922604
0.02024,0.005769178196536904,0.0018690857292940075
0.02025,0.004783727879836019,0.0034566425799000093
0.02026,0.0014374828854212735,0.0027470457098002204
0.020270000000000003,0.004560478131145629,0.0038983178449819226
0.020280000000000003,0.00196410609548523,0.006432172287668167
0.020290000000000002,0.004725373048147956,0.004204568570565945
0.020300000000000002,0.005731872721444811,0.002553931087320312
0.02031,0.005844311725921801,0.0033965553633324565
0.02032,0.0031394390896239454,0.00527822058482609
0.02033,0.007916968336468228,0.005581605170485566
0.02034,0.006780586254089873,0.0030913059185867604
0.02035,0.0017404022277283915,0.007113462767053917
0.020360000000000003,0.009045682084756828,0.00721942174462834
0.020370000000000003,0.004266091105809373,0.0018251598771042042
0.020380000000000002,0.002807308324204752,0.0007675836601910703
0.020390000000000002,0.004724927277666177,0.007347024835971761
0.0204,0.004657370104265493,0.004740934728567419
0.02041,0.007692900209337432,0.0033287181960922094
0.02042,0.0090137801663966,0.008121717410605842
0.02043,0.004681505607648271,0.0029830797275397555
0.020440000000000003,0.00633921546997923,0.0034437179147664364
0.020450000000000003,0.0026326400957049903,0.006701864535480086
0.020460000000000002,0.007379656517800765,0.004451029749140371
0.020470000000000002,0.002422043510277306,0.0016815732370517701
0.02048,0.005163242930453411,0.003141502753188835
0.02049,0.004267609886922033,0.0061857901000150935
0.0205,0.006417165845663564,0.006898768003714966
0.02051,0.002970572286014591,0.0034567182434439517
0.02052,0.006470793708291887,0.005039876686358158
0.020530000000000003,0.008018602730115844,0.004985411925217137
0.020540000000000003,0.008651071884001564,0.005224992511637662
0.020550000000000002,0.007080200345413132,0.0034985452952546155
0.020560000000000002,0.004985451712359258,0.005968082163128279
0.02057,0.008183845532357643,0.005605285306834041
0.02058,0.004792557614422049,0.006902099406313464
0.02059,0.000575955877705544,0.0013035781697118263
0.0206,0.006324193734745178,0.004176881597268552
0.020610000000000003,0.00617296475228376,0.00427809752837411
0.020620000000000003,0.006104841067669049,0.0025210943271261003
0.020630000000000003,0.0061049341451603605,0.006139346398127254
0.020640000000000002,0.007406075541831934,0.008178243190749324
0.02065,0.005454183648686604,0.0046995739221691295
0.02066,0.0019206543281054824,0.0030895459806464217
0.02067,0.004581847670585447,0.00625362480949266
0.02068,0.003747022200254275,0.0057462825541648695
0.02069,0.004966793712346267,0.003799882982017796
0.020700000000000003,0.005468837850698992,0.0033725230533167712
0.020710000000000003,0.004113988251041936,0.0007458804599544213
0.020720000000000002,0.004477167236317045,0.003196132341228368
0.020730000000000002,0.003942126645286479,0.004990431009117845
0.02074,0.0062923655721592725,0.004621690032196816
0.02075,0.00696694515996822,0.0053090409022512955
0.02076,0.004387015582162064,0.003232820395685657
0.02077,0.005603785688539898,0.005306682992428835
0.020780000000000003,0.007774843153146607,0.006542110557143808
0.020790000000000003,0.003897221921307063,0.003956367490916724
0.020800000000000003,0.006323217010871009,0.00629699108060683
0.020810000000000002,0.006860133876951351,0.004033855221694685
0.02082,0.0024751632452992755,0.0021643533874262707
0.02083,0.005529489261833998,0.004847292441158407
0.02084,0.002787877242105716,0.004252595536453204
0.02085,0.006248698531754023,0.001861617922138373
0.02086,0.007197258123628172,0.0034096237527643258
0.020870000000000003,0.007503503921070775,0.003098395861456945
0.020880000000000003,0.0029360407800528747,0.0032496413669835566
0.020890000000000002,0.004800009623892439,0.003389570017455673
0.020900000000000002,0.004559317225765303,0.004835074505495838
0.02091,0.004649975603138372,0.004035533684337126
0.02092,0.0015748958934174617,0.004951768661452192
0.02093,0.004815956521119361,0.007389572638818969
0.02094,0.003116247282580171,0.0005530099606473812
0.020950000000000003,0.006232529181755762,0.004863268485576021
0.020960000000000003,0.0029805408061801004,0.0011113302618949768
0.020970000000000003,0.008073215038813801,0.006999662567858385
0.020980000000000002,2.4522867408969216e-05,0.0032556092348008793
0.02099,0.008328835379255342,0.0032205435764933697
0.021,0.004020241764308067,0.0036077633277304057
0.02101,0.0027606873256236703,0.0007643436778164469
0.02102,0.007108591013870236,0.0004886344295423582
0.02103,0.0054990544946185525,0.005948280195938277
0.021040000000000003,0.0021030742696760713,0.0023271972663764006
0.021050000000000003,0.007432900600733528,0.005242130266060579
0.021060000000000002,0.003772986246376788,0.006581457479403164
0.021070000000000002,0.007421644623257349,0.0047156773989587945
0.02108,0.00320926831716336,0.003351287039540342
0.02109,0.005583377938049035,0.0038016071151931487
0.0211,0.006889534564819095,0.0011198608338588239
0.02111,0.0020241089897296465,0.004541763331354335
0.021120000000000003,0.004030563141380737,0.0029265358871658842
0.021130000000000003,0.0014785545337160427,0.004220336708326752
0.021140000000000003,0.00491017384138972,0.00548881477893712
0.021150000000000002,0.005154512491534072,0.003917260349127111
0.02116,0.0073717177496665535,0.0015581454836935639
0.02117,0.006091511247786156,0.0008413972405273947
0.02118,0.003343025467624463,0.0017589886790804238
0.02119,0.006584650799913599,0.00405409374616331
0.0212,0.004994775825374845,0.001972059401876778
0.021210000000000003,0.004423411992732233,0.0026592058297899143
0.021220000000000003,0.0057907257691487395,0.0022045651200444777
0.021230000000000002,0.007684421309816834,0.0008361973411223195
0.021240000000000002,0.0034128098399030873,0.007542370005464762
0.02125,0.004156589020063986,0.0015588222975209736
0.02126,0.005466026738316801,0.00323840567846892
0.02127,0.003357160285659159,0.0019980589737754557
0.02128,0.010566665278522284,0.003687307123521778
0.021290000000000003,0.0011798007040191008,0.007178440666596045
0.021300000000000003,0.006254094679679879,0.0026586984075534794
0.021310000000000003,0.003166732224539449,0.005539186879366026
0.021320000000000002,0.0045401513673847035,0.0003408955641994787
0.021330000000000002,0.008609485660343582,0.003325480087416565
0.02134,0.008027167001508437,0.006750940635392355
0.02135,0.003035022325946046,0.006261060052788177
0.02136,0.0037351742908312917,0.00046188865217822693
0.02137,0.004189881123760468,0.004991174228320828
0.021380000000000003,0.004114622314977618,0.003582411839292709
0.021390000000000003,0.007328245946232918,0.004410105675624673
0.021400000000000002,0.003355535569771551,0.0056017874539420025
0.021410000000000002,0.00543850175309668,-0.0008448738069583468
0.02142,0.005900874964779489,0.004982602098686006
0.02143,0.0050854300059691784,0.005982954630744733
0.02144,0.0037014192795686717,0.004873161729796822
0.02145,0.0019133064994655293,0.0050149515008336195
0.021460000000000003,0.008954363518944013,0.002211666509447046
0.021470000000000003,0.003529658842759257,0.0027819567075440693
0.021480000000000003,0.005310278630336475,0.002076523325297195
0.021490000000000002,0.005893796101562987,0.005896883938486268
0.021500000000000002,0.006121015030307084,0.0006669812718142838
0.02151,0.007043675287027541,0.0060791549262727024
0.02152,0.006714682149127753,0.0049507124690174684
0.02153,0.0054957575753060125,0.0062704145412976866
0.02154,0.008903425559620926,0.0023001624911858057
0.021550000000000003,0.007213669108901486,0.004034416794435592
0.021560000000000003,0.004799092041854407,0.001134397082018534
0.021570000000000002,0.004489879251504417,0.002213535919107658
0.021580000000000002,0.004132769232493146,0.002012300339812378
0.02159,0.004163681434517486,0.003397059565840818
0.0216,0.0052560282606506975,0.0009803876281510178
0.02161,0.002172502440225796,0.00493432286750015
0.02162,0.0034696829111560594,0.006360160780395894
0.021630000000000003,0.005516119096865457,0.0054252322749693575
0.021640000000000003,0.007887984899498487,0.0035928930264194467
0.021650000000000003,0.003918647552250746,0.0059563263976936745
0.021660000000000002,0.006087668894297686,0.0038388670844360755
0.021670000000000002,0.007852578602956892,0.0037896454632322957
0.02168,0.00513623094633831,0.004257185664796582
0.02169,0.0032025169835100697,0.0043705173238306645
0.0217,0.007866246330406376,0.00510588925898535
0.02171,0.005135874131255456,0.00389302405105337
0.021720000000000003,0.005736502738988129,0.005716697757422577
0.021730000000000003,0.006294267848866326,0.003554040565898642
0.021740000000000002,0.005726374981736045,0.005178255463107455
0.021750000000000002,0.003063443526732612,0.0045554426567474045
0.02176,0.000756247539618623,0.005184654490023147
0.02177,0.006400563334275899,0.005715284720516828
0.02178,0.0042908055365534995,0.004838891440248117
0.02179,0.007929829050856594,0.007048942270862254
0.021800000000000003,0.005024598183667024,0.004500647342772544
0.021810000000000003,0.007305788197724008,0.0012210090609071195
0.021820000000000003,0.004438836853150169,0.0068943589158376485
0.021830000000000002,0.007036411956561992,0.004962350376741406
0.021840000000000002,0.002075368701983834,0.004124607075511611
0.02185,0.003908225464687523,0.004887109970985566
0.02186,0.0034703857375550885,0.0021741899028938916
0.02187,0.0009603715074757383,0.00666985049415305
0.02188,0.004291584101721481,0.004541137026955544
0.021890000000000003,0.005087672059816022,0.0020925818331042193
0.021900000000000003,0.0025750417447429294,0.00221742359075894
0.021910000000000002,0.003647858071899668,0.00496187038489211
0.021920000000000002,0.003503783111806752,0.007722243106677082
0.02193,0.0071505441076204854,0.00584658480008411
0.02194,0.004857947935897213,0.007259030934229211
0.02195,0.004662278291960267,0.004168550301415081
0.02196,0.005439262555736412,0.005635322782774369
0.021970000000000003,0.006374153665282368,0.003282029621920271
0.021980000000000003,0.0040353742087931126,0.005512689475521951
0.021990000000000003,0.006532859065453273,0.0034467845993955844
0.022000000000000002,0.0019290341183240416,0.003819457850392275
0.022010000000000002,0.006351486325654487,0.007845526834288203
0.02202,0.0027095433842823924,0.0033821536406282854
0.02203,0.004327676877840619,0.00694750973592252
0.02204,0.005037625803196183,0.0024218487551426627
0.02205,0.0062259242848014245,0.0034278275568187734
0.022060000000000003,0.0026607841990364555,0.002452160611675758
0.022070000000000003,0.008578667793670527,0.0050067282052963305
0.022080000000000002,0.005327129247409886,0.003739124732712564
0.022090000000000002,0.0056969321853568705,0.00479998644537866
0.0221,0.005697997635411869,0.004469806989791735
0.02211,0.006852282247078372,0.004286927664053484
0.02212,0.003159833604752946,0.00301647526014692
0.02213,0.001158699708519559,0.008295557251138437
0.022140000000000003,0.006843272213623977,0.0025823839132359722
0.022150000000000003,0.004555099380052075,0.002969373746985523
0.022160000000000003,0.008204909665959556,0.0014039740663508928
0.022170000000000002,0.005349793640780772,0.004027274316975018
0.022180000000000002,0.006775545180389779,0.0040369130617119876
0.02219,0.0016064766777152094,0.003743297270904875
0.0222,0.0031795966237500345,0.004405293364429905
0.02221,0.007993301878174042,0.0007678850222047531
0.02222,0.003525529197046554,0.003141950750807104
0.022230000000000003,0.004363739457279487,0.005728189042768322
0.022240000000000003,0.004780939911119708,0.005080144130788006
0.022250000000000002,0.003877509875123126,0.00470898824370434
0.022260000000000002,0.006685678559224662,0.0027851412357741377
0.02227,0.006693826990834055,0.004355086564068157
0.02228,0.007223058805137593,0.003848101826934908
0.02229,0.005895655326980786,0.0041703296734449495
0.0223,0.00494176930492169,0.004770003412329975
0.022310000000000003,0.006208836699993139,0.001753613060596629
0.022320000000000003,0.008003517032245406,0.0005340170415264944
0.022330000000000003,0.003767653769055775,0.004065405129019018
0.022340000000000002,0.005963018221818885,0.0074068883838213665
0.022350000000000002,0.0014227517238317596,0.0032397550393417473
0.02236,0.0008866962631722012,0.004318987121842622
0.02237,0.005684759068445678,0.0074379344465095336
0.02238,0.005383690204426049,0.006344992919566103
0.02239,0.006311123751762081,0.0033870458756801248
0.022400000000000003,0.002326557124328814,0.004808146385903313
0.022410000000000003,0.00216130373636817,0.006849155365033553
0.022420000000000002,0.004822412843181447,0.006649695383962168
0.022430000000000002,0.004187137579769959,0.004797641385981959
0.02244,0.005567293688000687,0.004170450740519336
0.02245,0.004284306596685149,0.005046050088088918
0.02246,0.0032983288718431473,0.00184286637920678
0.02247,0.007637339086312552,0.005716671912381207
0.022480000000000003,0.005284498543564859,0.007593219508776452
0.022490000000000003,0.00461821444179853,0.006908939904503118
0.022500000000000003,0.005505923928508427,0.0022146305970775636
0.022510000000000002,0.008851886548462291,0.0062461523351770715
0.022520000000000002,0.004914794636355201,0.005719671617813106
0.02253,0.0043504604913570276,0.0059242255379226534
0.02254,0.00037674101762320746,0.0022269230818390243
0.02255,0.007118448553798277,0.003767812866705449
0.02256,0.005576044700565323,0.0015741507254420015
0.022570000000000003,0.008857725276621287,0.006649379356376316
0.022580000000000003,0.004761652152097065,0.0034595262873448355
0.022590000000000002,0.0072232627448549705,0.008234456746526155
0.022600000000000002,0.007072606096679347,0.008613718939208374
0.02261,0.0033214146201831956,0.0026319376148782225
0.02262,0.002789266865996371,0.005154830159992785
0.02263,0.005519388156389963,0.00396800411204882
0.02264,0.006787730398924731,0.006737160981325506
0.022650000000000003,0.0021189205415569263,0.0030791570407251614
0.022660000000000003,0.006811564897721747,0.003338220968292604
0.022670000000000003,0.0035758980383340166,0.006311370344767352
0.022680000000000002,0.002594342665744056,0.003671732941438754
0.022690000000000002,0.005831663603847799,0.003127849710975847
0.0227,0.006741719744552823,0.0031383324845202284
0.02271,0.00799368043328655,0.004025190650509033
0.02272,0.006520014867591596,0.00576932787664145
0.02273,0.003923427870735026,0.00017090351325172934
0.022740000000000003,0.005901052802187565,0.004423049859536141
0.022750000000000003,0.006292226899579825,0.0038260146902015088
0.022760000000000002,0.00432075313366945,0.008296612041691864
0.022770000000000002,0.0022379342307011305,0.005748163276421256
0.02278,0.004034472595757235,0.003609301299501757
0.02279,0.0045505047416661525,0.0026745861173778124
0.0228,0.006328193058604748,0.007063337903928197
0.02281,0.006126806328911459,0.004489410666452918
0.022820000000000003,0.003214932513812929,0.005316893083492751
0.022830000000000003,0.009501547418710642,0.0035224490980055815
0.022840000000000003,0.004437915777776366,0.0031622557934445294
0.022850000000000002,0.0042120893870470156,-0.0012055694259466652
0.022860000000000002,0.0060020236859712,0.002594520870983186
0.02287,0.0019724618739088867,0.005792600581876394
0.02288,0.0030299878779909365,0.003609477949909006
0.02289,0.008127943706724898,0.0014689797535607676
0.0229,0.0021308980714569276,0.004826618937457426
0.022910000000000003,0.00749610502535105,0.0011399182485030295
0.022920000000000003,0.0060135456683972225,0.005451195806557295
0.022930000000000002,0.0010808812657872044,0.005886794362269486
0.022940000000000002,0.006953450172703521,0.003666815417039675
0.02295,0.00770596745920293,0.006563892506694936
0.02296,0.005408547049711799,0.00338868528940697
0.02297,0.003257692019207144,0.004217043680975281
0.02298,0.006343902392644939,0.003644411525037536
0.022990000000000003,0.0008104194346867447,0.006830787501564475
0.023000000000000003,0.005586904924328552,0.003534705102352506
0.023010000000000003,0.006921812436710262,0.007343825590089746
0.023020000000000002,-0.000395290155746803,0.005163669916630489
0.023030000000000002,0.002356272029457559,0.005293957768411158
0.02304,0.00546646246850446,0.005567783864206826
0.02305,0.004213150592614799,0.0005504445628060255
0.02306,0.004311947342455522,0.005111213950569226
0.02307,0.007244506431544364,0.0019544498920371694
0.023080000000000003,0.007268880823369888,0.0030029616453494086
0.023090000000000003,0.0059406980747924755,0.003279511969659467
0.023100000000000002,0.005581178055901784,0.006083648714487922
0.023110000000000002,0.0027638472820144043,0.0029406751411389593
0.02312,0.005588839394974626,0.00910424766542737
0.02313,0.0034935737275863955,0.00838194144366346
0.02314,0.009229838839176354,0.004107644618258371
0.02315,0.004625726407954467,0.0029187296901330654
0.023160000000000004,0.005086665777185617,0.0014900143100731278
0.023170000000000003,0.00507163233002121,0.007297806730672518
0.023180000000000003,0.004002979916181719,0.003823190502939839
0.023190000000000002,0.0018239089190814485,0.005053356135415478
0.023200000000000002,0.005756193214354422,0.004433229447328383
0.02321,0.004794615871545228,0.0037209015794229987
0.02322,0.006233110717978137,0.004249376823608906
0.02323,0.005860294423671711,0.004737568192280163
0.02324,0.007478245836481547,0.005662183203592198
0.023250000000000003,0.005618155682412049,0.007345631442622954
0.023260000000000003,0.006074009940487256,0.006919305052500728
0.023270000000000002,0.006448399138199052,0.0006261337319021479
0.023280000000000002,0.007845224640253824,0.004580916508659153
0.02329,0.005132686917489507,0.004873852778643916
0.0233,0.004547671634888317,0.00476580578373504
0.02331,0.0040549274798123295,0.0068608844814387285
0.02332,0.005012545193486546,0.0035477641013773598
0.023330000000000004,0.003390911752403903,0.004851075109930043
0.023340000000000003,0.005616019702439922,0.005090964425875431
0.023350000000000003,0.0031883440011102747,0.0011123443899808288
0.023360000000000002,0.0064950728109981854,0.007284582022755158
0.023370000000000002,0.003192225547353994,0.007494772299956979
0.02338,0.0058137976523901114,0.004302355280115225
0.02339,0.004451921041595072,0.0015480363294205976
0.0234,0.007223518523641904,0.0027664508472379744
0.02341,0.003689491355111678,0.006302107314636986
0.023420000000000003,0.0014841811860772081,0.0012716501213023098
0.023430000000000003,0.005214923123629619,0.004906005571567891
0.023440000000000003,0.006221704596552037,0.003716430620947452
0.023450000000000002,0.01031401848696142,0.0038648333077704795
0.02346,0.0047927508539842715,0.0027272358287351384
0.02347,0.0055031809595439555,0.005551722295133821
0.02348,0.0076635677640340665,0.001343821890571869
0.02349,0.004765465467227351,0.005216388153335248
0.023500000000000004,0.006432615862958958,0.004336668683561223
0.023510000000000003,0.006344393543878227,0.0027062339424241124
0.023520000000000003,0.008376401442061575,0.0063100082187643215
0.023530000000000002,0.0025717801378259716,0.0021751361254256237
0.023540000000000002,0.003168837508548721,0.005681872296747475
0.02355,0.0026942709353629407,0.0036644737443927797
0.02356,0.006174180883450481,0.004194780526247412
0.02357,0.005783592907799925,0.0021960968799684443
0.02358,0.006456572572620152,0.003101868349951452
0.023590000000000003,0.004618670590529758,0.00480434534798212
0.023600000000000003,0.0054751126602916355,0.004377431612614611
0.023610000000000003,0.0037687490159407635,0.0037309623598621986
0.023620000000000002,0.005275416449348665,0.0015804802489847013
0.02363,0.004347030108300313,0.005106599931941179
0.02364,0.002718269772317421,0.006644992861236049
0.02365,0.007813416610474022,0.0018421177160320417
0.02366,0.007990476623182901,0.004045844926282182
0.023670000000000004,0.006113313914104169,0.003340295161170776
0.023680000000000003,0.007123422056207495,0.005146374390928932
0.023690000000000003,0.003650073662136711,0.002004371367305739
0.023700000000000002,0.0023588232464632464,0.004711247860423761
0.023710000000000002,0.006425419050320788,0.0056378845318730535
0.02372,0.005045562316114295,0.002022549056292077
0.02373,0.003918423356895825,0.006641827965518673
0.02374,0.004314364440762902,0.004624554595715789
0.02375,0.0031333693895972668,0.005011473998929492
0.023760000000000003,0.004370350190296365,0.006432321836238618
0.023770000000000003,0.006833883853458572,0.003348072943346511
0.023780000000000003,0.005034489684582668,0.003237840711474237
0.023790000000000002,0.0024500008156235677,0.002625776614886572
0.0238,0.005686351505153521,0.004991768680348323
0.02381,0.005588062469818549,0.003738371713478948
0.02382,0.0071581498592803725,0.0044695096957402735
0.02383,0.006699574461880045,0.0007954636152668229
0.023840000000000004,-0.002550683366693043,0.004911177856348878
0.023850000000000003,0.0024456363333232615,0.003919286244310925
0.023860000000000003,0.004692024236668346,0.007519578631811906
0.023870000000000002,0.006097262276646659,0.004677083186117413
0.023880000000000002,0.006972302506521352,0.005082947940148743
0.02389,0.004384017412586714,0.00648949218945761
0.0239,0.003080922519274213,0.004993622195136488
0.02391,0.002206334738805765,0.0047556029549810485
0.02392,0.005688505338555402,0.007701212512532621
0.023930000000000003,0.0021736301723240046,0.003147115514740129
0.023940000000000003,0.006949994893184319,0.005020111586092675
0.023950000000000003,0.005666292400533785,0.0024377928034527143
0.023960000000000002,0.004125098036857029,0.006840733291225002
0.02397,0.005204768958435839,0.005101957661928578
0.02398,0.005078463479381825,0.001985654163569131
0.02399,0.007177513958527988,0.005358876817245963
0.024,0.009922219929372795,0.002321836072790813
0.024010000000000004,0.006957145424482359,0.0017304976138427584
0.024020000000000003,0.00562774622441869,0.006307185367897124
0.024030000000000003,0.0011698365437847079,0.003944893815285996
0.024040000000000002,0.00418874117507771,0.0029514306714369305
0.024050000000000002,0.006086639995513418,0.006597303115504988
0.02406,0.005050711489381268,0.0047674909229021905
0.02407,0.005546940836182939,0.004360711376222086
0.02408,0.0031406926466122304,0.006574579793401886
0.02409,0.0059108234324406475,0.0051480397272427696
0.024100000000000003,0.003708468394640538,0.0034404220394902056
0.024110000000000003,0.0049702743966889874,0.001291199467866461
0.024120000000000003,0.0019475294643523234,0.0031585389439617124
0.024130000000000002,0.006369695153856335,0.003054345907147613
0.02414,0.0032880989159694467,0.002731835193709478
0.02415,0.0044160803393639815,0.003654074319245279
0.02416,0.0096588641492651,0.006471619178198763
0.02417,0.007378425713675968,0.006700124257862081
0.024180000000000004,0.0033322921801378466,0.0019188198392991237
0.024190000000000003,0.0031172499512342033,0.007033146807889151
0.024200000000000003,0.004237663758206942,0.0018620075807708148
0.024210000000000002,0.004471111923745702,0.0038880942180664997
0.024220000000000002,0.005870988046702487,0.0048677925914910256
0.02423,0.0036788577339801126,0.005737788536104692
0.02424,0.004057889344297679,0.0040545082112309425
0.02425,0.006710882290904317,0.003084003142983776
0.02426,0.004199689229235596,0.005551567049272021
0.024270000000000003,0.0036239838384609343,0.003599231834586946
0.024280000000000003,0.0064519928521751535,0.00847758562958651
0.024290000000000003,0.0065523759995512795,0.005315265070738279
0.024300000000000002,0.006404228841198688,0.0022241897279061083
0.024310000000000002,0.00557487802530479,0.004311621964001604
0.02432,0.005987912693420086,0.004604755643726554
0.02433,0.00610520222325008,0.00374938968065693
0.02434,0.005464080150286509,0.0019172514037158572
0.024350000000000004,0.004708107398424335,0.0071551600313654595
0.024360000000000003,0.005986598464708741,0.004332235193349965
0.024370000000000003,0.00914228836149276,0.001652991578653272
0.024380000000000002,0.0031321909145084494,0.007800668559096368
0.024390000000000002,0.005444084307176063,0.003890663799515381
0.0244,0.0029548143882004805,0.005271806474812528
0.02441,0.006443203574772587,0.002188009224770233
0.02442,0.005074793656331369,0.003706550221394958
0.02443,0.0058683603067496235,0.0021396652747579276
0.024440000000000003,0.007861362304560457,0.0062103971309630905
0.024450000000000003,0.004632177855209965,0.003946495888003788
0.024460000000000003,0.005086746445158698,0.0028232998838375613
0.024470000000000002,0.0044737938785568325,0.003839959868242139
0.024480000000000002,0.008587451622406823,0.0062743207692771
0.02449,0.007232086658662512,0.005121518863047252
0.0245,0.0031291857865331516,0.004299268847816581
0.02451,0.0073058794818173095,0.0018663051537934744
0.024520000000000004,0.0066390719326997845,0.009028636154347316
0.024530000000000003,0.007490661965842698,0.007212059202089654
0.024540000000000003,0.005804769528584594,0.006320447991602824
0.024550000000000002,0.003933449152136374,0.005976894817938803
0.024560000000000002,0.006678995601797652,0.0049655725767045545
0.02457,0.00800329812601297,0.0033087635246096996
0.02458,0.004998232406977622,0.004577840191111651
0.02459,0.003314189851925494,0.004841362840614392
0.0246,0.0019366155235878719,0.006481990803130302
0.024610000000000003,0.005468815839612532,0.003346878644480346
0.024620000000000003,0.0037078588408512945,0.00392008904793031
0.024630000000000003,0.00675419064830564,0.005485307656504226
0.024640000000000002,0.00396766069626424,0.0026983328827266152
0.024650000000000002,0.006693599570644911,0.0029462998849096762
0.02466,0.005500687476856518,0.004639086382663896
0.02467,0.006006058166733952,0.006108700298885092
0.02468,0.0028570742084038005,0.0005704230664493951
0.024690000000000004,0.004249171903198955,0.007996380748739358
0.024700000000000003,0.009429481254391407,0.008056260358079515
0.024710000000000003,0.005000237112684883,0.0008302580147314868
0.024720000000000002,0.0007011886447059615,0.003166993885348856
0.024730000000000002,0.004992186793713519,0.006996902978411703
0.02474,0.007125012385684701,0.004851044240353122
0.02475,0.003610779544276131,0.0024752568102805617
0.02476,0.0058997922872172925,0.0057914996672929694
0.02477,0.006176367472225679,0.0023287835117984097
0.024780000000000003,0.006695008448109836,0.005250383025280056
0.024790000000000003,0.003253408829454821,0.0028305007493217953
0.024800000000000003,0.006772802251173788,0.003930709157367379
0.024810000000000002,0.008575173774832924,0.005402564256529133
0.024820000000000002,0.00442468587437293,0.004380475919475056
0.02483,0.005525784325289007,0.002944687848858688
0.02484,0.0035749106433799155,0.00580482955738663
0.02485,0.007091703344389617,0.0056101939427514735
0.024860000000000004,0.008432862860761425,0.0033196657050647074
0.024870000000000003,0.008751838337692412,0.002601951053098393
0.024880000000000003,0.0033789960242675385,0.0008844565788153859
0.024890000000000002,0.004513847081213734,0.003397510662262507
0.024900000000000002,0.00645838304003873,0.004893318151982096
0.02491,0.0030216327213434943,0.003620664664833468
0.02492,0.004665726618640397,0.0008547334609412083
0.02493,0.003447828618196389,0.002865651447164505
0.02494,0.008278043737637766,0.004790760834294672
0.024950000000000003,0.006736203046421343,0.001411169042640179
0.024960000000000003,0.00780136656023519,0.007011224738228513
0.024970000000000003,0.0014173199311421966,0.002998967680385144
0.024980000000000002,0.006406613498623403,0.005698958492236186
0.024990000000000002,0.004059165595109199,0.0037997630570136103
0.025,0.004222465854208904,0.004632178416103982
0.02501,0.007812658176557137,0.002869838288261483
0.02502,0.007421015464017446,0.0028491586795351513
0.025030000000000004,0.0037251936162422837,0.00605027222406481
0.025040000000000003,0.0072653945883101164,0.006116482965629076
0.025050000000000003,0.0027910010256164226,0.0034823411823724578
0.025060000000000002,0.007069647254912091,0.004497906807856002
0.025070000000000002,0.0032773588268544375,0.005332038935101036
0.02508,0.0039962046694981095,0.008005032625778202
0.02509,0.008516577000833938,0.005624757595981597
0.0251,0.008149982594735277,0.004546725200038312
0.02511,0.006959919504223595,0.007373162789272512
0.025120000000000003,0.005921117430817471,0.003907927496983622
0.025130000000000003,0.0020219519245055976,0.004252614372491313
0.025140000000000003,0.007079118205889731,0.0063107278056811975
0.025150000000000002,0.00644207818678043,0.003337442230033838
0.025160000000000002,0.0014807813590994217,0.0034301896362731584
0.02517,0.004826811420009785,0.003795341253250009
0.02518,0.006673690765068657,0.008393131308141365
0.02519,0.005684713568062435,0.003988894149525761
0.025200000000000004,0.004920288876312446,0.004671706446737557
0.025210000000000003,0.0037832225446381234,0.004663913158965193
0.025220000000000003,0.006342512526488025,0.004843467240751564
0.025230000000000002,0.006357049736200354,0.005292169348118733
0.025240000000000002,0.0018992507443431291,0.005698993405832107
0.02525,0.0041020928848375295,0.002234153666564556
0.02526,0.0032362976148627414,0.00529349406107118
0.02527,0.005001130338020232,0.0010630520638423516
0.02528,0.006403434972641993,0.0015483521061468702
0.025290000000000003,0.005728081437375343,0.004905144899377163
0.025300000000000003,0.007220672490508585,0.00799209524571732
0.025310000000000003,0.002721245511199486,0.004324356529986939
0.025320000000000002,0.004899007638301481,0.005297382128052053
0.025330000000000002,0.0058840960655588935,0.0037253687294724344
0.02534,0.004572034672089554,0.002198137908302344
0.02535,0.007430642970467588,0.005350026330614221
0.02536,0.007291537188718021,0.0038114039883395383
0.025370000000000004,0.004143411074748471,0.0022761443671488898
0.025380000000000003,0.006175998630571533,0.002353766235819709
0.025390000000000003,0.009156571284326738,0.0018186456526208387
0.025400000000000002,0.006007647300880205,0.007568218304740175
0.025410000000000002,0.0066595887302104825,0.004786434336485
0.02542,0.003525524300561152,0.0016721265013494176
0.02543,0.007003674429105284,0.007448537272923221
0.02544,0.004586957081491063,0.0021586976350447973
0.02545,0.0005494012873281835,0.0024758687679827954
0.025460000000000003,0.00523950978461823,0.007636222688248421
0.025470000000000003,0.006814174410893733,0.005048724713602741
0.025480000000000003,0.004668751496668896,0.0032728001137492762
0.025490000000000002,0.008281370043573169,0.004841186220418045
0.025500000000000002,0.0012659577308552156,0.0030932073804254114
0.02551,0.0037558115545595315,0.0033483361419725673
0.02552,0.00659914967975593,0.004226551827745959
0.02553,0.005320682524351169,0.0070689652920016294
0.025540000000000004,0.004082576376460283,0.008170995346262644
0.025550000000000003,0.004133968829882136,0.004621569960080307
0.025560000000000003,0.004915262517738318,0.004690589053565056
0.025570000000000002,0.006367939634352334,0.005311998433899906
0.025580000000000002,0.003973607158783976,0.0021990757135473653
0.02559,0.010487271818226986,0.003477513451633353
0.0256,0.00688043977113623,0.0012307765199618655
0.02561,0.004923876352761139,0.004192237331109251
0.02562,0.006429819073021585,-0.0009976952768415747
0.025630000000000003,0.005817557542151226,0.0021483069485871715
0.025640000000000003,0.006135055363862674,0.002375708268049951
0.025650000000000003,0.003776486418166321,0.0039016881916758865
0.025660000000000002,0.0033838809828393023,0.003498451218170834
0.025670000000000002,0.0031028767408883585,0.0007837558559763117
0.02568,0.007526630983082006,0.0018585759701213495
0.02569,0.005134443947992912,0.005957032063925529
0.0257,0.004263006608318359,0.0028014945954990306
0.025710000000000004,0.005946460326401883,0.0066882704834900185
0.025720000000000003,0.003156443200605166,0.004152683566149953
0.025730000000000003,0.002031174368968809,0.0036671535641831145
0.025740000000000002,0.00556566300293948,0.0027448825787235905
0.025750000000000002,0.004584360288427829,0.0016382545657386196
0.02576,0.005653591748732323,0.0065666727897831755
0.02577,0.003306237604416901,0.0032105168982290034
0.02578,0.006506708903373889,0.006880617959059629
0.02579,0.0025163281014967094,0.004119443084536088
0.025800000000000003,0.006070060935366554,0.004253475767047495
0.025810000000000003,0.0005513069715730717,0.005460344505953233
0.025820000000000003,0.008544655872318401,0.004692063878908392
0.025830000000000002,0.0034448633789922914,0.0034330617233876044
0.025840000000000002,0.009047994187393646,0.006279817087807041
0.02585,0.006789314106835198,0.00517329291365726
0.02586,0.004188079715575998,0.0040599010764222395
0.02587,0.005355601790824926,0.005560767711760456
0.025880000000000004,0.008530378625698078,0.006698870945977963
0.025890000000000003,0.0026748659537388798,0.0049107601539261055
0.025900000000000003,0.006988255437444302,0.005701066371227545
0.025910000000000002,0.0042573555561489515,0.010292139588481016
0.025920000000000002,0.00296274854854185,0.00229811966091974
0.02593,0.0059852026809002305,0.00869867801289839
0.02594,0.003846717917462503,0.003933990471916592
0.02595,0.007674790321145255,0.004430498145305793
0.02596,0.004852090878474453,0.005598063462465909
0.025970000000000003,0.006067430437022843,0.006528250385427502
0.025980000000000003,0.008106428360760134,0.005081954041586043
0.025990000000000003,0.006108052416919016,0.004896744945638639
0.026000000000000002,0.006503944720891717,0.00457943926847969
0.026010000000000002,0.0055255635427079765,0.006862927198350653
0.02602,0.008560110026582054,0.0014551419837874149
0.02603,0.005549017387064255,0.0030934338750302154
0.02604,0.004908129827946004,0.0052764299828757435
0.026050000000000004,0.006870047441394561,0.0042477194503944505
0.026060000000000003,0.0017055882267449107,0.0025424559035140746
0.026070000000000003,0.007326366695394542,-0.0010077310994072632
0.026080000000000002,0.007909320378518504,0.005516156359004328
0.026090000000000002,0.008167917220165659,0.004077132590172054
0.0261,0.0014138534532363595,0.005335570786441375
0.02611,0.008087070056195902,0.006324863607334882
0.02612,0.004213480611076157,0.004649516593607828
0.02613,0.004474291073957231,0.0028380359142826835
0.026140000000000004,0.007451841051309779,0.0020820785738239543
0.026150000000000003,0.003754531609624722,0.002269666236925867
0.026160000000000003,0.0025627702508697384,0.004771120349005256
0.026170000000000002,0.007867372486391253,0.004109112468321516
0.026180000000000002,0.0025339721459760114,0.006159329229940215
0.02619,0.008917972879007321,0.003187529626068719
0.0262,0.004590562727929804,0.005511909612805593
0.02621,0.008792520914397303,0.0034414940939459073
0.026220000000000004,0.002884976281766536,0.005744573585288883
0.026230000000000003,0.0071491146828972,0.004494573215661884
0.026240000000000003,0.004435814978501816,0.006471641673632022
0.026250000000000002,0.006609256736912198,0.0029465870296160597
0.026260000000000002,0.005652477689664009,0.0017806168061769647
0.02627,0.006927172908843591,0.003960138493401322
0.02628,0.004685074370234321,0.004419430379049968
0.02629,0.005638215743264001,0.0062756131450302476
0.0263,0.006740885987860466,0.0041735080923237505
0.026310000000000004,0.007087146076704912,0.005288374740878199
0.026320000000000003,0.004707715628646139,0.00423803745629245
0.026330000000000003,0.005265574519822106,0.0054985699541785435
0.026340000000000002,0.004829080737138927,0.003707802345955296
0.026350000000000002,0.009501746527753045,0.0063686650892743266
0.02636,0.004044136796012582,0.005631649476768629
0.02637,0.005803144746271973,0.005273443158740515
0.02638,0.005842234028758257,0.006870199374868292
0.026390000000000004,0.00625989910861213,0.004367309919597551
0.026400000000000003,0.0076541468884187575,0.004958630586890398
0.026410000000000003,0.0058138304841645954,0.00512067885504504
0.026420000000000003,0.0053847631461861984,0.004511660738200939
0.026430000000000002,0.0043997001596152024,0.0029914453719878695
0.02644,0.003577056985650965,0.0017103862536649336
0.02645,0.0038158717350302725,0.004146391731455923
0.02646,0.005782650600031061,0.003952905604441804
0.02647,0.0008661177108329962,0.007645244333935092
0.026480000000000004,0.007751594471875039,0.005388164165953391
0.026490000000000003,0.00939472538571758,0.002542489031205229
0.026500000000000003,0.009356104376342047,0.002567361872979246
0.026510000000000002,0.006059440360566446,0.0019506880942831832
0.026520000000000002,0.005612463356833787,0.005271268416492562
0.02653,0.0052748054405582796,0.005927262942602574
0.02654,0.005783326220659092,0.003455251189685499
0.02655,0.004452782187166241,0.006122480741891212
0.026560000000000004,0.004280036546927236,0.006332031646159456
0.026570000000000003,0.008034056259114413,0.0011643704474469264
0.026580000000000003,0.007855597798556806,0.008623215994507407
0.026590000000000003,0.006094865180913727,0.0057011113523250745
0.026600000000000002,0.007665981226310868,0.0039525506942427804
0.02661,0.005957644228675583,0.0018756885670773555
0.02662,0.005871467328110182,0.005500883878302138
0.02663,0.006627637092231796,0.006636081553973811
0.02664,0.004046820751775977,0.003440590772382743
0.026650000000000004,0.009388554148495456,0.004205719676448276
0.026660000000000003,0.005998721666860038,0.004372928438175471
0.026670000000000003,0.003956407363064771,0.007754579000573381
0.026680000000000002,0.004545481403450171,0.0022535215481627895
0.026690000000000002,0.00470051917294039,0.0005052525686448754
0.0267,0.0043005405869332635,0.0025729793127523843
0.02671,0.006839088857668988,0.0031629799256495785
0.02672,0.007380955835909957,0.007307348247280838
0.026730000000000004,0.00716881529675129,0.004080175499964894
0.026740000000000003,0.005889810567960201,0.001461553974219158
0.026750000000000003,0.00534114007129221,0.0027912186555846207
0.026760000000000003,0.006998469112295847,0.009658172067916429
0.026770000000000002,0.006610577447948929,0.0005309586498349296
0.02678,0.0048895919089832224,0.004758792417526955
0.02679,0.005787885557415327,0.003052755895420736
0.0268,0.0061048728979897346,0.002029952013595496
0.02681,0.0037255909673715682,0.005807120472482974
0.026820000000000004,0.0035852012456796902,0.005592519863256022
0.026830000000000003,0.0028787197479641794,0.008046319844115045
0.026840000000000003,0.004070227337912451,0.004069906318558289
0.026850000000000002,0.006281113886421434,0.003387110904279572
0.026860000000000002,0.005907819764448064,0.0056690955670310175
0.02687,0.007543355082391489,0.006101948260347555
0.02688,0.005279628762342423,0.004226261072536634
0.02689,0.01032258817651572,0.006419873951265402
0.026900000000000004,0.003781845416768677,0.004720643298471145
0.026910000000000003,0.0049563284196931685,0.004250569621406759
0.026920000000000003,0.0031687466490427497,0.0036979627010432
0.026930000000000003,0.009251971077897467,0.0056805328144869105
0.026940000000000002,0.0006476595825716967,0.006956398203120754
0.02695,0.00781036461284559,0.003804951577478635
0.02696,0.007066756124007933,0.0028052946951108264
0.02697,0.004692841375059022,0.007521756731535353
0.02698,0.005091016801213466,0.0007857715426422551
0.026990000000000004,0.005508994811437681,0.004368628900095808
0.027000000000000003,0.008033463074956986,0.004555049312773549
0.027010000000000003,0.004794686296177858,0.006617059504616705
0.027020000000000002,0.005880556671024627,0.003027472560099424
0.027030000000000002,0.007950096918662624,0.004915412124794874
0.02704,0.005647079627566202,0.0048844760146784134
0.02705,0.0035010171535514722,0.003473922279265236
0.02706,0.0056506456082559275,0.00414047300512191
0.027070000000000004,0.008189463984937067,0.004965182628066776
0.027080000000000003,0.007355542186277993,0.004549732123207696
0.027090000000000003,0.007759438737667027,0.005326567382756866
0.027100000000000003,0.005674830478070576,0.004505516111468023
0.027110000000000002,0.0037402403002614023,0.00554648411376475
0.027120000000000002,0.0055698364382330695,0.00352923910167598
0.02713,0.007864298112787844,0.002033361283344879
0.02714,0.004807511754035138,0.006589801110449121
0.02715,0.006284678710838835,0.004439216000109251
0.027160000000000004,0.0061567695102430625,0.004894332404915968
0.027170000000000003,0.0026225672376461056,0.00383755046451437
0.027180000000000003,0.008890065857336506,0.0032179961031461443
0.027190000000000002,0.0050215510504929475,0.0034539729487801677
0.027200000000000002,0.005485253475245682,0.0033715388807656005
0.02721,0.00663389808265287,0.004932981401437695
0.02722,0.007208641778767268,0.0024370422434592536
0.02723,0.0049819973672533616,0.0040880492772397085
0.027240000000000004,0.006575104252400044,0.002953622076433261
0.027250000000000003,0.007496250455169802,0.006913465548132216
0.027260000000000003,0.0036883308815281336,0.0035594584395356333
0.027270000000000003,0.004603345606567117,0.009806546466989419
0.027280000000000002,0.004808541775783756,0.007897594736454044
0.027290000000000002,0.0031362116762217195,0.002563611680625916
0.0273,0.00429740060065261,0.0028521047172898094
0.02731,0.005135946512116772,0.003126496628493257
0.02732,0.004034195429712624,0.0068615666872713504
0.027330000000000004,0.00812160081411244,0.006443785318208682
0.027340000000000003,0.006723146753809077,0.004731248047005309
0.027350000000000003,0.004682223055007057,0.002640016466888869
0.027360000000000002,0.006403411757541565,0.002199640219332909
0.027370000000000002,0.003690714727796836,0.006853297012048105
0.02738,0.009480991226693148,0.005334630238477897
0.02739,0.007893744327065872,0.004056912757167839
0.0274,0.0030066188521519796,0.005773522026718234
0.027410000000000004,0.006821683395838829,0.004693085262291186
0.027420000000000003,0.0051994916816784035,0.006474738644476896
0.027430000000000003,0.003713914703740709,0.0030033256301617672
0.027440000000000003,0.003670306254398023,0.004721401981797531
0.027450000000000002,0.003511872066139406,0.003183540932142637
0.027460000000000002,0.00427728611395858,0.004031377833326967
0.02747,0.0027151878197768254,0.004727573655175766
0.02748,0.008185683814703979,0.004824715557235781
0.02749,0.008774858930887003,0.0072222982943619205
0.027500000000000004,0.007248827191312106,0.004704242686502564
0.027510000000000003,0.005739498656964573,0.006083039593301084
0.027520000000000003,0.0049122977737517115,0.0007909675618206144
0.027530000000000002,0.006680788542384647,0.0022944407900119595
0.027540000000000002,0.003773639748854419,0.004557594900055409
0.02755,0.005508814551327428,0.0017335647147802857
0.02756,0.006031189866548315,0.006490564141757363
0.02757,0.003444666360752958,0.007103820343742753
0.027580000000000004,0.0025821509456888467,0.008794070802293625
0.027590000000000003,0.004881115161815168,0.004851225308318775
0.027600000000000003,0.0019207126373214172,0.004436287952556741
0.027610000000000003,0.006162888230425592,0.00438880461795414
0.027620000000000002,0.004580906147275915,0.0026685684996930123
0.027630000000000002,0.007969266301051485,0.004623880487388151
0.02764,0.008790862910321679,0.003509870158604483
0.02765,0.004840914201080927,0.006194591978457594
0.02766,0.0024656994300928875,0.0021370453604096337
0.027670000000000004,0.007907765399330467,0.0022206727842090063
0.027680000000000003,0.002075839865305259,0.008302163551341649
0.027690000000000003,0.0029274533767234493,0.004933916475102504
0.027700000000000002,0.005854406172270976,-0.001055010480718186
0.027710000000000002,0.005182749193140817,0.005463641096479645
0.02772,0.006427149793986527,0.006374424381174033
0.02773,0.004944696531944202,0.005992960284949671
0.02774,0.004342169496251195,0.0017475849264014056
0.027750000000000004,0.003126519692071838,0.0016448671786716143
0.027760000000000003,0.007742297531123636,0.0015405093722653173
0.027770000000000003,0.006272352769948647,0.004038376275152687
0.027780000000000003,0.005520127776977874,0.00729800749831787
0.027790000000000002,0.004849720367117041,0.00579456424745523
0.027800000000000002,0.005802852324937254,0.00426789150145504
0.02781,0.010328814735054646,0.001689813981692173
0.02782,0.008308291365263308,0.005885878736653985
0.02783,0.004772129257753041,0.007832270745367817
0.027840000000000004,0.002036110919911215,0.0035306684730672146
0.027850000000000003,0.0033165189793879202,0.005398936767070077
0.027860000000000003,0.0035085077748788175,0.0054414657530634635
0.027870000000000002,0.005362916081550293,0.0036171979692250595
0.027880000000000002,0.006514236688337794,0.004039230574431123
0.02789,0.0035608261408934263,0.01017978774227176
0.0279,0.004764915439881724,0.00014239151642779068
0.02791,0.004056206754140146,0.0020436241868627986
0.027920000000000004,0.007393850042548097,0.005222050742925274
0.027930000000000003,0.006540139440700567,0.0038392683255698665
0.027940000000000003,0.005185168719955561,0.003838018857010716
0.027950000000000003,0.00558263857357336,0.006251115715527918
0.027960000000000002,0.0064183318459845205,0.0055812422583137586
0.027970000000000002,0.0067464552684862724,0.0063504692019219645
0.02798,0.0063247943184974184,0.005299848174526611
0.02799,0.00812726385417837,0.003252627869207813
0.028,0.004039323701742016,0.0022114441570317504
0.028010000000000004,0.006117795832748681,0.0008763904974160128
0.028020000000000003,0.0066774330960337825,0.00436603638967056
0.028030000000000003,0.008023562857039493,0.00324115553103896
0.028040000000000002,0.005348805795656209,0.0068299643664441155
0.028050000000000002,0.008522872925287077,0.0032258204909446503
0.02806,0.0061213237188257885,0.005175530675221119
0.02807,0.0065062280440316735,0.004062108873551699
0.02808,0.008322848365928455,0.000808420672306361
0.028090000000000004,0.004918981795262046,0.005484256527609867
0.028100000000000003,0.006676852942775092,0.007294480521067487
0.028110000000000003,0.008160015518658907,0.004018446582368446
0.028120000000000003,0.008364468992604415,0.003162013694055374
0.028130000000000002,0.007627663404860532,0.008211709462673654
0.028140000000000002,0.008196939347707696,0.004802772572806856
0.02815,0.005104656446702767,0.0015346164889841344
0.02816,0.006390456484394766,0.0023619318772337447
0.02817,0.004184271462270302,0.002211441959415547
0.028180000000000004,0.004850920068272167,0.004537561935780348
0.028190000000000003,0.006320098203703332,0.003393054674055633
0.028200000000000003,0.007912601126192164,0.004178224585408443
0.028210000000000002,0.00419975388368901,0.005047786768867404
0.028220000000000002,0.009703469819459881,0.005266090477042063
0.02823,0.005051818665657417,0.001541413718036688
0.02824,0.005339871412919919,0.005066759743575433
0.02825,0.005004700773786916,0.0012667012569770359
0.028260000000000004,0.004079898646247919,0.0075071144723410374
0.028270000000000003,0.00865019866974399,0.002825326206421421
0.028280000000000003,0.007128877842331211,0.002242025946825961
0.028290000000000003,0.008593164806742708,0.005090210161073085
0.028300000000000002,0.007684983584528218,0.0011701186973325007
0.028310000000000002,0.007142143505960614,0.004585524168348283
0.02832,0.007491896529333634,0.00643117477365156
0.02833,0.005920777223720725,0.0034003467588336065
0.02834,0.007349770038081061,0.004482263875727939
0.028350000000000004,0.0040459779681032626,0.0027628352271909756
0.028360000000000003,0.002838389617010611,0.0035831241647160126
0.028370000000000003,0.007999273489856698,0.004959932855268715
0.028380000000000002,0.004735525308086214,0.00621455188262594
0.028390000000000002,0.004131279173418374,0.004796107283843842
0.0284,0.005438143743612864,0.006164234693884442
0.02841,0.002644120195247573,0.0029061446373372397
0.02842,0.002523258443302843,0.00408791335044863
0.028430000000000004,0.008223777970104153,0.0035967790188150195
0.028440000000000003,0.004780728665297482,0.006351688909612052
0.028450000000000003,0.00794036961551172,0.004431664529007251
0.028460000000000003,0.0071738745422375,0.0024554641633819244
0.028470000000000002,0.008561568216711482,0.008907352394009457
0.028480000000000002,0.006849226225710153,0.0004418431039644984
0.02849,0.004691509593321735,0.005836723510133383
0.0285,0.0049661799794458545,0.007156036475182198
0.02851,0.00698663673975307,0.003199254844893055
0.028520000000000004,0.0058760284515335754,0.002825105864857295
0.028530000000000003,0.005447506074849059,0.0035041522650622117
0.028540000000000003,0.008163376816962893,0.008845929279575032
0.028550000000000002,0.0029526543185557333,0.0007680389937860539
0.028560000000000002,0.005325864294130667,0.0015782065492604453
0.02857,0.005909810882826178,0.006113476535774633
0.02858,0.008806850393083217,0.005018959767484043
0.02859,0.005433435457900257,0.0006599671395568045
0.028600000000000004,0.005873295901576487,0.004759877797323273
0.028610000000000003,0.007100019314363178,0.003200893357672558
0.028620000000000003,0.00495318095589848,0.0016624313157269466
0.028630000000000003,0.0012418814013073877,0.002402007891557716
0.028640000000000002,0.002684996634121399,0.0052929928921331085
0.028650000000000002,0.004790561786266719,0.003543660250720836
0.02866,0.003859185834219291,-0.0018444301630246782
0.02867,0.008845815841606274,0.0026207258292409974
0.02868,0.005005537013101597,0.00171204869878835
0.028690000000000004,0.007775421040099001,0.004909257039905472
0.028700000000000003,0.004180013375406422,0.003838506061611562
0.028710000000000003,0.009190287775791154,0.004477592521124297
0.028720000000000002,0.0054716452353751185,0.002741334495427584
0.028730000000000002,0.0020471347827702518,0.004304586185712309
0.02874,0.006488452476095292,0.0068243985091504845
0.02875,0.0013416747453827938,0.002375602956646182
0.02876,0.004678371591992391,0.0046193999264296
0.028770000000000004,0.005550972745141784,0.004383550247885666
0.028780000000000003,0.006658418997385734,0.002820907376300432
0.028790000000000003,0.007711696914298779,0.005494964442884148
0.028800000000000003,0.005204937049284274,0.007830441488031536
0.028810000000000002,0.008958621595102407,0.006494982142665756
0.028820000000000002,-0.0001901356714622592,0.007787647529108412
0.02883,0.007437683660215007,0.008643140513976563
0.02884,0.008324284944807463,0.007787574472021453
0.02885,0.007607855008830627,0.007328841376506167
0.028860000000000004,0.009839982738718002,0.005065130301986029
0.028870000000000003,0.002708464520112152,0.00401766485515421
0.028880000000000003,0.006634007560885609,0.00478292763793712
0.028890000000000002,0.003362183587072974,0.0013715830169824675
0.028900000000000002,0.004374173743410498,0.006249763161802377
0.02891,0.009018370588222873,0.00646798504424872
0.02892,0.00797373799190438,0.004473784421737447
0.02893,0.0023759112791604327,0.003725540142296849
0.028940000000000004,0.0053437405541163704,0.0036424420511295447
0.028950000000000004,0.005971852698887835,0.005519952250180951
0.028960000000000003,0.007569687342488639,0.0040814386922266065
0.028970000000000003,0.002057332560758793,0.003672488658025941
0.028980000000000002,0.005953466980859971,0.007084425601723355
0.028990000000000002,0.0047316257267166675,0.005664462660417786
0.029,0.006448612844545386,0.0047277421014570884
0.02901,0.007730699728694782,0.0033188242588401817
0.02902,0.004720456646712502,0.0046172706089504835
0.029030000000000004,0.0045917334035511055,0.0056576624258152085
0.029040000000000003,0.004446839085133179,0.005094811833651778
0.029050000000000003,0.005674075849410535,0.005072620908173852
0.029060000000000002,0.00495613670357269,0.0039651579361442025
0.029070000000000002,0.006068836550608919,0.005048049070331478
0.02908,0.005869613119555867,0.008055190290194745
0.02909,0.0038977424639930255,0.004516623492886793
0.0291,0.0027331580244006003,0.005389759532329798
0.029110000000000004,0.003651123179669756,0.004089541542139129
0.029120000000000004,0.005138688202788432,0.005208509772801671
0.029130000000000003,0.0047784360372371245,0.0034566815768435864
0.029140000000000003,0.008756932237834972,0.005216991992853439
0.029150000000000002,0.0047643194620249855,0.00414675649511086
0.029160000000000002,0.009178333346700148,0.004178659496331694
0.02917,0.0045102728922387265,0.0032795623540688877
0.02918,0.004791776293858591,0.0034611245984588644
0.02919,0.0033319370979573745,0.002402285226027525
0.029200000000000004,0.004233796006890365,0.005834392821171118
0.029210000000000003,0.005131166564779768,0.00423749275827034
0.029220000000000003,0.008435021996919707,0.007242395776494643
0.029230000000000003,0.005331801291208438,0.003391219783492153
0.029240000000000002,0.004168396205818819,0.006039063660714325
0.02925,0.005489048447030486,0.003881087645404852
0.02926,0.0042723402705562765,0.0031153099012099826
0.02927,0.006540992737042114,0.0020243314691863992
0.029280000000000004,0.00789182110194523,0.003588083983721231
0.029290000000000004,0.005604019613891342,0.0019823826142382813
0.029300000000000003,0.0058797678422707715,0.004000261893201019
0.029310000000000003,0.005805547166362094,0.007600886812379397
0.029320000000000002,0.00626231353055874,0.003068715873564567
0.029330000000000002,0.004485487122997622,0.005848861829127762
0.02934,0.008506723462025726,0.005223000703606327
0.02935,0.007287972736559325,0.005879205303058104
0.02936,0.008749886873666495,0.0007611146948061287
0.029370000000000004,0.007247407157781714,0.0066283323016484786
0.029380000000000003,0.0032367335324718417,0.002890089009238009
0.029390000000000003,0.00421382754703654,0.003204410137848628
0.029400000000000003,0.004953171476582394,0.00514776130012568
0.029410000000000002,0.007649167850191556,0.006825754723141963
0.02942,0.004243385830800236,0.002974279934081602
0.02943,0.008551889474956505,0.0059577389166180685
0.02944,0.006087189757594068,0.005611489501711468
0.029450000000000004,0.005863067226864273,0.005714550612162122
0.029460000000000004,0.0052517565526819365,0.005203556201172434
0.029470000000000003,0.0029040134391328264,0.003290942819749088
0.029480000000000003,0.0045722992201594455,0.003918296411088224
0.029490000000000002,0.004074511538377466,0.0036005542850714063
0.029500000000000002,0.002899926838305499,0.005765607539953646
0.02951,0.005764945282051942,0.0012583564134062471
0.02952,0.004261530297803685,0.005342539517342668
0.02953,0.004846364468038992,0.003276018766785328
0.029540000000000004,0.005784441692241965,0.005357661773961849
0.029550000000000003,0.0030621412618049536,0.005771288674403411
0.029560000000000003,0.00433547918711573,0.004635740775766321
0.029570000000000003,0.00586644548886201,0.003618029468138414
0.029580000000000002,0.003891186744011611,0.004101353592957066
0.02959,0.009190387767211872,0.0019499416050274138
0.0296,0.009325574547467928,0.004154414293022071
0.02961,0.006012913151689062,0.0025009999741515032
0.029620000000000004,0.004400853741116858,0.003669167251234148
0.029630000000000004,0.003853225339032822,0.004257715583719182
0.029640000000000003,0.005131806653499939,0.008377678723362807
0.029650000000000003,0.0036151136727374713,0.004882062405016825
0.029660000000000002,0.006443978666199961,0.002536605200360471
0.029670000000000002,0.007323165603566696,0.003881157191279915
0.02968,0.0009659562723810253,0.0059980753539842615
0.02969,0.0037180792235055105,0.0025833911437002977
0.0297,0.007328991027591417,0.0039851829709348936
0.029710000000000004,0.007789957487596542,0.007100403020004252
0.029720000000000003,0.004665783045784501,0.006267160708512673
0.029730000000000003,0.00444594559948649,0.009147432432141852
0.029740000000000003,0.004572180885620416,0.006733940355137065
0.029750000000000002,0.007646903096084732,0.005314505986957987
0.02976,0.004619465329016673,0.004380100222682776
0.02977,0.001654604492041572,0.005132300141576946
0.02978,0.00666224090528359,0.0049510237557224435
0.029790000000000004,1.7627885817566094e-05,0.0021533168748668324
0.029800000000000004,0.0044692887084260245,0.005268472473649953
0.029810000000000003,0.006545379392340764,0.004345271860452782
0.029820000000000003,0.007238424023071787,0.002633799525929779
0.029830000000000002,0.007189634792606317,0.0056363333134923045
0.029840000000000002,0.006725506541462594,0.004323333064174075
0.02985,0.00963311748390126,0.005674370121233406
0.02986,0.004036191330737501,0.0051851545091288215
0.02987,0.0074790634996241565,0.003512891168825988
0.029880000000000004,0.008153875393466426,0.005453740582858607
0.029890000000000003,0.0012916088449725404,0.005289581926708383
0.029900000000000003,0.005165742299421294,0.005765162397695717
0.029910000000000003,0.007867465844613212,0.00508169165556924
0.029920000000000002,0.009310776656456986,0.004334518581045555
0.029930000000000002,0.007231144328405199,0.006302382282667773
0.02994,0.005788053708191272,0.006250610533022838
0.02995,0.004794637105959626,0.0038484898572728357
0.029960000000000004,0.003360243605225909,0.005177009702997375
0.029970000000000004,0.006636962715209455,0.007053282559172034
0.029980000000000003,0.00756997822248366,0.004125729897409636
0.029990000000000003,0.0036325781627254998,0.005561586581490417
0.030000000000000002,0.008211683679879594,0.006206820486979845
0.030010000000000002,0.008160372657139219,0.004273236237193034
0.03002,0.005059420418850652,0.003223777352760171
0.03003,0.005882106645840837,0.0045409632204577565
0.03004,0.0064084965367878725,0.004440114651154139
0.030050000000000004,0.005729127998360899,0.003145886209889586
0.030060000000000003,0.007880864141174004,0.0048528751888298706
0.030070000000000003,0.0056499813805983385,0.0032055453043734338
0.030080000000000003,0.00333628664301636,0.007316896940641785
0.030090000000000002,0.007110634374914906,0.0014536976133373838
0.030100000000000002,0.007528886135838811,0.0065470603802619
0.03011,0.006252598836398257,0.007898884571122958
0.03012,0.006438531415721946,0.0018695804621715328
0.030130000000000004,0.006736676156250618,0.005193586858693951
0.030140000000000004,0.004800990962969541,0.005851474665091493
0.030150000000000003,0.0026735011189070942,0.00668605538128148
0.030160000000000003,0.00425383571992993,0.002735594210333809
0.030170000000000002,0.00578367754416585,0.005571997050061516
0.030180000000000002,0.006340423664095438,0.0032212975951920126
0.03019,0.005001645889841184,0.0024410959642223473
0.0302,0.005565714092171969,0.006857787819839471
0.03021,0.006007797931943779,0.006427138631898793
0.030220000000000004,0.008928376883780478,0.0035328378157120878
0.030230000000000003,0.005645678593315294,0.009051825307283172
0.030240000000000003,0.008908763305190793,0.0013651952649938563
0.030250000000000003,0.006795624986571093,0.004711689032968822
0.030260000000000002,0.0076754869415061894,0.0032211762453230276
0.030270000000000002,0.004344616833876189,0.0033595570821648843
0.03028,0.0048812298372684654,0.0063429115794068494
0.03029,0.0036639384293247123,0.003467600179607227
0.030300000000000004,0.0024495703355374575,0.006727628360910627
0.030310000000000004,0.008570910151993577,0.004059810587864022
0.030320000000000003,0.005434206556482225,0.005620965990731599
0.030330000000000003,0.008980325130943292,0.005532308419059221
0.030340000000000002,0.004637533559130686,0.0014780065190384147
0.030350000000000002,0.003803621745180373,0.004862655304153491
0.03036,0.0047244765497817445,0.005106716557587808
0.03037,0.004930541389354643,0.0026010530267788472
0.03038,0.0036835844852517686,0.007842619653682423
0.030390000000000004,0.007816882074263237,0.008179511286090428
0.030400000000000003,0.007120067707272643,0.003859057314757054
0.030410000000000003,0.008688107583459448,0.0046534688809925905
0.030420000000000003,0.006484369615351256,0.00463452087959523
0.030430000000000002,0.00015013847679154046,0.007930204418790523
0.030440000000000002,0.007027216152887325,0.005380945274940523
0.03045,0.005922917987792369,0.0050487195556504095
0.03046,0.004853174598479287,0.005955587383963184
0.030470000000000004,0.0034347986464166296,0.0050951303116800566
0.030480000000000004,0.007173405649334245,0.004326219949527359
0.030490000000000003,0.0067932581747754735,0.0027414542063068847
0.030500000000000003,0.004121133439078356,0.005198122009722627
0.030510000000000002,0.0074111511912769625,0.0009755212369774065
0.030520000000000002,0.007099358564281938,0.003639414331080054
0.03053,0.0056709710430663685,0.002047346272219928
0.03054,0.0043546151732591016,0.006659197561717816
0.03055,0.006124843350611115,0.003961954902459809
0.030560000000000004,0.005827407360210975,0.005706500154468512
0.030570000000000003,0.006942641035164622,0.004578587307771334
0.030580000000000003,0.008248838757278117,0.006670131390092208
0.030590000000000003,0.006890933602414757,0.004838994494226828
0.030600000000000002,0.007380101259826028,0.0053588705886757765
0.030610000000000002,0.008188329256138108,0.0065300233198807844
0.03062,0.004031491870879821,0.0025595390510407593
0.03063,0.0046667716650905435,0.006684307603692554
0.030640000000000004,0.002917924360279569,0.005522109837849152
0.030650000000000004,0.00679690065641793,0.0070584560182453794
0.030660000000000003,0.006433764497203994,0.0020473059662359434
0.030670000000000003,0.004155650358207171,0.0023702985555554006
0.030680000000000002,0.004999746033197094,0.004369051321992772
0.030690000000000002,0.003746025123264804,0.007676743301302859
0.0307,0.003427620165881035,0.00742819103667486
0.03071,0.008449784231731984,0.00653315416319953
0.030720000000000004,0.004693200738669561,0.0054220157030928275
0.030730000000000004,0.0035272679978689985,0.0065594929018962436
0.030740000000000003,0.005935317540458388,0.003919603296043487
0.030750000000000003,0.003637074776789763,-0.00021620361222834776
0.030760000000000003,0.0040087606513710804,0.006964969922619455
0.030770000000000002,0.0052814539333614855,0.004401280730205133
0.030780000000000002,0.007399508462045081,0.008351841120513561
0.03079,0.00873968854156655,0.002796398283425352
0.0308,0.002205818106820082,0.009460861743092294
0.030810000000000004,0.010630223023609536,0.005119105358769526
0.030820000000000004,0.0035525443930634944,0.006669216182029173
0.030830000000000003,0.005878835130244942,0.004517365823796902
0.030840000000000003,0.007885002341396788,0.005412642527091167
0.030850000000000002,0.003725737521714256,0.0040949741342078995
0.030860000000000002,0.007420956426034698,0.005765527428029299
0.03087,0.006623967479577142,0.006612433878965937
0.03088,0.005377784655325344,0.005103492515322318
0.030890000000000004,-0.0006486547305718784,0.003847417580271106
0.030900000000000004,0.007631594665255182,0.003966494045125274
0.030910000000000003,0.005172619983261821,0.0026649420956707743
0.030920000000000003,0.008113093011793623,0.005845339574748284
0.030930000000000003,0.007758477423444585,0.001296550140911918
0.030940000000000002,0.005788035685331783,0.004189321095330102
0.030950000000000002,0.005549080446111004,0.003518053078366613
0.03096,0.005419303947353531,0.0064499627952864565
0.03097,0.0022870989607648344,0.008305827839231224
0.030980000000000004,0.007081773639784026,0.004667139594502001
0.030990000000000004,0.007929049951254551,0.0018486989876211187
0.031000000000000003,0.004787270664275685,0.004510782714924494
0.031010000000000003,0.008849084579588044,0.004660505528940846
0.031020000000000002,0.007019365094103591,0.0035749058206796013
0.031030000000000002,0.007094232352329313,0.008109108129857085
0.03104,0.008112894610843935,0.004592282109836128
0.03105,0.007474116486358408,0.005910793146346498
0.031060000000000004,0.007137604251575344,0.006980231120978729
0.031070000000000004,0.008334678985022922,0.004502572378148892
0.031080000000000003,0.00741077692307804,0.003991264912864102
0.031090000000000003,0.004282169784667754,0.004219032437834485
0.031100000000000003,0.005977054606193765,0.001435423175848541
0.031110000000000002,0.007851572916874869,-0.0007755004750052506
0.031120000000000002,0.01156183912217505,0.007763473864949912
0.03113,0.00561148579761039,0.004779133556935107
0.03114,0.006740745554274128,0.003582525309702473
0.031150000000000004,0.006521339222611359,0.004473411391702386
0.031160000000000004,0.005948855173309469,0.005124898747175042
0.031170000000000003,0.00351164525219707,0.004841681353402066
0.031180000000000003,0.0064668971448783325,0.005020806444710899
0.031190000000000002,0.0057096415059201275,0.007039388062875856
0.031200000000000002,0.00543529983539637,0.005218889645725821
0.03121,0.008738502505403981,0.004606050885516076
0.03122,0.006574137029717364,0.004572599238869843
0.031230000000000004,0.008621253704785522,0.004250484746866509
0.031240000000000004,0.0087145274615694,0.004559323452011906
0.03125,0.004430203616703314,0.006125810966579735
0.03126,0.005541092720780345,0.00600863182074495
0.03127,0.0006929255120378909,0.0047786059565725755
0.03128,0.005233830147682115,0.002642243483208468
0.031290000000000005,0.005047865775365016,0.0036219200045578036
0.0313,0.006059683794545801,0.002035238820960579
0.031310000000000004,0.0067895111221437324,0.007502886777976418
0.03132,0.006720129305893661,0.006388999903835943
0.031330000000000004,0.008348706545418227,0.0072445672014699695
0.03134,0.009901168920668559,0.0037737496863160273
0.03135,0.004725234039006666,0.00633965049945829
0.031360000000000006,0.007580045499240448,0.006324635336287979
0.03137,0.009943389596144058,0.004796590103340503
0.031380000000000005,0.007018450012603547,0.0028136393460350107
0.03139,0.01043809192571021,0.004101891584546214
0.031400000000000004,0.005552331185494226,0.0040820472377470635
0.03141,0.0048802852690274685,0.0033172385298367137
0.031420000000000003,0.005123982946313428,0.002045086394300755
0.03143,0.004602070779453038,0.008675170111403608
0.03144,0.007645332598095836,0.006629617895437659
0.031450000000000006,0.008529756160264128,0.008446644339682126
0.03146,0.0026338103417817152,0.0023191746649938966
0.031470000000000005,0.004570525567580566,0.0038400470029652896
0.03148,0.005578152139202145,0.0038861172066112434
0.031490000000000004,0.006619227364783613,0.004851228826027503
0.0315,0.004736259154297239,0.00043010623904426656
0.03151,0.004197511128862395,0.003683292251178971
0.03152,0.005690410050647919,0.002523000420404041
0.03153,0.005204276966438531,0.002520926359845224
0.031540000000000006,0.005935572762875341,0.002637284294586857
0.03155,0.004490724311993762,0.002166664520668138
0.031560000000000005,0.005882854985430529,0.0030517030910489273
0.03157,0.008004748255681008,0.005596865029754263
0.031580000000000004,0.0060527999265007435,0.003190759384337623
0.03159,0.0069548688096707795,0.006167698057755879
0.0316,0.006480530156099539,0.007994265907537327
0.03161,0.007115753697848933,0.006614642566930752
0.03162,0.006464936220977424,0.00613932299128122
0.031630000000000005,0.004605569851835915,0.0038717633292307554
0.03164,0.006899186951331216,0.005473325007711912
0.031650000000000005,0.007217011618230566,0.006990477836282492
0.03166,0.0033531743583395924,0.0028413529819548713
0.031670000000000004,0.0066635913162585835,0.0033420968574770964
0.03168,0.012961312452207642,0.005822829421926662
0.03169,0.006050444811533772,0.0037610177186506687
0.031700000000000006,0.005248113087887923,0.0048528036875462865
0.03171,0.00643373327038093,0.0038796901946280393
0.031720000000000005,0.005664797269818501,0.007482223772721133
0.03173,0.008981444653608053,0.005298288739632581
0.031740000000000004,0.0035312488478815786,0.005871793269962198
0.03175,0.00932366736910246,0.007534915357077053
0.031760000000000004,0.007685288985377578,0.007640765279875646
0.03177,0.006324541229824105,0.0060526915449433775
0.03178,0.004857557569432308,0.005381582773516471
0.031790000000000006,0.008879513820229229,0.0036187713142544287
0.0318,0.004498895717435447,0.004993162311529947
0.031810000000000005,0.005769796027744932,0.006097046192246123
0.03182,0.005317939857764886,0.008236196318439153
0.031830000000000004,0.003646445804725403,0.0073073530174448
0.03184,0.004697439252429054,0.0012084843543896206
0.03185,0.006704228348437964,0.004291800251000652
0.03186,0.004010600245815713,0.001438828860124866
0.03187,0.00621443897303766,0.006753822868524157
0.031880000000000006,0.007402409720681527,0.004916128846008376
0.03189,0.007191540689734791,0.004748853768097825
0.031900000000000005,0.00337574048878656,0.001962060568539005
0.03191,0.005830195972079255,0.004483108494133169
0.031920000000000004,0.007939843066814152,0.006319590064179845
0.03193,0.007449489046519944,0.004244982762265285
0.03194,0.00347926460633267,0.005630257056504035
0.03195,0.0072922541318790855,2.9618473670901466e-05
0.03196,0.004574586319144891,0.003425139282533742
0.031970000000000005,0.006481310910570355,0.0032010938330655292
0.03198,0.006169689816650751,0.004387311501885713
0.031990000000000005,0.005929009088071261,0.0033761595020437804
0.032,0.004970687631638399,0.0026489806997357828
0.032010000000000004,0.007010142962232393,0.005952286829469768
0.03202,0.004710123155745918,0.007851928540588726
0.03203,0.005623507770535586,0.007871586395833003
0.032040000000000006,0.004969808562604492,0.0007586264182839223
0.03205,0.007059811441280428,0.0053094390286614985
0.032060000000000005,0.006325556900515397,0.003528450732314373
0.03207,0.006188979015547431,0.003790963668220627
0.032080000000000004,0.005654779129567976,0.006497314014366199
0.03209,0.006629268157018272,0.006034519220636067
0.032100000000000004,0.005798452761369337,0.004131148721899112
0.03211,0.003956581431366107,0.004075677180450221
0.03212,-0.00037732525672794486,0.0036358734897357485
0.032130000000000006,0.006102513505086277,0.005944231772471358
0.03214,0.005730264754073972,0.005512798614970003
0.032150000000000005,0.001909402481566667,0.004704344917721426
0.03216,0.002911334160241408,0.002401978707719911
0.032170000000000004,0.005897369239491189,0.007371680857078559
0.03218,0.007015475099672638,0.004856182043430009
0.03219,0.0062353626806095335,0.003393029456244572
0.0322,0.005187819169843304,0.005675606552908328
0.03221,0.003506428147915874,0.006007529807803719
0.032220000000000006,0.005501498890893571,0.0064731031283478185
0.03223,0.008202064432972478,0.001476388251210773
0.032240000000000005,0.005118081139423358,0.003112068224339741
0.03225,0.0026571525380367092,0.0027586243983288264
0.032260000000000004,0.011166486616899299,0.0060432781203699935
0.03227,0.010119917978592323,0.006483022611993076
0.03228,0.0048030234921502225,0.0040618507695765905
0.03229,0.007464950606157354,0.005700973027939286
0.0323,0.005134763305443336,0.0018065417651470256
0.032310000000000005,0.012866339463446392,0.004544796274319303
0.03232,0.005640709715691634,0.005054332087045931
0.032330000000000005,0.005808101399356691,0.005073688542551479
0.03234,0.008868824889623702,0.004579701363491584
0.032350000000000004,0.003970881842595489,0.004506078357593969
0.03236,0.005368872227698634,0.007677731472838732
0.03237,0.008641287655629071,0.005045551279251918
0.032380000000000006,0.003742952219481128,0.002379284459951693
0.03239,0.006332045523548385,0.005504282662456034
0.032400000000000005,0.005553929102245898,0.0038718653210663067
0.03241,0.005118952685285189,0.004785984363490531
0.032420000000000004,0.0015404035294347097,0.0026306868499120675
0.03243,0.0050532042967880095,0.007248914349949018
0.032440000000000004,0.004681057131061356,0.005195412125567253
0.03245,0.006763149018124964,0.0074308767644974925
0.03246,0.0088365981066164,0.004720605756414356
0.032470000000000006,0.00536185426279133,0.0035085134588838957
0.03248,0.005832078429754884,0.003968680956267942
0.032490000000000005,0.0074228415009318875,0.005677935330260249
0.0325,0.0075005715510273255,0.007356451178677904
0.032510000000000004,0.010044090578034072,0.005087778633423776
0.03252,0.00851866372547918,0.004135699600177177
0.03253,0.008691134679250485,0.006962606434014716
0.03254,0.008339337864295669,0.005028295984590741
0.03255,0.004987175492669537,0.0020516676398955615
0.032560000000000006,0.0062452039867564235,0.007907317844564915
0.03257,0.005706975866114274,0.00641211420659511
0.032580000000000005,0.00801595642381292,0.004275056900744868
0.03259,0.008962131939629463,-0.0009743238079743272
0.032600000000000004,0.003885331037807599,0.003012301458268119
0.03261,0.004692791570117831,0.005516660355113866
0.03262,0.006913687933402739,0.005632684030755733
0.03263,0.007527166718875974,0.002945062213832746
0.03264,0.003900043693187801,0.005638479214061008
0.032650000000000005,0.005077324469579567,0.0017054582895818593
0.03266,0.008281870670908737,0.0076371807560947184
0.032670000000000005,0.009454898062066062,0.0052215609814603575
0.03268,0.007593835352355046,0.007587850613452822
0.032690000000000004,0.005060535156009858,0.007070038196001525
0.0327,0.006895555478908649,0.0066766748268382355
0.03271,0.006718346026870239,0.00744233366915341
0.032720000000000006,0.006794605185642405,0.0018824308916209806
0.03273,0.009252809302590339,0.002955896323053625
0.032740000000000005,0.008856471538828254,0.004671040870252581
0.03275,0.008703776873112289,0.0071216327248453445
0.032760000000000004,0.007213441340741539,0.005869735026337899
0.03277,0.007199813821929471,0.0008255838086367135
0.032780000000000004,0.006592618927837649,0.002621673933464046
0.03279,0.006699735388118196,0.002568486191694586
0.0328,0.00398886053787602,0.00806480932141685
0.032810000000000006,0.008499063226422097,0.004847224216214402
0.03282,0.006731110491691743,0.004360246437706933
0.032830000000000005,0.007502731396378949,0.0035045388942332523
0.03284,0.008351865336621678,0.004351043118639474
0.032850000000000004,0.005526097699963861,0.004901212046324542
0.03286,0.005184905627827025,0.005515719952536871
0.03287,0.005293882421453047,0.005795971739024235
0.03288,0.00880202970769401,0.0034208504754183514
0.03289,0.006110275463503109,0.005782724626711191
0.032900000000000006,0.0055011221358274316,0.0057892737100090266
0.03291,0.007485045755309777,0.0070277255649217
0.032920000000000005,0.005163679851618291,0.002976220992264086
0.03293,0.005761917797056366,0.002926836290589992
0.032940000000000004,0.007507482340338321,0.0025394079030105596
0.03295,0.011045932849523382,0.007455335797063088
0.03296,0.006406466358761645,0.006598838667489896
0.03297,0.0031091266243055728,0.009911365989050873
0.03298,0.005203717389771909,0.0046241941805437664
0.032990000000000005,0.0026736970299794716,0.00583833333740154
0.033,0.004174293010383119,0.005069640008269396
0.033010000000000005,0.005299850909928275,0.0027114104102885003
0.03302,0.004781095955614324,0.00531904418128045
0.033030000000000004,0.0038282569299511603,0.0033704146421251143
0.03304,0.007719206289020607,0.010073567643240827
0.03305,0.007349258551722325,0.0030346545568692264
0.033060000000000006,0.005661274694988113,0.0049329258398269835
0.03307,0.005698075993841126,0.006676434186015068
0.033080000000000005,0.006833296459657513,0.006686592686256754
0.03309,0.005770886251162087,0.007522458458807028
0.033100000000000004,0.00606822774201104,0.002929648423203139
0.03311,0.010757265493242327,0.0012226428490141866
0.033120000000000004,0.004926573843978933,0.0036191128602313686
0.03313,0.011422091148061864,0.008487456592795274
0.03314,0.00939476294160575,0.00421299180017012
0.033150000000000006,0.011260691460475543,0.005611583472991949
0.03316,0.008364291739053977,0.005234840608032751
0.033170000000000005,0.006312262149730891,0.004372462918757603
0.03318,0.005993346348833205,0.006093574025192993
0.033190000000000004,0.007148457726973212,0.004814218489249314
0.0332,0.009434538660121864,-0.0010557743652544653
0.03321,0.00743669846851487,0.006313779769023001
0.03322,0.008712283760875293,0.0047491300981415295
0.03323,0.00683563296566879,0.006851340412643674
0.033240000000000006,0.009403561201941666,0.004278942382803218
0.03325,0.006956616279164194,0.008237733030543285
0.033260000000000005,0.002176047638831065,0.0035011306925982265
0.03327,0.009357211584732674,0.007066802391680532
0.033280000000000004,0.007471868646684542,0.003985103852495582
0.03329,0.004664780585641062,0.0037004372766509764
0.0333,0.00952587414661807,0.0036265540955777494
0.03331,0.006634144518530307,0.003376595185407471
0.03332,0.008118288300136145,0.003807128958329563
0.033330000000000005,0.006238994875450223,0.001518388339636573
0.03334,0.0032088893662228554,0.0049010701220328235
0.033350000000000005,0.0037867554792842795,0.009096468186853897
0.03336,0.002315468285798228,0.0032865155269391193
0.033370000000000004,0.006473361735320881,0.004157171508205592
0.03338,0.004233115349767214,0.002972153007944069
0.03339,0.004461545143079968,0.004315136644199929
0.033400000000000006,0.010348159285900528,0.005045026017790502
0.03341,0.008811550669363354,0.005903675551253722
0.033420000000000005,0.008674923846344136,-0.000709634266416119
0.03343,0.005839733145078594,0.007505136708657461
0.033440000000000004,0.005306628457212749,0.008416383760252891
0.03345,0.009419332105063186,0.0039537476111505005
0.033460000000000004,0.005446677234871798,0.0028653690164840173
0.03347,0.005195269066436931,0.0024279742757002567
0.03348,0.007313533931138136,0.001981631165409967
0.033490000000000006,0.007664832426814017,0.006150453339349887
0.0335,0.003136413193429157,0.007994504997196807
0.033510000000000005,0.007487496988342842,0.006394835712127347
0.03352,0.004944405179646071,0.006140769836750813
0.033530000000000004,0.00871598045405251,0.004699366778394599
0.03354,0.010468497234795007,0.0049852848690247285
0.03355,0.008747683469863751,0.005483745282869879
0.03356,0.007638615279463027,0.0015556352487590382
0.03357,0.007211140828261717,0.0034289217438760243
0.033580000000000006,0.00477769867281165,0.008387650524534301
0.03359,0.006044417516397724,0.00289341274987699
0.033600000000000005,0.005755158281246345,0.00229968825738787
0.03361,0.009342654796753403,0.0035097995776448704
0.033620000000000004,0.007534950850270793,0.007613946892651843
0.03363,0.005477511542275042,0.005966350774701933
0.03364,0.004419111518689684,0.009794417542145752
0.03365,0.008353511424175293,0.004518238068160811
0.03366,0.004936552023435471,0.004676030429934588
0.033670000000000005,0.005803721175789862,0.008810485281877192
0.03368,0.004034089117532986,0.005174771707221583
0.033690000000000005,0.006449953177539819,0.00467092099537902
0.0337,0.006270867558335668,0.004674172760086078
0.033710000000000004,0.008235705368030378,0.006124856106567218
0.03372,0.00732886963620428,-0.0011605186282893686
0.03373,0.007092110152008209,0.0015967543074100416
0.033740000000000006,0.007786635533501248,0.007857600744137378
0.03375,0.004642992600120601,0.004385617595221264
0.033760000000000005,0.005298235848978021,0.007380615672162076
0.03377,0.006688480280332458,0.008366984012521877
0.033780000000000004,0.007327410984507115,0.005395798793568189
0.03379,0.006637795031965494,0.0065474558620530355
0.033800000000000004,0.0030274887789457717,0.005082732856323723
0.03381,0.006364248818394001,0.006363455932013364
0.03382,0.006130419847461835,0.002835722792626857
0.033830000000000006,0.006522006586567446,0.002748084037477768
0.03384,0.0026582638144430322,0.006368583543624438
0.033850000000000005,0.007668395214484768,0.005849094005425385
0.03386,0.009117613570269596,0.0035854219251302034
0.033870000000000004,0.003651013927142793,0.004775999792106263
0.03388,0.005819727929827273,0.0032320416040206384
0.03389,0.006356517370287436,0.0036939964890140044
0.0339,0.0028456930912691583,0.004035427195892072
0.03391,0.004246442139218487,0.005381650569122127
0.033920000000000006,0.005208612605941624,0.0071421912751377945
0.03393,0.00972990474314054,0.006278265026540288
0.033940000000000005,0.003421611568439016,0.00793046828481157
0.03395,0.00967659699580888,0.00495823136925368
0.033960000000000004,0.009172501418480875,0.0038178741833473032
0.03397,0.0027956510721918217,0.0034012297483903557
0.03398,0.009988239360636456,0.0019402129981651757
0.03399,0.006530175722884706,0.004991234905556701
0.034,0.005506681046625844,0.004036478246595859
0.034010000000000006,0.0066786250248868076,0.0037997711438723953
0.03402,0.0036915078314949394,0.005354734149350968
0.034030000000000005,0.008683856908952969,0.006664389790916256
0.03404,0.0049191525775858815,0.0024233634675954836
0.034050000000000004,0.005971748367685211,0.008061976917452768
0.03406,0.007832821762128517,0.006334897905903028
0.03407,0.008322841833841167,0.0057690763869209065
0.034080000000000006,0.006785848206666988,0.006252731820038646
0.03409,0.005453802940547248,0.002099766824332805
0.034100000000000005,0.007993633913416206,0.0074047439345245655
0.03411,0.004312681919549706,0.006573685619630899
0.034120000000000004,0.009912183839313533,0.004925925239044745
0.03413,0.004916155518783581,0.0051770300335341
0.034140000000000004,0.0054526002903256075,0.0036981075668261186
0.03415,0.007421545563737658,0.0017246839934494267
0.03416,0.003668829651965055,0.004971299917714808
0.034170000000000006,0.006513581353448842,0.005620402581367568
0.03418,0.01031016101041796,0.005142896826799057
0.034190000000000005,0.007757567205437709,0.002983378267992905
0.0342,0.008098611773545913,0.003882237850966911
0.034210000000000004,0.006707092525138005,0.004717897830583904
0.03422,0.008631714616277767,0.0023162175292507957
0.034230000000000003,0.0020008050379992258,0.004509880859025076
0.03424,0.007505861857421846,0.0052418606781147944
0.03425,0.009034725731723554,0.005812643006434134
0.034260000000000006,0.005444139384663322,0.00028763313982418503
0.03427,0.0060987312509866035,0.006994967301279471
0.034280000000000005,0.0057907807058492035,0.0049962657315893635
0.03429,0.007419118213723535,0.002909616422192071
0.034300000000000004,0.007824391815744822,0.008215020776319382
0.03431,0.006233816520780128,0.0026832244376207522
0.03432,0.006447765258679934,0.0004931612085610614
0.03433,0.007256298816207957,0.005847054385272617
0.03434,0.009935290740169527,0.004555092308921472
0.034350000000000006,0.007402515583009011,0.003221082013424394
0.03436,0.00587421831124095,0.0018938637292553206
0.034370000000000005,0.006199021847962652,0.004334192740348208
0.03438,0.007188530054935756,0.003698193792128067
0.034390000000000004,0.0067583515522579,0.0042792040077689174
0.0344,0.005930193297911683,0.005107265398064843
0.03441,0.006675770081335548,0.006469465512541189
0.034420000000000006,0.006354971149957333,0.004247923485816818
0.03443,0.006236176250221778,0.003518942761512955
0.034440000000000005,0.005879503777447223,0.009011165294162368
0.03445,0.004775504170721905,0.00439211213494898
0.034460000000000005,0.005827420997801969,0.004455658574963328
0.03447,0.005941457244855088,0.005509059060873822
0.034480000000000004,0.0031851241054921004,0.007025498924893266
0.03449,0.007872179261969927,0.002465989991700956
0.0345,0.002070399381291648,0.0029981661183259597
0.034510000000000006,0.006124762180311544,0.010113471517738677
0.03452,0.007698151121901742,0.0013382857948929052
0.034530000000000005,0.00523386918511873,0.004847617656942603
0.03454,0.00712209122202852,0.0023251223086184943
0.034550000000000004,0.00634628849290078,0.003519919317471248
0.03456,0.004410297577352624,0.00547496651342988
0.034570000000000004,0.008167115722796266,0.006638435465366176
0.03458,0.007769681672556315,0.003962191600829607
0.03459,0.008051557009993998,0.005575617363427278
0.034600000000000006,0.006891890693528166,0.0037347001285504278
0.03461,0.005631805038657562,0.005106438193750828
0.034620000000000005,0.011506857519570372,0.005561727296230426
0.03463,0.0054062838012851255,0.0032950415258390145
0.034640000000000004,0.005646680729974866,0.009314985455976948
0.03465,0.005833254743602202,0.006774717840757546
0.03466,0.005881466556855958,0.00548392413049845
0.03467,0.008218369541613136,0.0038183276906526803
0.03468,0.0053542125659768215,0.008280451187634943
0.034690000000000006,0.008607179481049826,0.006544634910863458
0.0347,0.008214105032171086,0.005883019791355602
0.034710000000000005,0.010676663766037917,0.005052264026421037
0.03472,0.007797197508354409,0.002063200240282007
0.034730000000000004,0.004994312976946292,0.0025639668396618383
0.03474,0.00919392403666027,-0.00013889665560034865
0.03475,0.0058427402883587075,-0.0010206506803345072
0.034760000000000006,0.00498634895328996,0.0039854435696942084
0.03477,0.00942023228980367,0.005761176359587178
0.034780000000000005,0.004985773362513024,0.007100427000599114
0.03479,0.006689288175603106,0.005044212426736042
0.034800000000000005,0.004249848860215665,0.002989630498086462
0.03481,0.005006566438356699,0.005063159757347953
0.034820000000000004,0.006814102609400311,0.008059001892000879
0.03483,0.007430012564642493,-0.00044373539952083114
0.03484,0.007186758235410717,0.002071942767507552
0.034850000000000006,0.004731105400355895,0.0033482160977493323
0.03486,0.005337944552918063,0.002222835888012662
0.034870000000000005,0.0070731601191064385,0.002152109802526536
0.03488,0.00738110720230217,0.009448236297363074
0.034890000000000004,0.004010630710324789,0.004405853375201429
0.0349,0.001624011909799149,0.004373583308881136
0.034910000000000004,0.007957939714412377,0.006417312338971965
0.03492,0.006828812613192989,0.006755140777899197
0.03493,0.011767774938594266,0.00840180342626159
0.034940000000000006,0.005632205694042755,0.002075566272533188
0.03495,0.005866527379400704,0.0030843889795814316
0.034960000000000005,0.007583108942962807,0.0026165477687701
0.03497,0.006536353593205583,0.006655543365172768
0.034980000000000004,0.006482192301843219,0.003087468090928523
0.03499,0.009034798731152479,0.001222714399288444
0.035,0.006031168053618098,0.004897936866648785
0.03501,0.006720164013931365,0.005342829722621966
0.03502,0.007910815852358626,0.004911603502064325
0.035030000000000006,0.005955410149392153,0.004167820533355876
0.03504,0.005470086597361469,0.006558666786876665
0.035050000000000005,0.005401653718551636,0.00667770334501119
0.03506,0.006734302307890335,0.003942232575475245
0.035070000000000004,0.007934713032018443,0.0035304154755523114
0.03508,0.007975862131936634,0.005411356777008867
0.03509,0.0055084411165362696,0.00604375544893461
0.035100000000000006,0.007795867386129176,0.007302106387737047
0.03511,0.008636580396898793,0.005970196649831055
0.035120000000000005,0.004450703905794744,0.009885404091596215
0.03513,0.0039002538225143594,0.006887338045489398
0.035140000000000005,0.007571655316702435,0.0026411086086453694
0.03515,0.006462088246785989,0.00483246931300663
0.035160000000000004,0.00932345900263626,0.003563935092228911
0.03517,0.00619000801101824,0.00031899956564523414
0.03518,0.010185029070868431,0.0028507842483512114
0.035190000000000006,0.0073709316832822995,0.004789487109656824
0.0352,0.006522715502376694,0.006612608849757815
0.035210000000000005,0.010062850850177904,0.005496454407222861
0.03522,0.008032091472480542,0.005651832404724332
0.035230000000000004,0.008758608808287636,0.004068798913039064
0.03524,0.008875938609563268,0.0072162138210598616
0.035250000000000004,0.008891844077039308,0.0036755008500595158
0.03526,0.00639170837032567,0.005475313134677073
0.03527,0.003988314149999347,0.008186802223290978
0.035280000000000006,0.006707060796791,0.005565400310153066
0.03529,0.005579221633312286,0.0023443722220593878
0.035300000000000005,0.0055267884171772185,0.005437118600139037
0.03531,0.008083324516941057,0.00532287626858811
0.035320000000000004,0.0074315346567321704,0.004325823479167152
0.03533,0.007732204520625004,0.007966125081289712
0.03534,0.008150908069535615,0.006620126324057137
0.03535,0.007330984814001105,0.0019953156866356716
0.03536,0.004655242820634111,0.005911960784901619
0.035370000000000006,0.006724322681838352,0.005882478393919548
0.03538,0.010100673564239151,0.006455448136699169
0.035390000000000005,0.00926722612333985,0.005193322514521258
0.0354,0.005136650382282195,0.004888811094769419
0.035410000000000004,0.00514320717888907,0.008121717084846918
0.03542,0.008335123073742491,0.006046736003355016
0.03543,0.00922785848633123,0.0009661821007481419
0.035440000000000006,0.007933880194217226,0.002385587361989161
0.03545,0.006744726154307831,0.004384047827781733
0.035460000000000005,0.008084345086790436,0.0054644217542793305
0.03547,0.009452741574430245,0.003804837099864799
0.035480000000000005,0.00818237242594154,0.0053336621828402875
0.03549,0.003495200582466618,0.0031725672414580812
0.035500000000000004,0.006467663589577702,0.0072349695501072765
0.03551,0.007696505365440114,0.0026759675769497436
0.03552,0.00649006744924377,0.009047166779462075
0.035530000000000006,0.006994788292960056,0.004357487471883673
0.03554,0.007757463687281634,0.0065395096045428695
0.035550000000000005,0.005863291559475968,0.00601845790088099
0.03556,0.006119494177565714,0.0064525485461759055
0.035570000000000004,0.007118305472756706,0.005978414070832756
0.03558,0.005262199121455593,0.003372490806833829
0.035590000000000004,0.008673208952792517,0.00485685605471567
0.0356,0.007353933031702144,0.004403443290287467
0.03561,0.008582967375549793,0.0038011995960542805
0.035620000000000006,0.006515962705374956,0.006589390678064999
0.03563,0.009134753020443274,0.003970472052255666
0.035640000000000005,0.010709839103899933,0.005645059688665133
0.03565,0.004706269216834061,0.005757266150958993
0.035660000000000004,0.006027782996195427,0.005887884866392878
0.03567,0.006709725700460346,0.005168881196614918
0.03568,0.004973909300798685,0.0070010422880507255
0.03569,0.004486500267096505,0.0028039761325816055
0.0357,0.00753513573802811,0.008227780601126587
0.035710000000000006,0.006096889976518179,0.006424623022378651
0.03572,0.00895041874954253,0.006652633608795817
0.035730000000000005,0.0061829851385694036,0.00284175774430955
0.03574,0.0023919710042895536,0.004498756711732485
0.035750000000000004,0.009164906390770574,0.002776692360779325
0.03576,0.008210817967683484,0.0031253059777488308
0.03577,0.007024211147095453,0.006441781061832879
0.035780000000000006,0.0054947439466901836,0.005367754078925562
0.03579,0.005985222079027463,0.006437669007973653
0.035800000000000005,0.007287710129323711,0.005140974100296442
0.03581,0.009935447861982406,0.006353158186508844
0.035820000000000005,0.005439717469963093,0.004857405339723775
0.03583,0.006670298005455351,0.005190359615548822
0.035840000000000004,0.011872789616822078,0.005772011674351171
0.03585,0.0027536425276980716,0.003945297453997657
0.03586,0.0029623812152424463,0.004371886481934223
0.035870000000000006,0.0028541837728544225,0.003288889742795861
0.03588,0.003789041136582991,0.0058009788203079015
0.035890000000000005,0.0068332440078507336,0.00563917094956529
0.0359,0.00662474471712563,0.002245238795330084
0.035910000000000004,0.007862573571103098,0.008878871468647012
0.03592,0.007655640456535303,0.004183161293262463
0.035930000000000004,0.0039827665439770565,0.0032194647858099874
0.03594,0.007746666938077616,0.007182423108226683
0.03595,0.0073640078367486084,0.00663655005342679
0.035960000000000006,0.008259320973104852,0.006050432768485935
0.03597,0.005528707429400211,0.00538579961389991
0.035980000000000005,0.005150590285912703,0.005073399192861708
0.03599,0.007510765370205389,0.008396697691700006
0.036000000000000004,0.004231267916132812,0.00600273422209942
0.03601,0.009814899749078482,0.006558003468419793
0.03602,0.008520013298379266,0.006216286810763586
0.03603,0.00945248838688375,0.0028665298349751815
0.03604,0.00408566421947636,0.005029407148553712
0.036050000000000006,0.0025368926396151584,0.007503956390463395
0.03606,0.009302347686129767,0.0041765531191271365
0.036070000000000005,0.0061210777050207665,0.0048991488209764915
0.03608,0.0069683629590337765,0.005298781246668379
0.036090000000000004,0.007982489790124232,0.0046997704345129905
0.0361,0.008754117261730376,0.005937508522507029
0.03611,0.005655510003427737,0.007716428227295943
0.036120000000000006,0.00415463032711756,0.004862461289409826
0.03613,0.008806687671297816,0.0036012368167564145
0.036140000000000005,0.007493673899867139,0.006134652432499155
0.03615,0.005155225776767993,0.0049036081078556535
0.036160000000000005,0.0065649779297347255,0.003945678248774329
0.03617,0.011483048544519066,0.003523531748026243
0.036180000000000004,0.00889127385347931,0.004264733020947188
0.03619,0.004709856488983932,0.005256554238357139
0.0362,0.008183032415251963,0.006892535697292737
0.036210000000000006,0.010011093827650997,0.010942600020154757
0.03622,0.007389311155690628,0.0037265140839980466
0.036230000000000005,0.0077957517274190565,0.004520863620673839
0.03624,0.008743656844834777,0.002459552117300105
0.036250000000000004,0.011630116368726733,0.006766568187067368
0.03626,0.003527163136470218,0.003637005579544954
0.036270000000000004,0.00852905833961829,0.007408342982584172
0.03628,0.004354147269298929,0.00648229815681573
0.03629,0.0030056702457128175,0.004878166410593267
0.036300000000000006,0.009126172339278434,0.003954398467026988
0.03631,0.0038899639194564808,0.005350451406033183
0.036320000000000005,0.00569610184761416,0.006317730532038194
0.03633,0.005136618981964129,0.0035139321080482973
0.036340000000000004,0.0028670006743992497,0.005399687497961489
0.03635,0.006588930115463643,0.002683621024175348
0.03636,0.007300073303410439,0.007115123358270925
0.03637,0.006483077082776228,0.005597909149721554
0.03638,0.007462573774288385,0.0026535081908204165
0.036390000000000006,0.011030862435694294,0.004121060882278608
0.0364,0.008231663932712335,0.006601783896808917
0.036410000000000005,0.006641983226922635,0.006277536295019593
0.03642,0.007414555096300405,0.002229259735956306
0.036430000000000004,0.0062601156429370666,0.0038400305544148672
0.03644,0.006002916578679219,0.0024577192156028235
0.03645,0.009181020935874369,0.008270304196337792
0.036460000000000006,0.008885907522382077,0.00760797075516277
0.03647,0.006242381193283046,0.0037949921608178405
0.036480000000000005,0.005376227301423749,0.006356229305031329
0.03649,0.007389279261843102,0.004914249768894545
0.036500000000000005,0.00952720323914259,0.005879169737586509
0.03651,0.005261345107530518,0.0037080633146815197
0.036520000000000004,0.008304402451459211,0.007153940726634965
0.03653,0.008045533028341887,0.008864846671062066
0.03654,0.010213944848615531,0.005953735104874697
0.036550000000000006,0.005268528395903662,0.002452282777672283
0.03656,0.006172686668893545,0.006579279166282779
0.036570000000000005,0.010602506009900203,0.005908340921183706
0.03658,0.00928842038234752,0.004583426565740516
0.036590000000000004,0.008198277239166177,0.0067213499899126065
0.0366,0.0029953158860149282,0.0042483536263816435
0.036610000000000004,0.008855671911436717,0.0056247629101649765
0.03662,0.004565009009865038,0.0002161766030219954
0.03663,0.006228246838950257,0.0049338451923487715
0.036640000000000006,0.005193732915366546,0.005363781784174966
0.03665,0.007976124059023426,0.006419581692124567
0.036660000000000005,0.0022532857302803378,0.0024502327044280976
0.03667,0.006357652567066997,0.006223744820559439
0.036680000000000004,0.007947141444547053,0.006023734221995184
0.03669,0.006203614359217253,0.004425323328945977
0.0367,0.00551556980605969,0.006617574446918395
0.03671,0.005133030143218013,0.006781855078293753
0.03672,0.007391494848822148,0.004992289538530104
0.036730000000000006,0.005664149506912783,0.0023718910912070017
0.03674,0.005684048009714883,0.004423557505200926
0.036750000000000005,0.0022430893994211092,0.004689457471769365
0.03676,0.00883163854488038,0.006219200244619327
0.036770000000000004,0.0059922991317507375,0.00517923379347256
0.03678,0.005874170108988052,0.00538347953803479
0.03679,0.010068504552147403,0.007023552663418751
0.036800000000000006,0.00803166846714099,0.0041013823325454
0.03681,0.008491748889053833,0.0017139954663031405
0.036820000000000006,0.006488958684951059,0.006255769533280862
0.03683,0.008476302923208345,0.0064287131117506
0.036840000000000005,0.007586918022178682,0.004698091724195484
0.03685,0.008075006036584143,0.003184417265848699
0.036860000000000004,0.005311498330104776,0.005214206478470208
0.03687,0.007349048210523793,0.0014401046610756497
0.03688,0.007914747066145807,0.006637389781083226
0.036890000000000006,0.006851686521254511,0.009841463713493658
0.0369,0.005642190790375207,0.004370955056732873
0.036910000000000005,0.006219732514529972,0.004941352512663603
0.03692,0.0063542233436770295,0.0022807051131918006
0.036930000000000004,0.005920384341098282,0.00489968339368538
0.03694,0.009472434384887153,0.009500010030747042
0.036950000000000004,0.009688048628984527,0.003545364239619409
0.03696,0.005627293551980847,0.004778064075365492
0.03697,0.010589843820425916,0.004766472174157
0.036980000000000006,0.004367525662774716,0.004095565169729606
0.03699,0.008538468582378134,0.006478399279782721
0.037000000000000005,0.006625740516522191,0.006465947472967572
0.03701,0.002481648053176094,0.005307376113534487
0.037020000000000004,0.008751183249894885,0.0034345907288091653
0.03703,0.005358956625306083,0.0013680207275313604
0.037040000000000003,0.010213247523447811,0.0036612089515099724
0.03705,0.007517366871602721,0.006309950979833581
0.03706,0.01006124154487939,0.004794921459292856
0.037070000000000006,0.005960072740569181,0.005449452534151156
0.03708,0.009608920915701355,0.004763572523568519
0.037090000000000005,0.0051328515890543495,0.0020230024389794286
0.0371,0.004601825729890525,0.00683390163980992
0.037110000000000004,0.006405003652800442,0.003890677534954747
0.03712,0.005616151626959829,0.005276411905676451
0.03713,0.0065710107174807835,0.0045606568492654745
0.037140000000000006,0.00975040495826239,0.008183554773071172
0.03715,0.003833551322574836,0.005763308865762281
0.037160000000000006,0.005501709407207277,0.004612222491636102
0.03717,0.007675830683252478,0.004683886323401201
0.037180000000000005,0.007520035357485795,0.006455868129524255
0.03719,0.007650112257419785,0.0038168567918854222
0.037200000000000004,0.005804403881583206,0.002231720612578394
0.03721,0.0053568083209463,0.009035869858309977
0.03722,0.005482488971747557,0.0027255775616999572
0.037230000000000006,0.0077082004332757696,0.004892207843726768
0.03724,0.006679008213449443,0.007931631594778214
0.037250000000000005,0.008170299405959626,0.00405415622238417
0.03726,0.006224946979711711,0.004109571606283703
0.037270000000000005,0.008825232212693802,0.004499052048233391
0.03728,0.0034913015160811397,0.005019310747730431
0.037290000000000004,0.004005413469244613,0.009485014232057904
0.0373,0.005149987995612901,0.004793426546746266
0.03731,0.00759958904805764,0.004540442930857102
0.037320000000000006,0.006504983936861614,0.005962017125407379
0.03733,0.01013933922656962,0.0066539841439829765
0.037340000000000005,0.010045799045609725,0.0030263313180937503
0.03735,0.00772536194702384,0.0054306653192766775
0.037360000000000004,0.007794686070748663,0.007873240964535452
0.03737,0.006652793411795773,0.004310374225763429
0.037380000000000004,0.008164202949579853,0.0015655795671290617
0.03739,0.00662440832151845,0.0048541938351400575
0.0374,0.005259267676110905,0.007237311556215041
0.037410000000000006,0.004977378189230193,0.004852051885186059
0.03742,0.00769004861827752,0.007831305682179077
0.037430000000000005,0.00708449807240465,0.00699731445397892
0.03744,0.008508679944376861,0.005372527214020424
0.037450000000000004,0.004930341976359347,0.002257055345579037
0.03746,0.007324260676566016,0.004041428415316501
0.03747,0.008951654577964097,0.006619140425364184
0.037480000000000006,0.006745794368972952,0.0028126068979244722
0.03749,0.008138372865002422,0.003092739341055222
0.037500000000000006,0.005601860774890323,0.0031704123755765703
0.03751,0.00684367488119221,0.007470234270276994
0.037520000000000005,0.0071124849406380055,0.004244018099142363
0.03753,0.004073228031041883,0.006235310667337955
0.037540000000000004,0.005565541345702758,0.005366702882379814
0.03755,0.006419807450885176,0.006808628362039375
0.03756,0.006815667484905581,0.00501502762544996
0.037570000000000006,0.00810353161356312,0.009347367243844329
0.03758,0.008910829694868146,0.004956881344897079
0.037590000000000005,0.00714223179905835,0.004084981448964821
0.0376,0.0052377458650161475,0.004029805741532572
0.037610000000000005,0.00559534227178814,0.006442651163630213
0.03762,0.00499915488594153,0.007802942733783506
0.037630000000000004,0.008647543249082477,0.005178132419646016
0.03764,0.00714599506502956,0.00402317382676214
0.03765,0.0076874355075348955,0.007314528992973808
0.037660000000000006,0.005742864087953691,0.0020721676450613682
0.03767,0.008557525337096058,0.005788291663797929
0.037680000000000005,0.004912604529118696,0.003673385002255873
0.03769,0.005436708380635072,0.003691711371445143
0.037700000000000004,0.006509467711922331,0.004608289603331393
0.03771,0.005857163698096099,0.003625665012516455
0.037720000000000004,0.00670310160801012,0.005477984298397987
0.03773,0.006529998012555887,0.007460543990358601
0.03774,0.008180688807822656,0.001962127083086271
0.037750000000000006,0.008213892710205806,0.006355515753529472
0.03776,0.006298892552675657,0.0021546417440305703
0.037770000000000005,0.007186422828893334,0.005130228884972349
0.03778,0.004928925172209674,0.002243817164036254
0.037790000000000004,0.0069990404040938215,0.004680710760691563
0.0378,0.0063415481370666105,0.00498065336345392
0.03781,0.004972459012238716,0.004278443435584877
0.037820000000000006,0.008246596237209261,0.0044487544695007925
0.03783,0.0038379371749107183,0.0042039201844591804
0.037840000000000006,0.005043502662897009,0.005684187583650426
0.03785,0.007823433399476568,0.0018329761327947358
0.037860000000000005,0.008705725070570424,0.0029267633143707267
0.03787,0.010308005783446527,0.0050541940639114045
0.037880000000000004,0.00469879781736969,0.002868385269838865
0.03789,0.007889720551389142,0.0043703685923694256
0.0379,0.007002168845859564,0.008379139941436657
0.037910000000000006,0.005798936780353649,0.005274116438549436
0.03792,0.010039063676232923,0.005695829064750434
0.037930000000000005,0.0039881205749343045,0.006166191671791328
0.03794,0.004877273228269752,0.007969640384458382
0.037950000000000005,0.005559498188589107,0.011095656165611839
0.03796,0.010141941389095173,0.0035640239787624907
0.037970000000000004,0.007249174597953303,0.00666514979426093
0.03798,0.008778427076123432,0.006043146009307837
0.03799,0.00971738490809098,0.004913148000142823
0.038000000000000006,0.006481593772828376,0.0044659704676224665
0.03801,0.008933739421648455,0.005890673220450969
0.038020000000000005,0.007801525711284704,0.006751392481358282
0.03803,0.003118820563451888,0.0057816746205276385
0.038040000000000004,0.007660031735802074,0.0084997662725588
0.03805,0.004167688154651267,0.00827713665944959
0.038060000000000004,0.007377654122975148,0.00614135588862601
0.03807,0.010580646773714454,0.006285512944111145
0.03808,0.008031520700817881,0.0056491865089965615
0.038090000000000006,0.006265804367937839,0.005108239766475063
0.0381,0.00580371321696642,0.005076698243875503
0.038110000000000005,0.0025648570642583775,0.006024525354534117
0.03812,0.006995225260454274,0.004494653072495764
0.038130000000000004,0.007680198848681187,0.0023005471764027353
0.03814,0.011101207192584542,0.004962754726253675
0.03815,0.006952964460340822,0.0032381120065666487
0.038160000000000006,0.007294533829174733,0.007943439136009017
0.03817,0.009320462834829901,0.006879009937718401
0.038180000000000006,0.008343419287344651,0.0044536646119508645
0.03819,0.004352287636996886,0.004769287506965208
0.038200000000000005,0.006782865250745511,0.007269569465967152
0.03821,0.007875384897829211,0.008397219330982506
0.038220000000000004,0.009653578553113744,0.004260220897663819
0.03823,0.0036703421696388577,0.007944978579319306
0.03824,0.009981371731582199,0.002442021077986393
0.038250000000000006,0.010283083682111576,0.0059392949032435445
0.03826,0.007587978633835629,0.008405243527057548
0.038270000000000005,0.009957983619668646,0.006478955533618536
0.03828,0.008217054683658607,0.006409698976639622
0.038290000000000005,0.006472514609015076,0.005067324417275837
0.0383,0.005470005740974278,0.004512064841960847
0.038310000000000004,0.006543384517571335,0.003908150886756591
0.03832,0.007552159159044808,0.004531417313350005
0.03833,0.008285151130118977,0.001935355333432419
0.038340000000000006,0.007055989296437084,0.005443717542489402
0.03835,0.006663459262530535,0.004836446721804779
0.038360000000000005,0.004116246243365039,0.005894804347554699
0.03837,0.008583972420404528,0.006169542901249221
0.038380000000000004,0.009368238435188352,0.005586145857196599
0.03839,0.008250172211995678,0.005495886613830158
0.038400000000000004,0.008669938500398574,0.0020298645147636173
0.03841,0.005509704014686542,0.00835874191036419
0.03842,0.0023780248775730735,0.004905205705408973
0.038430000000000006,0.009645478696588751,0.004999659362562651
0.03844,0.006492940577358359,0.005445643336022113
0.038450000000000005,0.0065987579932233606,0.005249118417144076
0.03846,0.0059402736060447615,0.007405387881608813
0.038470000000000004,0.010155604542773861,0.004921878168705492
0.03848,0.0045381365793363895,0.004141592405033841
0.03849,0.006945180521931774,0.0062009765940363795
0.038500000000000006,0.005299175521386949,0.0036521944596899425
0.03851,0.008338600076043205,0.007068957180310698
0.038520000000000006,0.0060761072524287375,0.002525325990438697
0.03853,0.013889581000483825,0.0067589893178183055
0.038540000000000005,0.006789388045057248,0.006931064303533746
0.03855,0.007076534998248571,0.006927936603375147
0.038560000000000004,0.0076462890635820594,0.005376787858425273
0.03857,0.007102395066055276,0.002300102796633681
0.03858,0.011207806462800082,0.0033124191893908325
0.038590000000000006,0.004613629102779671,0.004770388996019722
0.0386,0.005412793952543165,0.005093305077601299
0.038610000000000005,0.008713328336519204,0.007187958522897097
0.03862,0.008969326881036369,0.004586710841656322
0.038630000000000005,0.007441115632982837,0.00601435544902933
0.03864,0.0038284254140207793,0.006340389310444396
0.038650000000000004,0.004431471718276205,0.009280535838298298
0.03866,0.006539111905914025,0.0048307151840343635
0.03867,0.005810801411616614,0.00394114854065587
0.038680000000000006,0.011900478039347698,0.007082451215911543
0.03869,0.004255963060746899,0.008210761043036242
0.038700000000000005,0.009742931313263637,0.004640533889142949
0.03871,0.007971921223885762,0.005173694396334425
0.038720000000000004,0.011305769493428555,0.0036116260884037745
0.03873,0.007654715019620156,0.004348539885719723
0.038740000000000004,0.0044986988801604556,0.009588731309590974
0.03875,0.005003734197286261,0.005646337597043433
0.03876,0.0038875555885727682,0.004408562737333358
0.038770000000000006,0.008214985672776095,0.003557860622085467
0.03878,0.008546744745681572,0.0046698713344585
0.038790000000000005,0.009695400872031877,0.00793210045428889
0.0388,0.006203842920526312,0.00536266962835357
0.038810000000000004,0.007746339284419808,0.006448527955338467
0.03882,0.007410295011206291,0.005590876911355786
0.03883,0.0068968200571455,0.005441560528472847
0.038840000000000006,0.00998161718562778,0.006503873252827615
0.03885,0.008790353676104161,0.00665847356892591
0.038860000000000006,0.007082332249993833,0.005850613332800422
0.03887,0.005221711670548045,0.0077512010583583105
0.038880000000000005,0.0018282491999745834,0.005039915636594331
0.03889,0.009678074875439792,0.0024871034053670095
0.038900000000000004,0.008197957434952932,0.0038539334070105133
0.03891,0.00666290757309447,0.007107975425535974
0.03892,0.007798746287245902,0.0011480091494865206
0.038930000000000006,0.005451901519349851,0.007168019913305149
0.03894,0.00830476003296041,0.008714247324488103
0.038950000000000005,0.010774293619882412,0.004534113833063324
0.03896,0.0124175997178986,0.005268191525350195
0.038970000000000005,0.0054879145585764256,0.003952580724854064
0.03898,0.002901930783296476,0.008434526923309964
0.038990000000000004,0.0106070361884111,0.003190102658796913
0.039,0.006963876703102398,0.005412961434106142
0.03901,0.005501074101353491,0.001712171273011355
0.039020000000000006,0.0070032017832243115,0.004580845646893796
0.03903,0.006649233156456518,0.005669065982230094
0.039040000000000005,0.01028723546881049,0.004618077950189867
0.03905,0.007771224531353544,0.00667863415131033
0.039060000000000004,0.008540768641082299,0.003996675951247286
0.03907,0.007627383163596742,0.006321232719253036
0.039080000000000004,0.0051800742500035255,0.007753861362104111
0.03909,0.010302104624639366,0.0037818532744179328
0.0391,0.007828418624814785,0.006512600927020609
0.039110000000000006,0.006352003937287553,0.006191902917378995
0.03912,0.007771899055479886,0.002293469867379629
0.039130000000000005,0.008365867882138145,0.003029652571477971
0.03914,0.009328110298343198,0.003888146620202389
0.039150000000000004,0.007129294973311668,0.007975758149280374
0.03916,0.008446792283314023,0.0030728842210024474
0.03917,0.005426360905525384,0.004033858406896684
0.039180000000000006,0.008247649181192866,0.005949695724612284
0.03919,0.00577432528624907,0.002899309421113092
0.039200000000000006,0.008025867503838208,0.004870640745732146
0.03921,0.011779305186914005,0.0053082008631687395
0.039220000000000005,0.011095553709301795,0.0028948592147080314
0.03923,0.004322798743468415,0.0029960891952690704
0.039240000000000004,0.009849662684281047,0.008749095878025928
0.03925,0.005909224645633374,0.004316394066740473
0.03926,0.005137804101957683,0.0016148800493329756
0.039270000000000006,0.008914773626763501,0.005684834156881823
0.03928,0.007501112448679835,0.0024393144744849424
0.039290000000000005,0.010762238045723072,0.004233348261423016
0.0393,0.008551767680368517,0.0023315733069891485
0.039310000000000005,0.007105656553432589,0.005824079601549827
0.03932,0.008143051427321617,0.005551262539169175
0.039330000000000004,0.008480141993804919,0.0029815594966749815
0.03934,0.007888040202380748,0.005470750924561393
0.03935,0.007958840308345809,0.005388561334308068
0.039360000000000006,0.0049512713106087645,0.0026089069311242673
0.03937,0.0030713643785442593,0.006880211184704417
0.039380000000000005,0.009157421638438724,0.0069328786715249545
0.03939,0.008117894392709534,0.0009801757725036025
0.039400000000000004,0.005453103316590867,0.0055878813571750546
0.03941,0.007779772125076325,0.004802190605322111
0.039420000000000004,0.008248784335004217,0.005271627152621452
0.03943,0.007754706663763189,0.00397082997359914
0.03944,0.00947940550557525,0.0043880545207026864
0.039450000000000006,0.004856305168589443,0.003708237008415772
0.03946,0.006822892757267593,0.007238878104372367
0.039470000000000005,0.007437512955987344,0.00487921378127942
0.03948,0.005026947927150943,0.006823113288844207
0.039490000000000004,0.0062225983068590705,0.0050527304800794615
0.0395,0.0104890986247732,0.006270951148045776
0.03951,0.00427445625302748,0.0017150425008411875
0.039520000000000007,0.007404577350490339,0.002829220431416161
0.03953,0.008832527676573552,0.005339866679143552
0.039540000000000006,0.007868441681734013,0.0038424932748131737
0.03955,0.011022679451937925,0.0109418063842486
0.039560000000000005,0.0069849847303355235,0.0059633369168428235
0.03957,0.0077392329427821965,0.004738524386981763
0.039580000000000004,0.005882503445834004,0.003088602035231339
0.03959,0.005277698024264495,0.006069658160508449
0.0396,0.006511793825829945,0.00010323271164936875
0.039610000000000006,0.00844311150680439,0.005183936353238516
0.03962,0.010248995411779881,0.006007344422715876
0.039630000000000006,0.0046005586232839655,0.000802387261986847
0.03964,0.006121219521277971,0.004012166821934459
0.039650000000000005,0.009448743236698347,0.0052452811239964425
0.03966,0.009832064449914062,0.0026139984082206827
0.039670000000000004,0.009497480919359232,0.006706284563753146
0.03968,0.0035327507060743425,0.007910183883312454
0.03969,0.007758404775867249,0.006049679359481823
0.039700000000000006,0.0058439665195447,0.00781672673601781
0.03971,0.005204327130277277,0.00693105931324762
0.039720000000000005,0.009219521880837094,0.0033191831948004135
0.03973,0.011547331367673223,0.005731217994967561
0.039740000000000004,0.008890648732361913,0.0022145626364152827
0.03975,0.011820604967659697,0.002820333748782379
0.039760000000000004,0.009637201387483078,0.0032805478055321223
0.03977,0.006351736590713093,0.006848243151773065
0.03978,0.009647107416034872,0.002728810599251653
0.039790000000000006,0.009775236240571406,0.0073619843325231065
0.0398,0.005720677123722836,0.008469962985943942
0.039810000000000005,0.004685162852747339,0.004023767301869428
0.03982,0.008559179657834735,0.003566824779270927
0.039830000000000004,0.008131111017701996,0.005756754600554198
0.03984,0.007231624883192058,0.006940048827852447
0.039850000000000003,0.007151354558142199,0.005738975409908014
0.03986000000000001,0.009903324766310992,0.006857911428260444
0.03987,0.009184722612038777,0.0029788257544576162
0.039880000000000006,0.008664582355433192,0.0035208335428242353
0.03989,0.005054478577595078,0.005135064813691476
0.039900000000000005,0.005811031659032157,0.006860359541502917
0.03991,0.009251008613144918,0.0014745184450231374
0.039920000000000004,0.0059676504460331415,0.002360844605053561
0.03993,0.0067013169772344085,0.006191416537011044
0.03994,0.0071443215168921275,0.004102194182143928
0.039950000000000006,0.010231575131102122,0.0006726460027529132
0.03996,0.010107292413948202,0.004194431664806668
0.039970000000000006,0.007479659345149779,0.00422892969799766
0.03998,0.010723984507771636,0.0028223477217397715
0.039990000000000005,0.007664014164144513,0.006339830581019818
0.04,0.004420871217469557,0.0034458057188399807
0.040010000000000004,0.0073488572191655645,0.0035129209937256062
0.04002,0.006016370484887694,0.0045871749616806885
0.04003,0.00894905864389122,0.004602114180642031
0.040040000000000006,0.009809092538801736,0.0032926838379191948
0.04005,0.005150742018033338,0.009141540106244735
0.040060000000000005,0.006341018896532545,0.0026676753953987138
0.04007,0.0041751781088618396,0.007440356655529385
0.040080000000000005,0.00697903003519381,0.004783380840227874
0.04009,0.0073455909489316875,0.00731733686668375
0.040100000000000004,0.007307292251151132,0.009980209666981857
0.04011,0.007936232857549028,0.0074163228806499995
0.04012,0.009281553462867478,0.00522051016953469
0.040130000000000006,0.006499496063865549,0.005957984356859151
0.04014,0.008696002042356089,0.00414953631996424
0.040150000000000005,0.008010851115031066,0.007767770516502707
0.04016,0.011820439927584726,0.007004751572183449
0.040170000000000004,0.011408437155631593,0.00403791710876845
0.04018,0.009089057891516377,0.007974357376698023
0.040190000000000003,0.00589500460108114,0.004326791192919538
0.04020000000000001,0.01116586094943149,0.0033484269924932237
0.04021,0.005010173802310346,0.008355241368451555
0.040220000000000006,0.010088345046593238,0.00616417245675871
0.04023,0.007605784107534525,0.0044235369361792926
0.040240000000000005,0.008263492679863267,0.008460854072237043
0.04025,0.008179118799223969,0.009635813133887231
0.040260000000000004,0.005908496493688745,0.005263187765079779
0.04027,0.006960659355073175,0.0031329210946082426
0.04028,0.007403007761292191,0.006138517924774788
0.040290000000000006,0.00876003643968969,0.009645419053660193
0.0403,0.008642914191364091,0.00760544391171635
0.040310000000000006,0.007848573240405755,0.008661937348590831
0.04032,0.012515691142745242,0.0063686524881831075
0.040330000000000005,0.005735884696417406,0.004209528494914972
0.04034,0.008287483825600975,0.006220791161377668
0.040350000000000004,0.009122880320085305,0.0062288472403898626
0.04036,0.00774241706035619,0.004036712019703576
0.04037,0.008533143275457181,0.00901974087885111
0.040380000000000006,0.009773145841588952,0.006379831563028272
0.04039,0.009794846713076481,0.00456895334438552
0.040400000000000005,0.00672160916903608,0.003816169170933993
0.04041,0.0074899951767000775,0.004468385803256972
0.040420000000000005,0.01015954923404316,0.004362409218334395
0.04043,0.006139990024460825,0.009198869108883121
0.040440000000000004,0.006845119076808709,0.005621430604231031
0.04045,0.008652953652634025,0.0030416466318694646
0.04046,0.010223716392679329,0.006589930372474482
0.040470000000000006,0.010871960118555072,0.003957908081605767
0.04048,0.007955889315713678,0.00539572337335912
0.040490000000000005,0.008287862754539065,0.0024084425169747818
0.0405,0.00798420896168232,0.002465404585961362
0.040510000000000004,0.008481657192812268,0.0010616947988656795
0.04052,0.004064270639909145,0.0069567513647844255
0.040530000000000004,0.006676225072422805,0.0033445989140442082
0.04054000000000001,0.010314053319843685,0.005976228871268027
0.04055,0.009519004988515762,0.004989153913666974
0.040560000000000006,0.01313654693420565,0.004113272205779087
0.04057,0.011268748027620432,0.005200229962680167
0.040580000000000005,0.004473205959452737,0.006289321898248464
0.04059,0.008414224134802995,0.0032216433905376436
0.040600000000000004,0.005942735166838177,0.005275554594003243
0.04061,0.008489146511791992,0.00038428642496748586
0.04062,0.009898373401887905,0.004337280403549005
0.040630000000000006,0.005131117603335825,0.007209073064939788
0.04064,0.007749861152735933,0.007759935377367394
0.040650000000000006,0.00867548864553244,0.0053252389310904525
0.04066,0.007496613710592215,0.006294357823206906
0.040670000000000005,0.006977503041322566,0.0036244517421428883
0.04068,0.009026878244487425,0.005041286107231223
0.040690000000000004,0.007876692221849915,0.00750968658636722
0.0407,0.007584303127529251,0.0053616601430450566
0.04071,0.006615259232610563,0.0061937377923070415
0.040720000000000006,0.00851671849308457,0.007134474075298591
0.04073,0.006661311910109926,0.004417956015418426
0.040740000000000005,0.009406353807497925,0.005838682360228982
0.04075,0.00601215469509532,0.007948031144416843
0.040760000000000005,0.00443020426666044,0.006904159427978089
0.04077,0.0052991983096771205,0.009107834124501621
0.040780000000000004,0.004742942432842767,0.007641425823453412
0.04079,0.007671395202925319,0.004604387066826312
0.0408,0.00820798180804559,0.006602060830756079
0.040810000000000006,0.00603091460304406,0.0037073529077040162
0.04082,0.009141454995535633,0.0019249109165310639
0.040830000000000005,0.00667631928612282,0.011421639458652048
0.04084,0.0059112863047132685,0.007636540121595841
0.040850000000000004,0.006677948016641323,0.006359694077181595
0.04086,0.009161100818845306,0.007600186769760577
0.040870000000000004,0.007454424235642553,0.009320712351537844
0.04088000000000001,0.0066788037843787925,0.00581205393921754
0.04089,0.008350578379575771,0.003100347173998527
0.040900000000000006,0.00729083018873866,0.005667980978674671
0.04091,0.007000885382624021,0.010227472742366975
0.040920000000000005,0.006190435483174149,0.007705144844481433
0.04093,0.009583160414150424,0.005319243001965496
0.040940000000000004,0.00614238323831235,0.003811128259527999
0.04095,0.006839429911137412,0.0017768282328589004
0.04096,0.005870999431630479,0.00238402993010586
0.040970000000000006,0.010572248678073841,0.006586580177873674
0.04098,0.009455017877505334,0.006527991997169244
0.040990000000000006,0.008219578558811625,0.008272361728598502
0.041,0.006666694262118118,0.005565013615139822
0.041010000000000005,0.009384916124504407,0.002709929351114571
0.04102,0.014086557795029334,0.00541015312170477
0.041030000000000004,0.008179943081184611,0.00786745171227108
0.04104,0.00972846167154221,0.005430526012482982
0.04105,0.008161399360213801,0.0023467475091095546
0.041060000000000006,0.006790801064640268,0.006390139873736068
0.04107,0.008794113097404476,0.007798726085487831
0.041080000000000005,0.0076679227693464596,0.0025824969768811286
0.04109,0.010024985886165289,0.008229924389125745
0.041100000000000005,0.009710616986354698,0.005031154323376319
0.04111,0.010005505442502845,0.012216918865304282
0.041120000000000004,0.00814964615269952,0.0027363010454184923
0.04113000000000001,0.0067493823016375205,0.006611403228120579
0.04114,0.004714957352626949,0.005699934452482862
0.041150000000000006,0.008687855550408411,0.008432049135533597
0.04116,0.010550190943836196,0.007091652871326695
0.041170000000000005,0.0036070649041826898,0.007205267455062276
0.04118,0.009346074107296203,0.005875728144059085
0.041190000000000004,0.00447723021428593,0.003810970042822377
0.0412,0.005606658785315457,0.0013351797344011715
0.041210000000000004,0.007937106610745318,0.003770231404241175
0.04122000000000001,0.01319618339967871,0.005029011084023773
0.04123,0.010535716617814404,0.0022290365119176
0.041240000000000006,0.0068906719474018715,0.005561710194980035
0.04125,0.00613718678693581,0.004524193238684656
0.041260000000000005,0.007520239192847924,0.00490145908713614
0.04127,0.01166902723407879,0.00612640836354463
0.041280000000000004,0.00892046306310904,0.006449946361527366
0.04129,0.009189349312731323,0.005205544151320279
0.0413,0.007325261212620603,0.005705631830994944
0.041310000000000006,0.010283022032706328,0.007625157968954757
0.04132,0.0074912801496840745,0.006909051149357863
0.041330000000000006,0.0075855735331552335,0.00544178731522986
0.04134,0.007030364651414976,0.005011438683865955
0.041350000000000005,0.010662742911160893,0.005560254291241717
0.04136,0.008253321954099214,0.002481659763083585
0.041370000000000004,0.0073669460992138855,0.004894149129884618
0.04138,0.006329826738797215,0.005420793667882193
0.04139,0.007132431747332872,0.005538138753978963
0.041400000000000006,0.00823648779362065,0.0034673228193695333
0.04141,0.007198766488503857,0.005534264885157587
0.041420000000000005,0.010367460033777861,0.005893639743539582
0.04143,0.006677684773355808,0.006178896289033321
0.041440000000000005,0.011419349722529403,0.007214985383201989
0.04145,0.009102004669669738,0.006833438751944481
0.041460000000000004,0.010889562216045786,0.007534198248046568
0.04147000000000001,0.009145880284562905,0.007520915654897577
0.04148,0.005851765588970833,0.002379787564018224
0.041490000000000006,0.008331976217285214,0.005522366638858195
0.0415,0.006932672824103509,0.00703739800855081
0.041510000000000005,0.004297482659312251,0.0043168359052022445
0.04152,0.007056018534826543,0.0021144648952310958
0.041530000000000004,0.011018114328111693,0.0026693542765120148
0.04154,0.006854697789927014,0.007204404978762112
0.041550000000000004,0.009326197089712718,0.0031727850210093965
0.04156000000000001,0.009401816232410423,0.0059693926242468465
0.04157,0.01270564326725637,0.006198394054754876
0.041580000000000006,0.0077598257535523565,0.003678199167416808
0.04159,0.006556562843359235,0.0037403550537207014
0.041600000000000005,0.010789990321025435,0.0054285235422710494
0.04161,0.00918103299686983,0.00842176968497774
0.041620000000000004,0.0033363594654611554,0.00795171309300968
0.04163,0.008166833525096874,0.006264753691917531
0.04164,0.0064019881658598215,0.0038850998438230066
0.041650000000000006,0.009039244258466158,0.010165236241144326
0.04166,0.01007093994110952,0.007927778791381316
0.041670000000000006,0.007683074584262239,0.004197017116362206
0.04168,0.006508234009120677,0.00442157104268189
0.041690000000000005,0.0039670488171541065,0.003948973043013955
0.0417,0.006954680131861861,0.005048788927538297
0.041710000000000004,0.008341662418791758,0.006125100872549117
0.04172,0.008051090210127823,0.004238007133652893
0.04173,0.0041570054301843335,0.004250970573278758
0.041740000000000006,0.006141606214624614,0.006334416083721091
0.04175,0.00990787007385991,0.0072801198323384116
0.041760000000000005,0.009605991566014233,0.005136621652978175
0.04177,0.007050968804539109,0.003910163357461812
0.041780000000000005,0.0050826789781125824,0.007388772322612187
0.04179,0.007751054651033415,0.002913080707683898
0.041800000000000004,0.006450296936474136,0.003672511072560635
0.04181000000000001,0.008192134670034589,0.007542090695881758
0.04182,0.007412915669728605,0.000902785290947292
0.041830000000000006,0.007733346230033029,0.005096162166200328
0.04184,0.0076646816381493,0.004154325599077115
0.041850000000000005,0.008552218535115385,0.005542228448363111
0.04186,0.00807050109877598,0.006235927548040918
0.041870000000000004,0.007263320519582556,0.004438172414548733
0.04188,0.010886060275155554,0.006530753824534411
0.041890000000000004,0.009782536445021367,0.00786495174993828
0.04190000000000001,0.009183366414380882,0.007270219835378257
0.04191,0.004975624567643746,0.005822450443260359
0.041920000000000006,0.007771717921292068,0.00877021142821579
0.04193,0.009995288981986306,0.004154653737623414
0.041940000000000005,0.008888432435071786,0.0057516079852092655
0.04195,0.009054356315991469,0.0033792619056329867
0.041960000000000004,0.008868578849755504,0.004961345999512319
0.04197,0.00871630106079235,0.003969580549851857
0.04198,0.006984133953004967,0.007766737431805268
0.041990000000000006,0.006054027097867917,0.003464247429600456
0.042,0.008056824780431649,0.0038766786522325646
0.042010000000000006,0.006392798278161029,0.0056313148469198495
0.04202,0.00515559525017043,0.0034059422682267103
0.042030000000000005,0.01227679273055527,0.006341521021869189
0.04204,0.006678352646322205,0.006259705559343171
0.042050000000000004,0.009309021282411678,0.007412809075550695
0.04206,0.007922932444535647,0.007377680807834139
0.04207,0.004103238832155238,0.0033127746432940223
0.042080000000000006,0.008510765273361833,0.006085363807539089
0.04209,0.006362351698072509,0.005945642898531863
0.042100000000000005,0.00694113280117401,0.00487359123872203
0.04211,0.010241261152715165,0.007246091269899347
0.042120000000000005,0.006200496383286831,0.003314420539490366
0.04213,0.0073751769734340155,0.0053761383877449324
0.042140000000000004,0.006884636759938806,0.007511623742092743
0.04215000000000001,0.00889812664520848,0.006243217283179426
0.04216,0.005673185786908902,0.0077663370463634356
0.042170000000000006,0.002568845547792185,0.0071005754053831745
0.04218,0.010080729685733859,0.004568371359836934
0.042190000000000005,0.01076085293984069,0.005307688204510552
0.0422,0.008342825489993788,0.006113650805271655
0.042210000000000004,0.014594044774212405,0.00812417131139192
0.04222,0.00962609351475873,0.0036104051322075714
0.042230000000000004,0.008513950228772672,0.0038104768740267582
0.04224000000000001,0.009873935044859443,0.005718370316330021
0.04225,0.005983616077820825,0.005600397182376509
0.042260000000000006,0.00653677390493502,0.005741292457140956
0.04227,0.006520406945824168,0.00549454762907129
0.042280000000000005,0.00974245736979807,0.0053341810760525145
0.04229,0.007462700518474902,0.005847550549953337
0.042300000000000004,0.009641805047162609,0.0032273449671081055
0.04231,0.008771718219971192,0.00807750689575363
0.04232,0.009400689300700444,0.005558647654432497
0.042330000000000007,0.009535823216123543,0.006348846729934195
0.04234,0.00976652662102133,0.0013967054063664464
0.042350000000000006,0.005155391713167583,0.007454942092597737
0.04236,0.005254728590213963,0.006249076585788297
0.042370000000000005,0.007564173983213807,0.0034543367000220678
0.04238,0.008970562559476867,0.005849498432384358
0.042390000000000004,0.012494941502918074,0.004198525607218592
0.0424,0.011157473002539572,0.006153710794730755
0.04241,0.006958208979631642,0.007048075189733169
0.042420000000000006,0.009414733155103008,0.00552198653294992
0.04243,0.008818853692253714,0.004257043910211883
0.042440000000000005,0.0066376989982921755,0.00697062071028822
0.04245,0.007844408112421708,0.005292289118494564
0.042460000000000005,0.00885494731458419,0.005983750919659868
0.04247,0.005439671798392194,0.008026397881593117
0.042480000000000004,0.008543713124395731,0.0050493070258653535
0.04249000000000001,0.009166068380424447,0.00592841814654582
0.0425,0.00984153277443377,0.006532021677151322
0.042510000000000006,0.009746134361352635,0.008158763084313073
0.04252,0.010080728998416817,0.005136524139434758
0.042530000000000005,0.006070719081332989,0.008793814121311631
0.04254,0.007844119642404501,0.004512725472522425
0.042550000000000004,0.004849161258500826,0.006136608923293646
0.04256,0.008623440122921136,0.002430155623838084
0.042570000000000004,0.009235270543066183,0.004464724809601705
0.04258000000000001,0.013712411546730686,0.004323109793250212
0.04259,0.007464457477458808,0.003713003627871988
0.042600000000000006,0.010893663336783006,0.004717728759684654
0.04261,0.006891151689967836,0.006877915014738277
0.042620000000000005,0.005583347386254484,0.0067149511084943275
0.04263,0.011909929513489674,0.006598671078350361
0.042640000000000004,0.009626007106498528,0.0072063016195334055
0.04265,0.011772710502378332,0.00788669525592109
0.042660000000000003,0.009235721444869931,0.007275416665218906
0.04267000000000001,0.006587603295844138,0.00702094795218024
0.04268,0.006351455948933012,0.004735043219612508
0.042690000000000006,0.002200541890553554,0.006272675042030838
0.0427,0.007081024180129884,0.007692834201135212
0.042710000000000005,0.009152259004000657,0.007719463989352087
0.04272,0.006207789899810445,0.007548773086066511
0.042730000000000004,0.01258980851717205,0.007001046806770717
0.04274,0.009961910325061968,0.0058126551390049064
0.04275,0.007334994872754874,0.006996574495863477
0.042760000000000006,0.005375290393316202,0.004639409850592206
0.04277,0.004848470050773794,0.0040683380822973915
0.042780000000000006,0.009677804948739046,0.006487168713176684
0.04279,0.00849867694080178,0.005817915460778365
0.042800000000000005,0.004628258781172066,0.0047327208123391475
0.04281,0.00704042696072247,0.004160458282986012
0.042820000000000004,0.009605433282584043,0.003758295692047278
0.04283000000000001,0.0072000638839016095,0.0013059049259933463
0.04284,0.007824332491621799,0.003305101786456061
0.042850000000000006,0.008574141696187114,0.003579294645792289
0.04286,0.008627981041770738,0.0051928734689177915
0.042870000000000005,0.011766144541283725,0.006477415596975613
0.04288,0.004745953434511794,0.0029539369888839885
0.042890000000000005,0.008538817129233942,0.003624754217491467
0.0429,0.0024948399368478515,0.008184278576114366
0.042910000000000004,0.009875204278956764,0.006527875927400657
0.04292000000000001,0.0072232933711022535,0.0063420123530265335
0.04293,0.00703240580690478,0.005897110441471965
0.042940000000000006,0.006603150780729963,0.008520710172441725
0.04295,0.005307038492416149,0.007953438761732368
0.042960000000000005,0.008528541823295696,0.00451067534532216
0.04297,0.008787918183238855,0.00695704398640074
0.042980000000000004,0.011190611799145711,0.006117373057922707
0.04299,0.006678935961900379,0.00560308670320359
0.043000000000000003,0.012097128240628733,0.008187922475952679
0.04301000000000001,0.010284286194112674,0.007084680600502473
0.04302,0.009868880732805174,0.007811556891520233
0.043030000000000006,0.007559948144549237,0.00278461616094535
0.04304,0.00861444174006307,0.00386036659752835
0.043050000000000005,0.006369626116165053,0.0040557145059330535
0.04306,0.013453532237609025,0.005769263225567806
0.043070000000000004,0.009209960703752393,0.003053031052843924
0.04308,0.004801883644392884,0.0038603945020292433
0.04309,0.011369029159412453,0.006167794254663329
0.043100000000000006,0.0096930805025975,0.006977119348839662
0.04311,0.007316447802168519,0.008276662800844072
0.043120000000000006,0.007236791524383154,0.008313941129277429
0.04313,0.0093902751228481,0.0019241312963664261
0.043140000000000005,0.007012919859513005,0.0019330901503338675
0.04315,0.010838775062543186,0.005454242403666975
0.043160000000000004,0.004058801831135245,0.006255953456743862
0.04317000000000001,0.007444438057930925,0.002537594850976058
0.04318,0.011877982093681946,0.005720525581547682
0.043190000000000006,0.007938475425308822,0.004707851997138201
0.0432,0.005502071082772596,0.0028983518920138035
0.043210000000000005,0.01110175937077897,0.004560432506872603
0.04322,0.008579360979475639,0.001420286273370268
0.043230000000000005,0.005902345287079309,0.006729321669794762
0.04324,0.00929726067234296,0.00901719685759127
0.043250000000000004,0.011231061629099011,0.005049774771976997
0.04326000000000001,0.009494371937178905,0.004878740515535182
0.04327,0.012661404323076815,0.007810727906317561
0.043280000000000006,0.008894478789648946,0.00591423962620171
0.04329,0.011448137156647843,0.006673357723167836
0.043300000000000005,0.01167902465051684,0.001127658580060505
0.04331,0.009487561241687929,0.0044848375388946765
0.043320000000000004,0.01208120087235558,0.008609257911253517
0.04333,0.008637460777856317,0.008588476196947718
0.043340000000000004,0.012141366554405824,0.005666781720365324
0.04335000000000001,0.013522357514351765,0.005456040643998778
0.04336,0.008152804632289734,0.0072512231358742105
0.043370000000000006,0.007877625750681905,0.0056909129571110564
0.04338,0.011407440865749139,0.005559426995128394
0.043390000000000005,0.005201905369216794,0.006256384390832132
0.0434,0.0072027268756047385,0.00725304469434254
0.043410000000000004,0.009991070693128157,0.008466060281800629
0.04342,0.010417137248272543,0.00770450580050896
0.04343,0.007267264677309242,0.007132748315628955
0.043440000000000006,0.012545750501148943,0.004148234041080265
0.04345,0.01221171841295203,0.004427592655230672
0.043460000000000006,0.006911697436992282,0.00611945314932128
0.04347,0.010050863055787902,0.007351312382160304
0.043480000000000005,0.0066989238856039615,0.006397652647883701
0.04349,0.007254750303343535,0.0025514887088798834
0.043500000000000004,0.006771801758323062,0.004028293706175405
0.04351000000000001,0.00967588388548725,0.00783528343164612
0.04352,0.005689703721158283,0.0062355403726401595
0.043530000000000006,0.006286148274663934,0.006790551613200763
0.04354,0.007397515407122862,0.0034304857832504424
0.043550000000000005,0.01024574178885514,0.004360062086650798
0.04356,0.008017925319086659,0.0010946930557383583
0.043570000000000005,0.010546400691391037,0.007177252662514136
0.04358,0.008667662695516427,0.002481038583754624
0.043590000000000004,0.011078938702248653,0.004204438997953087
0.04360000000000001,0.007756951092797124,0.010161819646475646
0.04361,0.007259847069591425,0.007022917681522153
0.043620000000000006,0.009794770772798079,0.006319608826132007
0.04363,0.00923805795921561,0.006292808709604701
0.043640000000000005,0.009221413024772127,0.005436962476444292
0.04365,0.011703577411888176,0.0029162461442496955
0.043660000000000004,0.010727411053165381,0.007187020399725217
0.04367,0.010084781138675432,0.007777063659752776
0.043680000000000004,0.008506276534518407,0.0018059261215344659
0.04369000000000001,0.008550386821584639,0.003562255774223091
0.0437,0.007234754932959886,0.003060575266636865
0.043710000000000006,0.007747289251959754,0.004352938100689263
0.04372,0.0039503493384996265,0.0069474006560819234
0.043730000000000005,0.013149647166051992,0.006760203036861808
0.04374,0.008306674419712227,0.005439008147345641
0.043750000000000004,0.00787407391943203,0.005729356868726311
0.04376,0.008645557238839236,0.003867950076946416
0.04377,0.01208888243418993,0.0025765121785234495
0.043780000000000006,0.010163305438725475,0.005349199583952668
0.04379,0.012531847154219615,0.006234098703171347
0.043800000000000006,0.008013918106176889,0.005057730252335491
0.04381,0.008817092719759447,0.003268338883185963
0.043820000000000005,0.007207094933420612,0.001984808439218628
0.04383,0.006898439351665016,0.005743285926803046
0.043840000000000004,0.009348306932641201,0.0015975906418346222
0.04385000000000001,0.008477101643648548,0.006683847485294032
0.04386,0.00842927341778051,0.004290228328407496
0.043870000000000006,0.007934352817511064,0.004477057431829243
0.04388,0.007488795849913493,0.005907010200619862
0.043890000000000005,0.013381219850761294,0.004072742812213148
0.0439,0.008133149132980074,0.005457526751736625
0.043910000000000005,0.007398321117685763,0.007758174711593459
0.04392,0.004034859422233054,0.004500365728472821
0.043930000000000004,0.01041686242755305,0.004975076908791004
0.04394000000000001,0.007142166436205054,0.006445560983471311
0.04395,0.010600144845941776,0.005986100807772097
0.043960000000000006,0.007188636308359248,0.006478019493154032
0.04397,0.007990601721237497,0.007056770051947225
0.043980000000000005,0.011764846035658139,0.00035602670693449245
0.04399,0.00902409581626378,0.00209649677245619
0.044000000000000004,0.013689175313665761,0.004632500505734212
0.04401,0.010301986578455966,0.005498901281097009
0.044020000000000004,0.007206717573313289,0.003726214833929458
0.04403000000000001,0.011987896418550985,0.007482983478730441
0.04404,0.01270736229188208,0.005682800961927874
0.044050000000000006,0.009399694121126345,0.005038298597749315
0.04406,0.008253355960215095,0.003489695806823417
0.044070000000000005,0.008999210972004486,0.003995764931059429
0.04408,0.009718683403714394,0.0059150675152483635
0.044090000000000004,0.009413909371129993,0.008926096421596506
0.0441,0.008766793873468343,0.007090080522395037
0.04411,0.012948937964909452,0.008190651140368961
0.044120000000000006,0.011155952481617264,0.004964831567524155
0.04413,0.009312598037779151,0.0029424469240667277
0.044140000000000006,0.009854844374234742,0.006128711886773008
0.04415,0.008907494281790244,0.007634973646391636
0.044160000000000005,0.006448887669117534,0.008851102826616239
0.04417,0.010671684805482383,0.005440902736499964
0.044180000000000004,0.008574419212603877,0.006544187216020465
0.04419000000000001,0.011917308663882586,0.005786974831928472
0.0442,0.009167400678011384,0.005620791479228557
0.044210000000000006,0.012447124646461324,0.004847583969034273
0.04422,0.00882780365348324,0.008513017656967492
0.044230000000000005,0.009184587840241775,0.007861060765784526
0.04424,0.007071758284134718,0.005177155224502941
0.044250000000000005,0.011866943612398081,0.004235858584228188
0.04426,0.008599239516254376,0.006102706752575292
0.044270000000000004,0.006927295552854283,0.00476251485674288
0.04428000000000001,0.009134649888403857,0.005684297894780379
0.04429,0.01147385745532506,0.008674648678986978
0.044300000000000006,0.0072047655216776665,0.005815071722043121
0.04431,0.01026921870785744,0.008626030542337935
0.044320000000000005,0.010361494494464222,0.006175963874730049
0.04433,0.010261395766329597,0.006942476735929576
0.044340000000000004,0.007076683924285803,0.005981339184021133
0.04435,0.011854241317946369,0.0051818311305487095
0.044360000000000004,0.009198624459895948,0.00511231537612878
0.04437000000000001,0.004315829063655429,0.005639332776352351
0.04438,0.00955095384142262,0.0045739703274262
0.044390000000000006,0.0066419230631433925,0.0038385494186800404
0.0444,0.010483404239922185,0.009545617656292995
0.044410000000000005,0.01172373281256163,0.002912682416547343
0.04442,0.010671962961758033,0.004275856535808177
0.044430000000000004,0.007802021522821207,0.004679037499069907
0.04444,0.010382541962503669,0.0075223034030247795
0.04445,0.008778203453480436,0.005442463671917236
0.044460000000000006,0.009906655744598866,0.00674140328664731
0.04447,0.01133444747314433,0.0030374798612742876
0.044480000000000006,0.009025923690746512,0.003470985217404639
0.04449,0.008887862565158366,0.0051554941040951405
0.044500000000000005,0.008900131498912342,0.004009170168058318
0.04451,0.006022939285697653,0.0014205927114058301
0.044520000000000004,0.008739052221642228,0.0047482779306428306
0.04453000000000001,0.007653436062016902,0.008256190003548011
0.04454,0.007290339093634694,0.00844557473703009
0.044550000000000006,0.012260812256293887,0.0017109196945250594
0.04456,0.009201802222020248,0.0048141422634612775
0.044570000000000005,0.003197351197425637,0.002725067918901364
0.04458,0.010574756341346489,0.009653564674441393
0.044590000000000005,0.010834170721116126,0.0062632474233043234
0.0446,0.008990085260276153,0.008982125183318892
0.044610000000000004,0.01333316930544758,0.0044439314384122006
0.04462000000000001,0.0050406639600464554,0.0014220598832613979
0.04463,0.011688350556256562,0.005525136310718162
0.044640000000000006,0.0094150292072809,0.002038770560154029
0.04465,0.007546129709418084,0.005029930644624181
0.044660000000000005,0.009472151795635373,0.004824528494737573
0.04467,0.006985795482600247,0.0040533994625066554
0.044680000000000004,0.011481072668906701,0.006112924138301709
0.04469,0.010292723307403735,0.0038264293061915184
0.044700000000000004,0.003164751709027804,0.004578790921732118
0.04471000000000001,0.007343251958382962,0.0063238472602536195
0.04472,0.015651840294311083,0.007016978526912653
0.044730000000000006,0.014556318409004093,0.006765010233459924
0.04474,0.007828636273253167,0.006324127933800732
0.044750000000000005,0.012653702051710583,0.009288246489902265
0.04476,0.0079457716785719,0.006136314794534911
0.044770000000000004,0.006241939686144209,0.00728011134582722
0.04478,0.012211215354759568,0.005711200286674783
0.04479,0.007773775850857081,0.006352691152948449
0.044800000000000006,0.009947505528465175,0.005795545377260177
0.04481,0.009474066735296173,0.005286457068274741
0.044820000000000006,0.011112600890206777,0.007107371308952146
0.04483,0.007158544824388465,0.0036145654567429535
0.044840000000000005,0.008620067918916903,0.007110251752015625
0.04485,0.009429002776021378,0.0043511081218920505
0.044860000000000004,0.009660001909572294,0.004976619940295054
0.04487000000000001,0.010902019988724428,0.006305190486832324
0.04488,0.008514578641494415,0.006102944399595518
0.044890000000000006,0.011779324691257953,0.004501480543952382
0.0449,0.009958641710753365,0.005500654461689408
0.044910000000000005,0.010011399921650834,0.004333280310338584
0.04492,0.009382213869739729,0.00785889241590646
0.044930000000000005,0.007291645145287771,0.0029852719099045934
0.04494,0.006586869749897025,0.0033035939308834225
0.044950000000000004,0.010364554904375937,0.0028340371048402664
0.04496000000000001,0.008582250779378143,0.00688317318035273
0.04497,0.010015498432747799,0.004876315324156716
0.044980000000000006,0.009568172332442604,0.0058625632684181595
0.04499,0.008741993241629513,0.005227443112330057
0.045000000000000005,0.013665486044590218,0.007268574915359961
0.04501,0.014160094783083058,0.0046568680180067365
0.045020000000000004,0.009033027290002204,0.0029873845494705615
0.04503,0.007588000190191629,0.009456304794687436
0.045040000000000004,0.008167244312317587,0.009491884137492338
0.04505000000000001,0.00672877326750549,0.0035472271327434473
0.04506,0.008537226055142606,0.005527509646410258
0.045070000000000006,0.011070059614130521,0.00655739523956148
0.04508,0.008395456882586826,0.0053900683354677435
0.045090000000000005,0.008594169774071713,0.0038282386504184082
0.0451,0.007460583817474246,0.007714160707113011
0.045110000000000004,0.00558439978490906,0.00889395775428584
0.04512,0.008558967025104433,0.004115071215100267
0.04513,0.010728705791149918,0.00863137029937641
0.045140000000000007,0.011488689736782989,0.006665490569081007
0.04515,0.011431395399715095,0.002229641292810067
0.045160000000000006,0.008218256839402829,0.0038411469426216033
0.04517,0.011715450834894565,0.004897382280616679
0.045180000000000005,0.010961247896688266,0.006736904100840652
0.04519,0.007550088294660561,0.004492126336304962
0.045200000000000004,0.011866610918345556,0.0041159306436709285
0.04521000000000001,0.009532990125391936,0.004102667198953385
0.04522,0.0086596359107349,0.005576280361416761
0.045230000000000006,0.007726098667573992,0.0037485654677263027
0.04524,0.009868675802150846,0.003980840334442437
0.045250000000000005,0.0076791175072702085,0.0037930652923547858
0.04526,0.009148926078573249,0.007559431929108848
0.045270000000000005,0.012322115071809867,0.004221050223105271
0.04528,0.013614001102095024,0.0036643350641162964
0.045290000000000004,0.011484804379582578,0.004231210925013095
0.04530000000000001,0.0075801947249096785,0.0041859512254934315
0.04531,0.009221485924317223,0.006836268247082374
0.045320000000000006,0.010670463598680754,0.0037892149016411107
0.04533,0.007355761300473896,0.003844769235737881
0.045340000000000005,0.009116729589833093,0.005258597768458747
0.04535,0.007443452169200237,0.00621897938503453
0.045360000000000004,0.013873311601552966,0.0046712047604454306
0.04537,0.008485527440036493,0.006800823180563967
0.045380000000000004,0.008239301815795144,0.007020294029198097
0.04539000000000001,0.007924238535078355,0.009347469978268607
0.0454,0.010055269689043309,0.004444051235280954
0.045410000000000006,0.008192738399342649,0.004657364672772678
0.04542,0.01212002945778089,0.0031483298836440447
0.045430000000000005,0.008043061397358582,0.0045633791830302015
0.04544,0.009351989717197551,0.005145349988475179
0.045450000000000004,0.0064053372132845555,0.004888793763799127
0.04546,0.009193125061484704,0.004433113899869308
0.045470000000000003,0.010770217297723267,0.007528997549880071
0.04548000000000001,0.009244339165509858,0.006152135673214445
0.04549,0.005083453182795843,0.004849719448620715
0.045500000000000006,0.011419667554373047,0.004845925007806943
0.04551,0.007939966205959841,0.010249049896740423
0.045520000000000005,0.013057115735266862,0.006629696430953789
0.04553,0.01170126079596778,0.0012435510236916882
0.045540000000000004,0.007852821345674476,0.004756382060700676
0.04555000000000001,0.008960455132739752,0.004717286407875986
0.04556,0.004336860314461079,0.006470101026876517
0.045570000000000006,0.010528725198449449,0.0089027274106579
0.04558,0.007869308948038325,0.003959482249847967
0.045590000000000006,0.004090475546631443,0.005113554331599139
0.0456,0.011257191640930982,0.004478032422747691
0.045610000000000005,0.01374638780945189,0.0051892593224249365
0.04562,0.009758019381884586,0.0029771243857736334
0.045630000000000004,0.010043018706094826,0.0017455732177733994
0.04564000000000001,0.010860523703846115,0.007153952129651677
0.04565,0.01219626701038799,0.003666042020062415
0.045660000000000006,0.009803371370241428,0.0068344969690612364
0.04567,0.010371380000528384,0.003977150406544918
0.045680000000000005,0.004707429167555566,0.006402555372512248
0.04569,0.009190976459752736,0.004576180131721527
0.045700000000000005,0.01102845607477512,0.005620569498783178
0.04571,0.006866771448445929,0.0018483919744716965
0.045720000000000004,0.0072518379204538005,0.010498209841476112
0.04573000000000001,0.010959927599897907,0.00609029935846302
0.04574,0.009155668518055885,0.005219178942070311
0.045750000000000006,0.011858005393170027,0.004733664212085839
0.04576,0.01068208405005742,0.00501889139730991
0.045770000000000005,0.013413193057429294,0.0072012166447244785
0.04578,0.012028636765688138,0.0045487131431460005
0.045790000000000004,0.011658445496204333,0.0050932716375769755
0.0458,0.009766899860603747,0.008989416359951846
0.045810000000000003,0.007465943862584486,0.006126711747790416
0.04582000000000001,0.010432175092993311,0.0067611210509894585
0.04583,0.008659273040973166,0.009894537234579212
0.045840000000000006,0.006975662573913986,0.008640677294799658
0.04585,0.012000348754364948,0.00952558232394374
0.045860000000000005,0.006398461440466768,0.00398704074042615
0.04587,0.012563506762019167,0.0019715251243233416
0.045880000000000004,0.006371414773578903,0.004749888325094262
0.04589000000000001,0.009973039026094676,0.008911855259952778
0.0459,0.009223245448521282,0.004511828781522727
0.045910000000000006,0.010221289954801843,0.006668402761753782
0.04592,0.010485729511464247,0.005374140850954195
0.045930000000000006,0.005697824428921466,0.003895785516181115
0.04594,0.012453292634116861,0.006106060355399268
0.045950000000000005,0.00897246706469212,0.007969165320436265
0.04596,0.007362045925342155,0.005283038461373232
0.045970000000000004,0.009902570950840338,0.004851886989872515
0.04598000000000001,0.00983336181537455,0.005360162165519465
0.04599,0.006837939197213764,0.006099414589952327
0.046000000000000006,0.006984717942617057,0.006068598641844392
0.04601,0.012394496531991392,0.005176232331880829
0.046020000000000005,0.007308069122576748,0.005485214205834204
0.04603,0.007991910821596624,0.006929119716055803
0.046040000000000005,0.009364700370018925,0.009160540867120672
0.04605,0.01199148907151522,0.005435766783994111
0.046060000000000004,0.011101567234737141,0.004956369181684396
0.04607000000000001,0.009743109307076414,0.005020888593975767
0.04608,0.0112129611295563,0.008610649308104642
0.046090000000000006,0.011282206548377558,0.007589462508342068
0.0461,0.011535845199545617,0.0068490184863417335
0.046110000000000005,0.007416081480627083,0.009149367802964022
0.04612,0.013308358225307843,0.0052805844682677645
0.046130000000000004,0.008963030829268645,0.00697408668154489
0.04614,0.010810949748862929,0.005346291730839675
0.046150000000000004,0.0072141775332403985,0.006362507536048938
0.04616000000000001,0.010822014049972814,0.007203669532167324
0.04617,0.010422646027026212,0.005210719818011927
0.046180000000000006,0.01171699146576193,0.005885570787392693
0.04619,0.00880407567447469,0.005393491506351491
0.046200000000000005,0.006246925383062039,0.005391239902707226
0.04621,0.011120685677294649,0.006436215680190223
0.046220000000000004,0.012790097634181263,0.005231626698745181
0.04623000000000001,0.01072835974259684,0.0073439845780661015
0.04624,0.01444441905543431,0.006048963715981225
0.046250000000000006,0.007675309814141825,0.007456219560166115
0.04626,0.013500125544044403,0.005116194765939466
0.046270000000000006,0.011455828113414463,0.008219679244829131
0.04628,0.01181279788876517,0.006014271944156891
0.046290000000000005,0.00838672862626686,0.0056015283867038735
0.0463,0.010705893986321264,0.007581465934946265
0.046310000000000004,0.010461607721244656,0.005006139180056051
0.04632000000000001,0.010909509111881377,0.007487060299176676
0.04633,0.01056300973129163,0.004095451811189057
0.046340000000000006,0.009446025029389625,0.007664404297532206
0.04635,0.0070478566401560305,0.0015833442340841119
0.046360000000000005,0.012835120812237071,0.006793469154642298
0.04637,0.011037485683844273,0.003617943896509517
0.046380000000000005,0.011304160102255628,0.006323015253363151
0.04639,0.006665534862964911,0.008622025578404052
0.046400000000000004,0.010156650473261032,0.0049822325283689715
0.04641000000000001,0.009088405922684761,0.001744899201254044
0.04642,0.01103616800111146,0.006300000821005251
0.046430000000000006,0.009466451740275415,0.008334201060504217
0.04644,0.007092019003324927,0.004584630778537906
0.046450000000000005,0.008164853418881344,0.005221531705885383
0.04646,0.010004950734186543,0.006640095497592334
0.046470000000000004,0.009181212418436136,0.004026304616494255
0.04648,0.01325232976843157,0.010605244961421203
0.046490000000000004,0.01017205367778091,0.004269353190965111
0.04650000000000001,0.012841560999767533,0.0028903499175574553
0.04651,0.009226286448183676,0.004392581092700946
0.046520000000000006,0.007581950330597938,0.005225718656632536
0.04653,0.008177873598849299,0.005812028841695898
0.046540000000000005,0.0099657764278775,0.00454501012305866
0.04655,0.00917560774220843,0.005326930158727187
0.046560000000000004,0.011541546985965156,0.005492724686517561
0.04657000000000001,0.01157648681708065,0.006962165721502219
0.04658,0.011075381282576931,0.008567188834428757
0.046590000000000006,0.00769878278211577,0.00484608869602966
0.0466,0.013469414912731965,0.005278780799906835
0.046610000000000006,0.00431783083871517,0.005388436886741718
0.04662,0.01022322633933985,0.0005611079916190672
0.046630000000000005,0.012626495791639863,0.004368870835672438
0.04664,0.01062103616577365,0.005345295095107139
0.046650000000000004,0.007392500729577487,0.003657205226381882
0.04666000000000001,0.008104339755186478,0.007970529513344732
0.04667,0.009684739157831737,0.004756419752672498
0.046680000000000006,0.00811591607929071,0.008193417213112201
0.04669,0.012918863102969297,0.008171571447259425
0.046700000000000005,0.010980670191305457,0.006382711510897622
0.04671,0.007569263152405857,0.005312381850595245
0.046720000000000005,0.008638769996021728,0.0021539654644922865
0.04673,0.012125937213159094,0.004414300271742018
0.046740000000000004,0.012409102538379664,0.007570424353774487
0.04675000000000001,0.011136031420883447,0.007033671991219473
0.04676,0.008797352861913568,0.009524577355476757
0.046770000000000006,0.010119625079708365,0.006413714540156992
0.04678,0.008740623594717566,0.003948495679275061
0.046790000000000005,0.010998778794886411,0.006246829139569852
0.0468,0.008470901051358722,0.0029359255750326086
0.046810000000000004,0.007515187124046897,0.008206024231763824
0.04682,0.008833961713794898,0.005136918413419723
0.046830000000000004,0.01296659445312535,0.0035714140132697665
0.04684000000000001,0.008617377444119858,0.004279162036969019
0.04685,0.013312965804634178,0.009804444181580173
0.046860000000000006,0.011585425646074303,0.007385429045631779
0.04687,0.008927068168222151,0.0097142999207341
0.046880000000000005,0.0106286583065143,0.007526847760238185
0.04689,0.009887712208910064,0.005285547278029659
0.046900000000000004,0.01343035157871095,0.006902045972568163
0.04691000000000001,0.013012531658816412,0.006334242058181729
0.04692,0.008418570064807531,0.004657887893866558
0.046930000000000006,0.010326764767165729,0.00457256231794443
0.04694,0.007911451373005071,0.008229386751637676
0.046950000000000006,0.009042182739967921,0.006103929071458636
0.04696,0.010729747556013747,0.004652229164987408
0.046970000000000005,0.01304464562675656,0.003595244687077934
0.04698,0.010671872382515444,0.006322757372376434
0.046990000000000004,0.01004569667426167,0.0032376914416698942
0.04700000000000001,0.011901433891930968,0.0073195336781107
0.04701,0.008814263543024423,0.007248483383905098
0.047020000000000006,0.010920826708864838,0.0032732822758440162
0.04703,0.008468773187549784,0.00811206802063564
0.047040000000000005,0.010801092032152232,0.004707898772948908
0.04705,0.008470945509873179,0.004806717573687123
0.047060000000000005,0.009304584868471166,0.004146580583857759
0.04707,0.006715671365663919,0.008119535677188683
0.047080000000000004,0.012146131644646398,0.0032940016343445543
0.04709000000000001,0.010483160666981394,0.0040370405466337
0.0471,0.009693086493973102,0.005152989189193893
0.047110000000000006,0.009366244482463771,0.009849422898989744
0.04712,0.009346962647737203,0.0042280084498680145
0.047130000000000005,0.008708161411873786,0.007933098371495325
0.04714,0.006934839032776216,0.004321307976298313
0.047150000000000004,0.013138417994179297,0.006335536529697918
0.04716,0.010634354155363096,0.010112868414853014
0.047170000000000004,0.010748953117160266,0.0044332155113189775
0.04718000000000001,0.009697859419274871,0.0035797365563447823
0.04719,0.012779653211826362,0.007000738953033957
0.047200000000000006,0.012522382328775675,0.008278598724098186
0.04721,0.009450916683615133,0.003964141519808294
0.047220000000000005,0.010181705580471217,0.004109142449172671
0.04723,0.010620848473944478,0.00811987673175513
0.047240000000000004,0.00996046773498838,0.006156692543970812
0.04725000000000001,0.01011487750407872,0.007463177920161126
0.04726,0.008972835084481656,0.0014658516825239755
0.047270000000000006,0.011255978177109922,0.007835435500683906
0.04728,0.011212839003678064,0.004580329143468221
0.047290000000000006,0.008055925865883223,0.0068508097007311496
0.0473,0.010614777030362286,0.0056112549134074334
0.047310000000000005,0.013982624408771214,0.00397026654306584
0.04732,0.013893659921351687,0.0059284621373946085
0.047330000000000004,0.006678342661719479,0.005507517651136002
0.04734000000000001,0.01227438310716464,0.005136842564563277
0.04735,0.007411750834282232,0.005538954277645797
0.047360000000000006,0.008652889778266452,0.006852643897539142
0.04737,0.011919970436242704,0.0037575070794526088
0.047380000000000005,0.008967508663030314,0.0073843666726153955
0.04739,0.008667383899304808,0.00370780036847812
0.047400000000000005,0.0080336556108897,0.006577229816481863
0.04741,0.011015328490547502,0.0045060975353632725
0.047420000000000004,0.010413168801824092,0.008929492427543137
0.04743000000000001,0.008460872457446233,0.00197278156431715
0.04744,0.011325148510795476,0.005656504640077873
0.047450000000000006,0.009000961622912484,0.007182508693022199
0.04746,0.01210548639500509,0.0014628344963287148
0.047470000000000005,0.009127874490949482,0.010515466386067528
0.04748,0.011605924262919641,0.007233685660131033
0.047490000000000004,0.01279095705107127,0.005916661568553102
0.0475,0.012044600840322132,0.0073196946176813885
0.047510000000000004,0.011535389526954857,0.005240594280350779
0.04752000000000001,0.010807508401669776,0.00470894386677122
0.04753,0.010495113222996722,0.0035497350697077947
0.047540000000000006,0.008894340745007603,0.005323143715808661
0.04755,0.008594292058535057,0.004878785293665779
0.047560000000000005,0.010159975265330497,0.006694397652249232
0.04757,0.012392476247115257,0.004963358442723194
0.047580000000000004,0.013170315453217642,0.007769204662618339
0.04759000000000001,0.01151444863218842,0.006200337183718543
0.0476,0.011150667599717983,0.008268198748633639
0.047610000000000006,0.01296576040501616,0.008565048531215572
0.04762,0.010607440164446116,0.007006149139125622
0.047630000000000006,0.013218075198715443,0.004649843584075945
0.04764,0.009900354456371368,0.005930410937390435
0.047650000000000005,0.01234260193569943,0.007729744985510777
0.04766,0.010087902874978136,0.0028832459658670695
0.047670000000000004,0.011048235989471175,0.004064897910959885
0.04768000000000001,0.007582243085213529,0.0033748534981777774
0.04769,0.011221135318213765,0.008625738901185525
0.047700000000000006,0.010652430581809163,0.006327494176547361
0.04771,0.012946710137130543,0.0028168928679061147
0.047720000000000005,0.011627562300343291,0.00588369406976392
0.04773,0.011725624084878651,0.00494097791006794
0.047740000000000005,0.008963944833378572,0.006190036762708451
0.04775,0.01390452286957233,0.007631913531918366
0.047760000000000004,0.009597086077647827,0.003229224763663387
0.04777000000000001,0.00725467905699617,0.008544444398872421
0.04778,0.008715001690698061,0.0052622964781517435
0.047790000000000006,0.013273951822881156,0.002686599354255041
0.0478,0.013622432579663946,0.005408201473284261
0.047810000000000005,0.008347121631578336,0.0054218618001030975
0.04782,0.009205490137141236,0.006799285685717037
0.047830000000000004,0.009360825031865475,0.0020954452624498713
0.04784,0.010222381817660489,0.0032067243416866046
0.047850000000000004,0.011078574453835558,0.003546639711972917
0.04786000000000001,0.009700347716911143,0.006287163086282165
0.04787,0.010257905374142793,0.006423936318936552
0.047880000000000006,0.012049857545777127,0.00360829780506001
0.04789,0.010566959438082587,-0.0007337517596509874
0.047900000000000005,0.011196903368304818,0.005324719387467204
0.04791,0.008741830450037902,0.006558879490432203
0.047920000000000004,0.013060629335765185,0.004976499335803082
0.04793000000000001,0.008832120423632893,0.006259680731355891
0.04794,0.008057062337910273,0.004609964033983975
0.047950000000000007,0.013179617332073934,0.006056182999145974
0.04796,0.006982427515124529,0.0023389402081166813
0.047970000000000006,0.011072092385492126,0.007658804819157983
0.04798,0.007519248789402859,0.006834550251268427
0.047990000000000005,0.01342176060377667,0.009711945588271171
0.048,0.011430112192828952,0.006950936587490388
0.048010000000000004,0.006507902130893191,0.010137941493196816
0.04802000000000001,0.009629906128358508,0.004072600294804215
0.04803,0.010277101136140937,0.008963996872954334
0.048040000000000006,0.015210243659426803,0.00619257605780117
0.04805,0.012796969404573528,0.006029276674687938
0.048060000000000005,0.008731870970995485,0.008897467024434513
0.04807,0.009569879203631441,0.00901615356509589
0.048080000000000005,0.013417900487924822,0.0071742781146011125
0.04809,0.014485462448827162,0.010412012457127879
0.048100000000000004,0.01048373278944652,0.004330848196630731
0.04811000000000001,0.007112397918355757,0.010438918228578741
0.04812,0.009968303178350934,0.00822074596064138
0.048130000000000006,0.009371897617779245,0.00902832330437193
0.04814,0.009460925906611897,0.0035694747817463382
0.048150000000000005,0.010450912574234235,0.0048904839267547425
0.04816,0.01206730098911576,0.005852369010202128
0.048170000000000004,0.012136893853277436,0.005374240713493989
0.04818,0.009558073659899215,0.004790288621081914
0.048190000000000004,0.014984977055477888,0.006408878903641123
0.04820000000000001,0.006934397845716098,0.004919247602675414
0.04821,0.011102488910598196,0.009651594853551044
0.048220000000000006,0.012973000662438257,0.0041184909536186535
0.04823,0.015759172955052508,0.005900738309580186
0.048240000000000005,0.013421991147872944,0.003654175737063318
0.04825,0.006139887302012243,0.003148464726904482
0.048260000000000004,0.0044424404243787,0.010190642624049914
0.04827000000000001,0.011379079044834246,0.00411831348371041
0.04828,0.011862179071999187,0.006347408436231311
0.048290000000000007,0.012205727611662795,0.008388943304660808
0.0483,0.010390960355012496,0.00421134332701505
0.048310000000000006,0.012633306991561085,0.007576830233192891
0.04832,0.011186194170918764,0.010328417097445412
0.048330000000000005,0.010116056419974985,0.004174738127009095
0.04834,0.011834873780038866,0.00462572501727525
0.048350000000000004,0.011996726410172496,0.004310732193971963
0.04836000000000001,0.010212223439713173,0.009759578837111042
0.04837,0.010208560172003854,0.004381345520328731
0.048380000000000006,0.013368131608536905,0.003878116642192966
0.04839,0.009647939011715142,0.007134476044391689
0.048400000000000006,0.012917712085544295,0.008423461175487664
0.04841,0.00955352169377503,0.007175681661742461
0.048420000000000005,0.010122837463987261,0.0047735103068432694
0.04843,0.013468580346857599,0.004886871379054316
0.048440000000000004,0.0116256773378319,0.006298299048131737
0.04845000000000001,0.008934885231016602,0.007920487104449828
0.04846,0.012204094113495016,0.002016882802422954
0.048470000000000006,0.011645525425834325,0.004444681141815581
0.04848,0.013291997258512045,0.00310099367533772
0.048490000000000005,0.010392068746271757,0.006717009147607394
0.0485,0.011220891935674824,0.00752004461699435
0.048510000000000005,0.00808256869583543,0.009299126199674233
0.04852,0.012176915993170294,0.008715904741992403
0.048530000000000004,0.012882333739838738,0.005974420248059205
0.04854000000000001,0.008572696454217314,0.0048717076496361785
0.04855,0.014327471796259605,0.008770864488062895
0.048560000000000006,0.009916410235676621,0.0003645566456898638
0.04857,0.010737508634594398,0.005426937119191542
0.048580000000000005,0.01067063365962128,0.007060600363772185
0.04859,0.012929907727314893,0.007985301509573373
0.048600000000000004,0.012076217469769212,0.0024043428607093287
0.04861000000000001,0.010509729312271716,0.010615247078067332
0.048620000000000003,0.011947904834322095,0.00674389129483261
0.04863000000000001,0.011925798861879628,0.006840197453830656
0.04864,0.0064479713000788865,0.005531577033113308
0.048650000000000006,0.0111457917727238,0.00857480533415595
0.04866,0.011324318125695208,0.002719982045118639
0.048670000000000005,0.012096558707030003,0.0044065472218418255
0.04868,0.008810230360973845,0.004347071545610944
0.048690000000000004,0.012336244573338777,0.008534106663382555
0.04870000000000001,0.012224543729962472,0.007281826603414786
0.04871,0.012212235398000298,0.006221631913127486
0.048720000000000006,0.012667480454574867,0.001182625462817474
0.04873,0.011503283571774738,0.003931526603011046
0.048740000000000006,0.013614413083636638,0.005728267778305098
0.04875,0.011358018602106397,0.0030136378013421636
0.048760000000000005,0.013337312141124373,0.007279642399588778
0.04877,0.012425087548774898,0.004400146515437225
0.048780000000000004,0.00977146703173747,0.006474598644413752
0.04879000000000001,0.009937318388315321,0.006898394635117275
0.0488,0.0070120720734030105,0.005054730033173083
0.048810000000000006,0.014934999896187868,0.006910002703683139
0.04882,0.01168268963051166,0.010002697489729252
0.048830000000000005,0.00668481808321814,0.004402837032012036
0.04884,0.01056201571359188,0.007751378046834031
0.048850000000000005,0.013123325270438739,0.004303879961662124
0.04886,0.013375585459626832,0.005230483126902404
0.048870000000000004,0.013810634156395846,0.003973048033889039
0.04888000000000001,0.011148423649148665,0.005059221058200249
0.04889,0.013514813419154191,0.004995217008447539
0.048900000000000006,0.01132557536752954,0.007055627486921666
0.04891,0.012508723096254231,0.007817136657539137
0.048920000000000005,0.011848203378089329,0.0052079618676137696
0.04893,0.010734318051960587,0.006097034092364118
0.048940000000000004,0.011940676271817031,0.005752577441843281
0.04895000000000001,0.011487688032034924,0.003013645807433564
0.048960000000000004,0.012791795757729114,0.006411612416480792
0.04897000000000001,0.013468644177835196,0.0060509446863766135
0.04898,0.007995940553899393,0.005334968652205443
0.048990000000000006,0.01108072245829482,0.007538906531007354
0.049,0.007347896077737426,0.006136699377103299
0.049010000000000005,0.012523668764575824,0.004732606533140212
0.04902,0.011653463858292683,0.004802752787032344
0.049030000000000004,0.010052965852889255,0.005241231151537351
0.04904000000000001,0.010098646025729326,0.007426554070697806
0.04905,0.010058058994754036,0.004254745580039529
0.049060000000000006,0.015071767302164526,0.007983295321116546
0.04907,0.007820844985503644,0.004533529980867012
0.049080000000000006,0.012036773942962624,0.0067118295216667765
0.04909,0.00857885315128613,0.008382704766775806
0.049100000000000005,0.013218293231209126,0.007030633010212405
0.04911,0.014289321547602074,0.0069726672711348725
0.049120000000000004,0.012481061197769691,0.009184704948157155
0.04913000000000001,0.013794388210183806,0.004387592187675213
0.04914,0.012866403788635055,0.00474333366285043
0.049150000000000006,0.012616401725689846,0.007026360284188112
0.04916,0.008849252038254358,0.005830707518856874
0.049170000000000005,0.012154809633636219,0.005203085428618841
0.04918,0.012261839315660846,0.007688730035393626
0.049190000000000005,0.01157937210518944,0.0065274037111170665
0.0492,0.014415560189285604,0.007025869809863642
0.049210000000000004,0.01205852944329061,0.004164591383135832
0.04922000000000001,0.013007116789338176,0.006742325157399961
0.04923,0.01424074264515005,0.00617705908252219
0.049240000000000006,0.008048944935063126,0.0026843386205806265
0.04925,0.013161068804773204,0.004945473154115065
0.049260000000000005,0.012571487343790528,0.006315607262683904
0.04927,0.011372532331058336,0.005895702663515569
0.049280000000000004,0.009983707780074496,0.006058154758712383
0.04929000000000001,0.010553790385532374,0.005346483642859291
0.049300000000000004,0.01108378499840625,0.005638898338674419
0.04931000000000001,0.013583751251913896,0.00583399306817928
0.04932,0.013795145716266614,0.009170576134118152
0.049330000000000006,0.013465982541352395,0.007165096467253114
0.04934,0.01241812538529928,0.007828171645666833
0.049350000000000005,0.011951565740643278,0.008067890418767376
0.04936,0.013009454780379955,0.005380367977460855
0.049370000000000004,0.01358135948490931,0.006284308760085198
0.04938000000000001,0.0115858239523753,0.005150251957448461
0.04939,0.01213857163379635,0.008096878724275669
0.049400000000000006,0.013592875686908038,0.006812045992747539
0.04941,0.01302276050186968,0.00864995857853192
0.049420000000000006,0.011532034029713208,0.003877033283472299
0.04943,0.014442735595019653,0.005049626783028276
0.049440000000000005,0.010468324849709349,0.002518099478622001
0.04945,0.013000108375862943,0.002868903152176692
0.049460000000000004,0.010365581835087165,0.0072895971162451525
0.04947000000000001,0.013318515184540839,0.004811032074822585
0.04948,0.011614955343949929,0.004370569884778164
0.049490000000000006,0.010795073870242616,0.006649509750703457
0.0495,0.010897195706807139,0.005629971173528689
0.049510000000000005,0.008979713531313311,0.008385637341860479
0.04952,0.01293791416378448,0.007706861253398313
0.049530000000000005,0.014507302003571828,0.0044719519994486385
0.04954,0.011218349100560581,0.002334038003776406
0.049550000000000004,0.018224686975988367,0.00582586684854681
0.04956000000000001,0.014030016463301159,0.003650047686858014
0.04957,0.01395407348272235,0.009842885985560228
0.049580000000000006,0.011849487603506684,0.004107277260487543
0.04959,0.011701225313969808,0.0016768549941326835
0.049600000000000005,0.011911830314425246,0.007773651886340099
0.04961,0.011924890656905413,0.005564779839613191
0.049620000000000004,0.013060361078029345,0.007342451766112208
0.04963000000000001,0.008694249334439613,0.006313392906284011
0.049640000000000004,0.0168948830776967,0.003467061190592971
0.04965000000000001,0.011860944332285128,0.010021934421173703
0.04966,0.014249018321587826,0.005112999110099159
0.049670000000000006,0.012461841663172952,0.0061369212100549275
0.04968,0.010562347118762638,0.00599399426160825
0.049690000000000005,0.011507495256626497,0.00636935207193019
0.0497,0.010579614970482777,0.003591975331509663
0.049710000000000004,0.01200279065306589,0.009576807526058155
0.04972000000000001,0.01225874602242423,0.005484744715469475
0.04973,0.013611516895920972,0.005832656062166962
0.049740000000000006,0.015848433441573873,0.006142835117660531
0.04975,0.013522401257753376,0.004642818059711394
0.049760000000000006,0.013136642456099726,0.006703582310485319
0.04977,0.012026525840678882,0.005151250214721096
0.049780000000000005,0.010872569266354427,0.0067208432983675865
0.04979,0.013415616736450751,0.005903186468586902
0.049800000000000004,0.012741400751217382,0.006083058657641763
0.04981000000000001,0.012373060820143866,0.005759375867808373
0.04982,0.012221115352924087,0.01155772643714676
0.049830000000000006,0.012817617807349897,0.007453621006398905
0.04984,0.013079593072966977,0.005638776889237812
0.049850000000000005,0.014800738623972326,0.005583468326151074
0.04986,0.014332101358468945,0.0054987690915380884
0.049870000000000005,0.010311297059361806,0.006899364618936893
0.04988,0.010031173042278352,0.007241243666060661
0.049890000000000004,0.009861477964936078,0.005533340072069476
0.04990000000000001,0.009395639318687608,0.011821084976900868
0.04991,0.008960500985426287,0.0061937751767409425
0.049920000000000006,0.014564368051008383,0.008248318168439772
0.04993,0.013989801195759356,0.005542490152309974
0.049940000000000005,0.014998670391278791,0.008005131614731285
0.04995,0.012730485426140662,0.006660915384570512
0.049960000000000004,0.01170745277986843,0.004361856189800173
0.04997000000000001,0.014799030149587566,0.008806984542131368
0.049980000000000004,0.010565958326685837,0.005876408483978263
0.04999000000000001,0.012056796920007752,0.006120079216792393
0.05,0.012481718235972127,0.008080528113020097
