{
  "condition": "Commensal",
  "cultivation": "Static",
  "optimizer": "dual_annealing",
  "num_starts": 1,
  "success": true,
  "logL": 35.08398938560179,
  "AIC": -52.16797877120358,
  "AICc": -43.16797877120358,
  "BIC": -39.55720233624418,
  "n_params": 9,
  "n_data_points": 30,
  "elapsed_time": 6003.096688985825,
  "n_evaluations": 4021,
  "total_relinearizations": 77,
  "theta_MAP_full": [
    -0.46747770550353407,
    0.48146412353660484,
    -0.17955055651562568,
    0.7126844135507485,
    0.0,
    -1.0,
    0.0,
    0.0,
    0.7126844135507485,
    0.0,
    0.8281593194561755,
    0.0,
    -0.3642758177695517,
    0.0,
    0.0,
    0.0,
    0.0,
    0.0,
    0.0,
    0.0
  ],
  "active_indices": [
    0,
    1,
    2,
    3,
    4,
    5,
    8,
    10,
    12
  ],
  "locked_indices": [
    9,
    15,
    6,
    7,
    11,
    13,
    14,
    16,
    17,
    18,
    19
  ],
  "std_errors": [
    107.50414503547212,
    394.9621361352212,
    884.5593567048359,
    5.161850719108132,
    5.161850719108132,
    0.01402406503615329,
    5.161850719108132,
    31.213162208014975,
    221.43684271011435
  ],
  "ci_lower": [
    -1.0,
    -1.0,
    -1.0,
    0.0,
    0.0,
    -1.0,
    0.0,
    -1.0,
    -1.0
  ],
  "ci_upper": [
    2.0,
    2.0,
    2.0,
    3.0,
    3.0,
    -0.9725133376122922,
    3.0,
    2.0,
    2.0
  ]
}
