{
  "per_species": {
    "S.o": {
      "R2": -1.0075291244687872,
      "RMSE": 0.09587418970784867,
      "NRMSE": 0.5344157728785233,
      "MAE": 0.08106121733282516,
      "max_error": 0.12071733245327285,
      "mean_obs": 0.15979999999999997,
      "mean_pred": 0.1576036443439256
    },
    "A.n": {
      "R2": -10.440256180924488,
      "RMSE": 0.11335902234006065,
      "NRMSE": 1.1820544548681462,
      "MAE": 0.10390592361071087,
      "max_error": 0.1746867564568102,
      "mean_obs": 0.040600000000000004,
      "mean_pred": 0.14450592361071088
    },
    "Vei": {
      "R2": -10.050603586621621,
      "RMSE": 0.3371897970405867,
      "NRMSE": 1.1683638147046096,
      "MAE": 0.30735090538702364,
      "max_error": 0.4108062816822192,
      "mean_obs": 0.12526666666666667,
      "mean_pred": 0.429321267092637
    },
    "F.n": {
      "R2": -16988.672050046334,
      "RMSE": 0.031127647449186335,
      "NRMSE": 44.46806143197172,
      "MAE": 0.030796542049883868,
      "max_error": 0.03692187831218568,
      "mean_obs": 0.0016083333333333334,
      "mean_pred": 0.0324048753832172
    },
    "P.g": {
      "R2": -16988.672050046334,
      "RMSE": 0.031127647449186335,
      "NRMSE": 44.46806143197172,
      "MAE": 0.030796542049883868,
      "max_error": 0.03692187831218568,
      "mean_obs": 0.0016083333333333334,
      "mean_pred": 0.0324048753832172
    }
  },
  "overall": {
    "R2": -2.6970899422102623,
    "RMSE": 0.16593790904898417,
    "MAE": 0.11078222608606546,
    "max_error": 0.4108062816822192
  }
}
