{
  "job": "two_layer_T23_dysbiotic_static_phi_pg.odb",
  "mises_max": 45.20050811767578,
  "mises_mean": 1.7390365044067317,
  "disp_max": 398.72003173828125,
  "disp_mean": 173.18979186231843
}
