{
  "commensal_static": {
    "di_mean": 5.375064751593311e-06,
    "di_std": 8.69487906208119e-06,
    "di_min": 5.8011495940313296e-08,
    "di_max": 3.109215540508803e-05,
    "E_mean": 999.5852150937923,
    "c_min_bf": 0.6033312001328672,
    "phi_Pg_mean": 0.09793363792254903,
    "elapsed_s": 74.78721976280212,
    "di_0d": 0.43191473388931134
  },
  "commensal_hobic": {
    "di_mean": 5.39914819457952e-06,
    "di_std": 8.637739759547643e-06,
    "di_min": 7.54126042723513e-08,
    "di_max": 3.142203942030353e-05,
    "E_mean": 999.5833548096381,
    "c_min_bf": 0.600542371353055,
    "phi_Pg_mean": 0.09869446522159699,
    "elapsed_s": 74.83869004249573,
    "di_0d": 0.8427127160445667
  },
  "dysbiotic_static": {
    "di_mean": 5.3577538037546005e-06,
    "di_std": 8.67305015508116e-06,
    "di_min": 9.39213314898879e-08,
    "di_max": 3.121209966461258e-05,
    "E_mean": 999.586550607465,
    "c_min_bf": 0.6021802001909958,
    "phi_Pg_mean": 0.09824567280347905,
    "elapsed_s": 75.18017673492432,
    "di_0d": 0.8454431433543875
  },
  "dysbiotic_hobic": {
    "di_mean": 5.563602604277632e-06,
    "di_std": 8.658725182779048e-06,
    "di_min": 1.144366028604793e-07,
    "di_max": 3.114972591444776e-05,
    "E_mean": 999.5706625815318,
    "c_min_bf": 0.6032830394160336,
    "phi_Pg_mean": 0.09789986092732714,
    "elapsed_s": 75.06619119644165,
    "di_0d": 0.16125951820116058
  }
}