{
  "commensal_static": {
    "di_mean": 0.010518387901440163,
    "di_std": 0.008440373775175343,
    "di_min": 1.1140673468190698e-06,
    "di_max": 0.020107994715585997,
    "E_mean": 461.7075413600694,
    "c_min_bf": 0.49665941403921776,
    "phi_Pg_mean": 0.09525863867254218,
    "elapsed_s": 60.646974325180054,
    "di_0d": 0.42140992515545816
  },
  "commensal_hobic": {
    "di_mean": 0.008019163654318536,
    "di_std": 0.006557850889211675,
    "di_min": 1.7798599827312245e-06,
    "di_max": 0.01645055552701291,
    "E_mean": 542.4318892920069,
    "c_min_bf": 0.48056565094042486,
    "phi_Pg_mean": 0.0952825302702741,
    "elapsed_s": 60.43860745429993,
    "di_0d": 0.8427127160445667
  },
  "dysbiotic_static": {
    "di_mean": 0.00467790735797519,
    "di_std": 0.0037826783086249453,
    "di_min": 1.2895350046671084e-06,
    "di_max": 0.009352887501686946,
    "E_mean": 693.3405147269078,
    "c_min_bf": 0.4888332338106713,
    "phi_Pg_mean": 0.09689779668573983,
    "elapsed_s": 60.3156213760376,
    "di_0d": 0.8454431433543875
  },
  "dysbiotic_hobic": {
    "di_mean": 0.033249539536436466,
    "di_std": 0.025842153494859542,
    "di_min": 4.338779590162822e-06,
    "di_max": 0.06253356076735861,
    "E_mean": 357.2080551161368,
    "c_min_bf": 0.4858752048376317,
    "phi_Pg_mean": 0.09053373257294194,
    "elapsed_s": 60.117820262908936,
    "di_0d": 0.16125951955835072
  }
}