{"phi_final": [0.9436284737923725, 0.0112671119012251, 0.011363118897930355, 0.01125555451334585, 0.011242870447856206], "di_0d": 0.8454431433543875, "phi_total": 0.98875712955273}