{"phi_final": [0.7050239270746601, 0.05970717400737481, 0.060040170800963334, 0.06082775884116223, 0.057199216348915505], "di_0d": 0.43191473388931134, "phi_total": 0.942798247073076}