{"phi_final": [0.9424872160686281, 0.011558658956113882, 0.011691249537160598, 0.011448294301981935, 0.011407290568128387], "di_0d": 0.8427127160445667, "phi_total": 0.9885927094320128}
