{"phi_final": [0.09712983154662483, 0.11876251775745313, 0.47419849347284987, 0.12345491458276908, 0.09323602643890654], "di_0d": 0.16125951955835072, "phi_total": 0.9067817837986034}
