{"phi_final": [0.6975517133583198, 0.06127360322911816, 0.061630280252065586, 0.06251173353438698, 0.05851506106635888], "di_0d": 0.42140992515545816, "phi_total": 0.9414823914402494}
