{"phi_final": [0.09712983169980431, 0.11876251809813225, 0.4741984920085601, 0.12345491533259242, 0.09323602654950504], "di_0d": 0.16125951820116058, "phi_total": 0.9067817836885942}