{
  "di_mean": 0.00467790735797519,
  "di_std": 0.0037826783086249453,
  "di_min": 1.2895350046671084e-06,
  "di_max": 0.009352887501686946,
  "E_mean": 693.3405147269078,
  "c_min_bf": 0.4888332338106713,
  "c_mean_bf": 0.6005476813006353,
  "phi_Pg_mean": 0.09689779668573983,
  "elapsed_s": 60.3156213760376
}