{
  "di_mean": 0.008019163654318536,
  "di_std": 0.006557850889211675,
  "di_min": 1.7798599827312245e-06,
  "di_max": 0.01645055552701291,
  "E_mean": 542.4318892920069,
  "c_min_bf": 0.48056565094042486,
  "c_mean_bf": 0.5941591469788495,
  "phi_Pg_mean": 0.0952825302702741,
  "elapsed_s": 60.43860745429993
}
