{
  "di_mean": 0.010518387901440163,
  "di_std": 0.008440373775175343,
  "di_min": 1.1140673468190698e-06,
  "di_max": 0.020107994715585997,
  "E_mean": 461.7075413600694,
  "c_min_bf": 0.49665941403921776,
  "c_mean_bf": 0.6060862131069499,
  "phi_Pg_mean": 0.09525863867254218,
  "elapsed_s": 60.646974325180054
}
