{
  "di_mean": 5.39914819457952e-06,
  "di_std": 8.637739759547643e-06,
  "di_min": 7.54126042723513e-08,
  "di_max": 3.142203942030353e-05,
  "E_mean": 999.5833548096381,
  "c_min_bf": 0.600542371353055,
  "c_mean_bf": 0.6868307440036341,
  "phi_Pg_mean": 0.09869446522159699,
  "elapsed_s": 74.83869004249573
}