{
  "di_mean": 0.033249539536436466,
  "di_std": 0.025842153494859542,
  "di_min": 4.338779590162822e-06,
  "di_max": 0.06253356076735861,
  "E_mean": 357.2080551161368,
  "c_min_bf": 0.4858752048376317,
  "c_mean_bf": 0.5973755019748758,
  "phi_Pg_mean": 0.09053373257294194,
  "elapsed_s": 60.117820262908936
}