{
  "di_mean": 5.375064751593311e-06,
  "di_std": 8.69487906208119e-06,
  "di_min": 5.8011495940313296e-08,
  "di_max": 3.109215540508803e-05,
  "E_mean": 999.5852150937923,
  "c_min_bf": 0.6033312001328672,
  "c_mean_bf": 0.6889041392550538,
  "phi_Pg_mean": 0.09793363792254903,
  "elapsed_s": 74.78721976280212
}