{
  "di_mean": 5.563602604277632e-06,
  "di_std": 8.658725182779048e-06,
  "di_min": 1.144366028604793e-07,
  "di_max": 3.114972591444776e-05,
  "E_mean": 999.5706625815318,
  "c_min_bf": 0.6032830394160336,
  "c_mean_bf": 0.6888663086768972,
  "phi_Pg_mean": 0.09789986092732714,
  "elapsed_s": 75.06619119644165
}