{
  "di_mean": 5.3577538037546005e-06,
  "di_std": 8.67305015508116e-06,
  "di_min": 9.39213314898879e-08,
  "di_max": 3.121209966461258e-05,
  "E_mean": 999.586550607465,
  "c_min_bf": 0.6021802001909958,
  "c_mean_bf": 0.6880492204647505,
  "phi_Pg_mean": 0.09824567280347905,
  "elapsed_s": 75.18017673492432
}