{
  "credibility": 0.95,
  "hdi_lower": [
    0.16985737106957544,
    -0.4975511695656747,
    0.007856058542616395,
    0.11209868981035509,
    0.035290023688263505,
    0.15275614153731493,
    -0.46265313581541617,
    0.3130604772347779,
    0.0026948796528483143,
    0.13187228204548684,
    -2.9763236487920026,
    -0.3551576283317024,
    1.3937611109622083,
    -0.43279865857282274,
    0.06528015700989265,
    0.038798235699411265,
    -0.34688583323981204,
    -0.21167752793339378,
    2.185826536187399,
    0.12076319271767488
  ],
  "hdi_upper": [
    4.953476946209532,
    2.8113046350025823,
    4.609309434909168,
    2.8587803596400585,
    2.842373367415608,
    4.8460728417218855,
    2.8386138759367934,
    4.975189927435309,
    4.815042310155709,
    2.9760260396227314,
    2.638098835142321,
    2.9187863417700606,
    27.937586591334593,
    2.829221021910292,
    4.753213732461491,
    0.4993347354252019,
    2.942082227077501,
    2.8883956486098965,
    29.977559812229806,
    19.08475956427441
  ],
  "et_lower": [
    0.10710053481103977,
    -0.41022418628620333,
    0.08572549781817825,
    0.11939388989729632,
    0.0682303458453297,
    0.1563930913841363,
    -0.4121931402487325,
    0.15983927966736575,
    0.07319898512787151,
    0.05801433972972259,
    -2.9039826437887735,
    -0.3947916601698527,
    1.946052788618523,
    -0.41654598630273393,
    0.08310328417818967,
    0.02540946396610959,
    -0.4027590444253939,
    -0.30983789898314856,
    0.7623458030904975,
    0.5147701332656905
  ],
  "et_upper": [
    4.8988381172099995,
    2.903497236850631,
    4.76589143180146,
    2.8800953784615424,
    2.9117834013628157,
    4.885255477702888,
    2.9448034392916553,
    4.918340552297544,
    4.888814362885621,
    2.9073499711426445,
    2.8143490449292488,
    2.8832762607935813,
    28.7661049011078,
    2.842847710735907,
    4.857881653858252,
    0.48732744014849533,
    2.915682886025935,
    2.855757343408374,
    28.664572411341208,
    19.82619370141427
  ],
  "median": [
    2.2780078340120657,
    1.374788344066256,
    1.6636881275888413,
    1.4142203111776883,
    1.5099021481963164,
    2.5908915213021437,
    1.2075733969815043,
    2.956210186039142,
    2.408502886363955,
    1.6761165661327593,
    -0.41988293785263875,
    1.302021184017141,
    9.780440809379037,
    1.2567886310613776,
    2.3647360113853226,
    0.2545116307569887,
    1.048753696000115,
    1.3741543007790513,
    19.57791546822189,
    7.776621258384614
  ],
  "param_names": [
    "a11",
    "a12",
    "a22",
    "b1",
    "b2",
    "a33",
    "a34",
    "a44",
    "b3",
    "b4",
    "a13",
    "a14",
    "a23",
    "a24",
    "a55",
    "b5",
    "a15",
    "a25",
    "a35",
    "a45"
  ]
}
