{
  "MAP": {
    "n_obs": 6,
    "n_species": 5,
    "rmse_per_species": [
      0.032173167186053515,
      0.1252510032962596,
      0.23249072358247894,
      0.08500594608939907,
      0.4131593205718228
    ],
    "mae_per_species": [
      0.02027344146238425,
      0.09852610725758552,
      0.19702756510838323,
      0.06014182347543807,
      0.3884507738992407
    ],
    "rmse_total": 0.2230253340368892,
    "mae_total": 0.15288394224060634,
    "max_abs": 0.47310666058761314,
    "estimate_type": "MAP"
  },
  "Mean": {
    "n_obs": 6,
    "n_species": 5,
    "rmse_per_species": [
      0.03250901275060716,
      0.12420134288426359,
      0.22250513934116847,
      0.08455357251908113,
      0.4079134417145388
    ],
    "mae_per_species": [
      0.020235122612333498,
      0.10153798208593308,
      0.19139928936830394,
      0.06015497157437131,
      0.38766665457867117
    ],
    "rmse_total": 0.21887623401120837,
    "mae_total": 0.15219880404392258,
    "max_abs": 0.46526245519813425,
    "estimate_type": "Mean"
  },
  "species_names": [
    "S. oralis",
    "A. naeslundii",
    "V. dispar",
    "F. nucleatum",
    "P. gingivalis"
  ]
}
