{
  "elapsed_time": 10477.899406671524,
  "converged": [
    true,
    true
  ],
  "MAP": [
    0.5205432728346953,
    1.8207970826367483,
    0.7441415924024912,
    2.079550814896673,
    2.4150726454161093,
    0.02381842698048997,
    -0.4405399465360915,
    2.8055397562966213,
    4.988259496272629,
    0.8919944578434205,
    -0.4394405153313352,
    -0.25301273261222956,
    1.653078969987149,
    1.42047351260726,
    0.009783074923792157,
    0.1909563915343552,
    1.5646252065632602,
    1.2470380878419847,
    17.335474403914507,
    4.578676373959917
  ],
  "mean": [
    2.4480002727202783,
    1.3087555804031727,
    1.9226624491851878,
    1.453879720192238,
    1.5019490516769622,
    2.5254968352655607,
    1.206580946954118,
    2.727793599084026,
    2.4713754027520767,
    1.5549132093791864,
    -0.1823056527688323,
    1.205362409298289,
    12.540228156463511,
    1.2332952159541177,
    2.380521603638025,
    0.2642467405711688,
    1.1244620116057888,
    1.3624659736347051,
    17.96266027383462,
    8.617074229952813
  ]
}
