{
  "theta_sub": [
    2.4480002727202783,
    1.3087555804031727,
    1.9226624491851878,
    1.453879720192238,
    1.5019490516769622,
    2.5254968352655607,
    1.206580946954118,
    2.727793599084026,
    2.4713754027520767,
    1.5549132093791864,
    -0.1823056527688323,
    1.205362409298289,
    12.540228156463511,
    1.2332952159541177,
    2.380521603638025,
    0.2642467405711688,
    1.1244620116057888,
    1.3624659736347051,
    17.96266027383462,
    8.617074229952813
  ],
  "theta_full": [
    2.4480002727202783,
    1.3087555804031727,
    1.9226624491851878,
    1.453879720192238,
    1.5019490516769622,
    2.5254968352655607,
    1.206580946954118,
    2.727793599084026,
    2.4713754027520767,
    1.5549132093791864,
    -0.1823056527688323,
    1.205362409298289,
    12.540228156463511,
    1.2332952159541177,
    2.380521603638025,
    0.2642467405711688,
    1.1244620116057888,
    1.3624659736347051,
    17.96266027383462,
    8.617074229952813
  ],
  "active_indices": [
    0,
    1,
    2,
    3,
    4,
    5,
    6,
    7,
    8,
    9,
    10,
    11,
    12,
    13,
    14,
    15,
    16,
    17,
    18,
    19
  ]
}
