{
  "credibility": 0.95,
  "hdi_lower": [
    0.008018827429037145,
    -0.25692089028947485,
    0.07553425024512597,
    0.0454602304986339,
    0.16922565382077703,
    0.214152682363838,
    -0.38441532601904704,
    0.20134880859655913,
    0.09728026824716984,
    0.1042487589782603,
    -2.657066694987246,
    -0.4541547862026656,
    1.2585209590297932,
    -0.4696264648540689,
    0.06516211360077473,
    0.03271414849858088,
    -0.29618068000215714,
    -0.47266214134356765,
    1.5890210232132347,
    0.18124062697263632
  ],
  "hdi_upper": [
    4.724241358618231,
    2.9957389247973576,
    4.42657451759076,
    2.8835903959778144,
    2.974922569460578,
    4.829053590337139,
    2.873711993757108,
    4.746362548281656,
    4.804293066140251,
    2.900487326255548,
    2.981945194979483,
    2.8679117740369966,
    28.198879049984733,
    2.7503564183731184,
    4.694523758472673,
    0.49189587180241107,
    2.9855900856014923,
    2.8837672527753444,
    29.528055216617208,
    18.24774408372561
  ],
  "et_lower": [
    0.07385885393963788,
    -0.3477810308254892,
    0.10885933511111709,
    0.06240393691509843,
    0.09508700687682801,
    0.18151370867814523,
    -0.4033620416869646,
    0.20457095917345786,
    0.14031369295138238,
    0.10809132055593945,
    -2.7857397256055196,
    -0.42262954779707107,
    1.9401747348432112,
    -0.4309875957685861,
    0.1755058493254753,
    0.01724199437180881,
    -0.38708527572848483,
    -0.4523920199567325,
    0.5691906867869193,
    0.4256127241371503
  ],
  "et_upper": [
    4.8439782934255335,
    2.935595105034389,
    4.463383504714602,
    2.9023113810597376,
    2.945575426931135,
    4.80176272755245,
    2.8540300822287157,
    4.743451030029558,
    4.8545625376581,
    2.908027214809788,
    2.91965707301744,
    2.9440452203685235,
    29.109206150531392,
    2.8061075221769776,
    4.834320551797902,
    0.48405309672186836,
    2.9631681916569192,
    2.9419565464872117,
    29.111099718973225,
    19.09308418857253
  ],
  "median": [
    2.2385917394230734,
    1.2619499973117159,
    1.5469043776260802,
    1.6552568624573034,
    1.6150139796158949,
    2.717329847116634,
    1.1039080884270909,
    2.2989320800029414,
    2.423231228488312,
    1.699135008795821,
    -0.12649297318483144,
    1.194852967760007,
    9.153433277419346,
    1.191864459529833,
    2.4826892007770387,
    0.23783001754733274,
    1.1921430520049197,
    1.3754671229388253,
    17.950858062832076,
    8.244663368582685
  ],
  "param_names": [
    "a11",
    "a12",
    "a22",
    "b1",
    "b2",
    "a33",
    "a34",
    "a44",
    "b3",
    "b4",
    "a13",
    "a14",
    "a23",
    "a24",
    "a55",
    "b5",
    "a15",
    "a25",
    "a35",
    "a45"
  ]
}
