{
  "MAP": {
    "n_obs": 6,
    "n_species": 5,
    "rmse_per_species": [
      0.035445609480753135,
      0.1290137027459056,
      0.2139914772987599,
      0.08793667274354701,
      0.46568534612787865
    ],
    "mae_per_species": [
      0.024453725320050825,
      0.09855014760838388,
      0.18376962726016774,
      0.057777973032965536,
      0.44303540255117846
    ],
    "rmse_total": 0.24012037776732922,
    "mae_total": 0.16151737515454925,
    "max_abs": 0.528183669456833,
    "estimate_type": "MAP"
  },
  "Mean": {
    "n_obs": 6,
    "n_species": 5,
    "rmse_per_species": [
      0.03534588469693262,
      0.12856908800243347,
      0.23068696734037092,
      0.08744146826875089,
      0.420408105171981
    ],
    "mae_per_species": [
      0.02432453191288236,
      0.10334959944783521,
      0.20054226792577592,
      0.05900522607049857,
      0.398097373113729
    ],
    "rmse_total": 0.22600212570804468,
    "mae_total": 0.15706379969414422,
    "max_abs": 0.48010570065989056,
    "estimate_type": "Mean"
  },
  "species_names": [
    "S. oralis",
    "A. naeslundii",
    "V. dispar",
    "F. nucleatum",
    "P. gingivalis"
  ]
}
