{
  "elapsed_time": 9836.452508687973,
  "converged": [
    true,
    true
  ],
  "MAP": [
    0.967856948119525,
    2.681330444564389,
    0.6423418060536141,
    0.9247704215330264,
    1.0349581819780476,
    0.10154981094543558,
    1.3271376112930848,
    0.21193365489670635,
    2.492460363708208,
    0.5536975554325162,
    1.3807760917622014,
    1.4154802027150462,
    2.446250418269315,
    2.2081653843136495,
    3.4005184740218635,
    0.29791831572975924,
    0.2863955040273789,
    2.324057189407038,
    20.944506987370858,
    2.8121890269232397
  ],
  "mean": [
    2.292430920348769,
    1.2460871800235567,
    1.774554611733148,
    1.5563809458426936,
    1.5779580040371608,
    2.6769766335302725,
    1.1261924223340078,
    2.443000374527232,
    2.431275041575161,
    1.6076749743400354,
    -0.09974870305247716,
    1.1713427260457514,
    12.286453355398486,
    1.1529444699713765,
    2.5005078059917527,
    0.23970745722640505,
    1.209120586314253,
    1.314755718666404,
    17.055572047483963,
    8.936157822823523
  ]
}
