{
  "theta_sub": [
    2.292430920348769,
    1.2460871800235567,
    1.774554611733148,
    1.5563809458426936,
    1.5779580040371608,
    2.6769766335302725,
    1.1261924223340078,
    2.443000374527232,
    2.431275041575161,
    1.6076749743400354,
    -0.09974870305247716,
    1.1713427260457514,
    12.286453355398486,
    1.1529444699713765,
    2.5005078059917527,
    0.23970745722640505,
    1.209120586314253,
    1.314755718666404,
    17.055572047483963,
    8.936157822823523
  ],
  "theta_full": [
    2.292430920348769,
    1.2460871800235567,
    1.774554611733148,
    1.5563809458426936,
    1.5779580040371608,
    2.6769766335302725,
    1.1261924223340078,
    2.443000374527232,
    2.431275041575161,
    1.6076749743400354,
    -0.09974870305247716,
    1.1713427260457514,
    12.286453355398486,
    1.1529444699713765,
    2.5005078059917527,
    0.23970745722640505,
    1.209120586314253,
    1.314755718666404,
    17.055572047483963,
    8.936157822823523
  ],
  "active_indices": [
    0,
    1,
    2,
    3,
    4,
    5,
    6,
    7,
    8,
    9,
    10,
    11,
    12,
    13,
    14,
    15,
    16,
    17,
    18,
    19
  ]
}
