{
  "theta_sub": [
    0.967856948119525,
    2.681330444564389,
    0.6423418060536141,
    0.9247704215330264,
    1.0349581819780476,
    0.10154981094543558,
    1.3271376112930848,
    0.21193365489670635,
    2.492460363708208,
    0.5536975554325162,
    1.3807760917622014,
    1.4154802027150462,
    2.446250418269315,
    2.2081653843136495,
    3.4005184740218635,
    0.29791831572975924,
    0.2863955040273789,
    2.324057189407038,
    20.944506987370858,
    2.8121890269232397
  ],
  "theta_full": [
    0.967856948119525,
    2.681330444564389,
    0.6423418060536141,
    0.9247704215330264,
    1.0349581819780476,
    0.10154981094543558,
    1.3271376112930848,
    0.21193365489670635,
    2.492460363708208,
    0.5536975554325162,
    1.3807760917622014,
    1.4154802027150462,
    2.446250418269315,
    2.2081653843136495,
    3.4005184740218635,
    0.29791831572975924,
    0.2863955040273789,
    2.324057189407038,
    20.944506987370858,
    2.8121890269232397
  ],
  "active_indices": [
    0,
    1,
    2,
    3,
    4,
    5,
    6,
    7,
    8,
    9,
    10,
    11,
    12,
    13,
    14,
    15,
    16,
    17,
    18,
    19
  ]
}
