{
  "credibility": 0.95,
  "hdi_lower": [
    0.4225400913902888,
    -0.3880044705307437,
    0.010536013097070196,
    0.06363578324897345,
    0.16272436544496524,
    0.6212741036292226,
    -0.2595313694323551,
    0.1354887699828719,
    0.42006167332540656,
    0.2047670758981257,
    -2.587743347026222,
    -0.25987078372629746,
    3.5782137281354505,
    -0.4538034343165638,
    0.2596297488792364,
    0.015177365622332184,
    -0.3861099164670164,
    -0.16660682943971938,
    1.7935254941534715,
    0.16648318695706354
  ],
  "hdi_upper": [
    4.894106348151377,
    2.8490860259708835,
    3.8683748296513096,
    2.763746947188332,
    2.991306003951137,
    4.896704242472545,
    2.9013688279455385,
    4.5829535400288215,
    4.930159068789331,
    2.968013520918169,
    2.983335855564518,
    2.850249300418059,
    28.307819923041023,
    2.720011182480013,
    4.714091282597185,
    0.4623121230461785,
    2.7784557598670876,
    2.9881483795533885,
    29.319251030773568,
    19.20055604460776
  ],
  "et_lower": [
    0.30936055162146414,
    -0.38090863962179067,
    0.06088492035038866,
    0.126545412964662,
    0.13593666353945494,
    0.5929740880747573,
    -0.37759099324081713,
    0.2830984040505021,
    0.34621782315522964,
    0.05998642348326877,
    -2.759113631968203,
    -0.30733120920044177,
    3.7970385778821125,
    -0.35667530334543474,
    0.28854915404321296,
    0.01707360128640101,
    -0.38427819347192,
    -0.3083681061123616,
    1.8305863627282657,
    0.5258494489334025
  ],
  "et_upper": [
    4.822704611414027,
    2.845639879933305,
    4.283866759897966,
    2.868918475100192,
    2.950897359681869,
    4.867071437536296,
    2.832334864738797,
    4.724081847227422,
    4.824462027787666,
    2.9167347667874854,
    2.8126910395429316,
    2.7651080789015596,
    28.46071036113257,
    2.813786122651027,
    4.757102801350928,
    0.4738849658706504,
    2.7758308644495844,
    2.925245719783231,
    28.831562693323292,
    19.458474215763953
  ],
  "median": [
    2.6651814978051336,
    1.1920452747017611,
    1.3788808121093572,
    1.5029561333818013,
    1.6566963161565342,
    3.1926862746460265,
    1.526161739832406,
    2.1354740247850605,
    2.343928088788982,
    1.8115434785876343,
    0.6221146915183313,
    1.4794593310192443,
    13.757727562255743,
    1.0970180776620198,
    2.0610587557041455,
    0.19843949723285886,
    1.0124926880226903,
    1.3389800974583768,
    17.158430276238384,
    9.574186610015268
  ],
  "param_names": [
    "a11",
    "a12",
    "a22",
    "b1",
    "b2",
    "a33",
    "a34",
    "a44",
    "b3",
    "b4",
    "a13",
    "a14",
    "a23",
    "a24",
    "a55",
    "b5",
    "a15",
    "a25",
    "a35",
    "a45"
  ]
}
