{
  "MAP": {
    "n_obs": 6,
    "n_species": 5,
    "rmse_per_species": [
      0.038345514128972906,
      0.12907705795268765,
      0.2099534547712186,
      0.08805766412986671,
      0.4592687439040335
    ],
    "mae_per_species": [
      0.028783892940166367,
      0.09846301323202093,
      0.17996536033622043,
      0.05759760306652125,
      0.4408264268940581
    ],
    "rmse_total": 0.237020526475284,
    "mae_total": 0.16112725929379743,
    "max_abs": 0.5195577777387472,
    "estimate_type": "MAP"
  },
  "Mean": {
    "n_obs": 6,
    "n_species": 5,
    "rmse_per_species": [
      0.03521731968871214,
      0.14020525791948532,
      0.23465100564623376,
      0.08708208068533842,
      0.3813077531460735
    ],
    "mae_per_species": [
      0.024138158165047028,
      0.1277507245196303,
      0.20448264458477086,
      0.059059439394876616,
      0.35825889400731487
    ],
    "rmse_total": 0.2139802606741612,
    "mae_total": 0.154737972134328,
    "max_abs": 0.46544705272308756,
    "estimate_type": "Mean"
  },
  "species_names": [
    "S. oralis",
    "A. naeslundii",
    "V. dispar",
    "F. nucleatum",
    "P. gingivalis"
  ]
}
