{
  "elapsed_time": 2579.596976995468,
  "converged": [
    true,
    true
  ],
  "MAP": [
    2.9278640191053853,
    2.6566178857028895,
    0.6304604751119112,
    0.4501876770592519,
    1.9225532501949791,
    0.5673693120969074,
    2.4160603661932045,
    4.025852322303088,
    1.7177209936119027,
    1.8040517423397961,
    -1.4326275975620688,
    2.5021845741100956,
    3.6703232938043833,
    -0.4538034343165638,
    3.4717062869286743,
    0.17252355898702398,
    0.1754514953590387,
    2.9353409272666195,
    23.84951199635512,
    1.9229197803502203
  ],
  "mean": [
    2.666817371925029,
    1.159313316123698,
    1.6598545568515073,
    1.5451667739360873,
    1.5736546070878674,
    2.9286563343844954,
    1.4702995620350898,
    2.268365357323142,
    2.5090937650991196,
    1.6355033305117588,
    0.34315485566597864,
    1.4050762266203523,
    14.721116226940142,
    1.2493091981405353,
    2.23043915919788,
    0.22171201478902133,
    1.0795950415166726,
    1.3624622433722124,
    15.332529144655421,
    9.9844908550582
  ]
}
