{
  "theta_sub": [
    2.9278640191053853,
    2.6566178857028895,
    0.6304604751119112,
    0.4501876770592519,
    1.9225532501949791,
    0.5673693120969074,
    2.4160603661932045,
    4.025852322303088,
    1.7177209936119027,
    1.8040517423397961,
    -1.4326275975620688,
    2.5021845741100956,
    3.6703232938043833,
    -0.4538034343165638,
    3.4717062869286743,
    0.17252355898702398,
    0.1754514953590387,
    2.9353409272666195,
    23.84951199635512,
    1.9229197803502203
  ],
  "theta_full": [
    2.9278640191053853,
    2.6566178857028895,
    0.6304604751119112,
    0.4501876770592519,
    1.9225532501949791,
    0.5673693120969074,
    2.4160603661932045,
    4.025852322303088,
    1.7177209936119027,
    1.8040517423397961,
    -1.4326275975620688,
    2.5021845741100956,
    3.6703232938043833,
    -0.4538034343165638,
    3.4717062869286743,
    0.17252355898702398,
    0.1754514953590387,
    2.9353409272666195,
    23.84951199635512,
    1.9229197803502203
  ],
  "active_indices": [
    0,
    1,
    2,
    3,
    4,
    5,
    6,
    7,
    8,
    9,
    10,
    11,
    12,
    13,
    14,
    15,
    16,
    17,
    18,
    19
  ]
}
