{
  "theta_sub": [
    2.666817371925029,
    1.159313316123698,
    1.6598545568515073,
    1.5451667739360873,
    1.5736546070878674,
    2.9286563343844954,
    1.4702995620350898,
    2.268365357323142,
    2.5090937650991196,
    1.6355033305117588,
    0.34315485566597864,
    1.4050762266203523,
    14.721116226940142,
    1.2493091981405353,
    2.23043915919788,
    0.22171201478902133,
    1.0795950415166726,
    1.3624622433722124,
    15.332529144655421,
    9.9844908550582
  ],
  "theta_full": [
    2.666817371925029,
    1.159313316123698,
    1.6598545568515073,
    1.5451667739360873,
    1.5736546070878674,
    2.9286563343844954,
    1.4702995620350898,
    2.268365357323142,
    2.5090937650991196,
    1.6355033305117588,
    0.34315485566597864,
    1.4050762266203523,
    14.721116226940142,
    1.2493091981405353,
    2.23043915919788,
    0.22171201478902133,
    1.0795950415166726,
    1.3624622433722124,
    15.332529144655421,
    9.9844908550582
  ],
  "active_indices": [
    0,
    1,
    2,
    3,
    4,
    5,
    6,
    7,
    8,
    9,
    10,
    11,
    12,
    13,
    14,
    15,
    16,
    17,
    18,
    19
  ]
}
