{
  "n_obs": 20,
  "n_species": 5,
  "rmse_per_species": [
    0.005873299939656951,
    0.006207123837391024,
    0.006416164661864255,
    0.004732281203918449,
    0.0029397907911969034
  ],
  "mae_per_species": [
    0.0057083171433298455,
    0.005955590545635739,
    0.006169757615983025,
    0.004600942550943393,
    0.0026847798436727727
  ],
  "rmse_total": 0.005389398162522487,
  "mae_total": 0.005023877539912955,
  "max_abs": 0.00947166779482142
}
