{
  "credibility": 0.95,
  "hdi_lower": [
    0.3111713561880094,
    -0.3767151116602765,
    0.08056519963372555,
    0.03520547259547757,
    0.34772428610048756,
    0.8501249913356943,
    0.007063168158036426,
    0.521991669666233,
    0.3301167806831806,
    0.007348618146854391,
    -2.9477025352309276,
    -0.3959651060086494,
    7.2650914992570925,
    -0.298064772102709,
    0.044419224727494155,
    0.012170816124281059,
    -0.254708592465858,
    -0.2966162527020388,
    0.33779033901284605,
    0.8585838246037074
  ],
  "hdi_upper": [
    4.9998618152693055,
    2.861928331948049,
    4.046289563106589,
    2.865788667513711,
    2.9963202909627187,
    4.9976776658748845,
    2.991287998277728,
    4.935762098777245,
    4.8359694472674715,
    2.8931424867526854,
    2.481524604499099,
    2.8970265068959797,
    29.974432001011806,
    2.9559402520826468,
    4.4406012160867085,
    0.4675206497409855,
    2.8266451770489573,
    2.971915949272443,
    27.88133006069933,
    19.32178478698799
  ],
  "et_lower": [
    0.14362030166119916,
    -0.3347483101897018,
    0.08786852930604383,
    0.03520547259547757,
    0.20193472112305966,
    0.6077767422754499,
    -0.13562853492217844,
    0.38389089784899855,
    0.33799600227732535,
    0.08364240314615266,
    -2.9292446686192997,
    -0.3896354569740093,
    6.283194497789984,
    -0.3728720076763413,
    0.1897242127808134,
    0.015493153444995427,
    -0.18301006466597633,
    -0.3256320682747289,
    0.5405571286050229,
    0.6477292355112643
  ],
  "et_upper": [
    4.882258776172674,
    2.8582233694936527,
    4.1225968468334075,
    2.905473993935554,
    2.9156567282628765,
    4.969119759936485,
    2.9461279875045148,
    4.835803499408561,
    4.8280921800470855,
    2.986485065475256,
    2.6301738781422936,
    2.9192296550194294,
    29.5218142192234,
    2.940259042188576,
    4.688950259233083,
    0.46629816413694636,
    2.8732571870202204,
    2.971528072067899,
    27.95077592422786,
    19.006243466266422
  ],
  "median": [
    2.3701119545548144,
    1.1578955213979785,
    1.7168488406081706,
    1.3469151909123829,
    1.7198882515212788,
    3.114801338465332,
    1.1582882423273642,
    2.138664690602365,
    2.3432990575802153,
    1.3105946994143602,
    -0.6591448805016893,
    1.1645485401335198,
    19.507421838291897,
    1.151748866445924,
    2.3518882035680684,
    0.2435628523014633,
    1.415345279214513,
    1.850359366324853,
    14.412115543533874,
    10.928061613484843
  ],
  "param_names": [
    "a11",
    "a12",
    "a22",
    "b1",
    "b2",
    "a33",
    "a34",
    "a44",
    "b3",
    "b4",
    "a13",
    "a14",
    "a23",
    "a24",
    "a55",
    "b5",
    "a15",
    "a25",
    "a35",
    "a45"
  ]
}