{
  "MAP": {
    "n_obs": 6,
    "n_species": 5,
    "rmse_per_species": [
      0.03310295423814024,
      0.17453451815870102,
      0.19789517746239874,
      0.08547091734561738,
      0.17865875378720775
    ],
    "mae_per_species": [
      0.021548787836423455,
      0.16555195232549386,
      0.1683128090799634,
      0.05758925255332727,
      0.17096538141540354
    ],
    "rmse_total": 0.14828677141792257,
    "mae_total": 0.1167936366421223,
    "max_abs": 0.3267164274300446,
    "estimate_type": "MAP"
  },
  "Mean": {
    "n_obs": 6,
    "n_species": 5,
    "rmse_per_species": [
      0.032713784394992035,
      0.3070310229386182,
      0.22873073256209273,
      0.08552504453701293,
      0.053837194331072404
    ],
    "mae_per_species": [
      0.020588976395878037,
      0.28675520705728325,
      0.20051928544303718,
      0.059641377920976714,
      0.036963710109624424
    ],
    "rmse_total": 0.17769016038659408,
    "mae_total": 0.12089371138535991,
    "max_abs": 0.4307247176267082,
    "estimate_type": "Mean"
  },
  "species_names": [
    "S. oralis",
    "A. naeslundii",
    "V. dispar",
    "F. nucleatum",
    "P. gingivalis"
  ]
}