{
  "elapsed_time": 1016.6382114887238,
  "converged": [
    true,
    true
  ],
  "MAP": [
    2.1107281451007505,
    0.09309456467890775,
    3.9853574271631618,
    1.9758087893260832,
    2.424510371381483,
    2.6903432284112982,
    0.9623172371003901,
    0.6694150993982668,
    4.674330350754859,
    2.6681215725085115,
    0.5497427847175063,
    0.998683213778417,
    23.54257637585248,
    2.912495273287182,
    0.6654944901245274,
    0.17513663565302556,
    1.0247357802970503,
    2.971915949272443,
    25.031984204262763,
    3.084811170898676
  ],
  "mean": [
    2.4549992563967846,
    1.249462093842695,
    1.8561892260088486,
    1.3845081580326797,
    1.7394760401463423,
    3.0766833825877296,
    1.2921907153230976,
    2.4642762195222354,
    2.515475105805808,
    1.3653462016943037,
    -0.5460262410928061,
    1.1921589119080849,
    18.827527790586824,
    1.277328769808858,
    2.301678193439346,
    0.23488437086474295,
    1.4266911988696316,
    1.5785006800425185,
    14.56810156109845,
    10.199157793517083
  ]
}