{
  "theta_sub": [
    2.4549992563967846,
    1.249462093842695,
    1.8561892260088486,
    1.3845081580326797,
    1.7394760401463423,
    3.0766833825877296,
    1.2921907153230976,
    2.4642762195222354,
    2.515475105805808,
    1.3653462016943037,
    -0.5460262410928061,
    1.1921589119080849,
    18.827527790586824,
    1.277328769808858,
    2.301678193439346,
    0.23488437086474295,
    1.4266911988696316,
    1.5785006800425185,
    14.56810156109845,
    10.199157793517083
  ],
  "theta_full": [
    2.4549992563967846,
    1.249462093842695,
    1.8561892260088486,
    1.3845081580326797,
    1.7394760401463423,
    3.0766833825877296,
    1.2921907153230976,
    2.4642762195222354,
    2.515475105805808,
    1.3653462016943037,
    -0.5460262410928061,
    1.1921589119080849,
    18.827527790586824,
    1.277328769808858,
    2.301678193439346,
    0.23488437086474295,
    1.4266911988696316,
    1.5785006800425185,
    14.56810156109845,
    10.199157793517083
  ],
  "active_indices": [
    0,
    1,
    2,
    3,
    4,
    5,
    6,
    7,
    8,
    9,
    10,
    11,
    12,
    13,
    14,
    15,
    16,
    17,
    18,
    19
  ]
}