{
  "theta_sub": [
    2.1107281451007505,
    0.09309456467890775,
    3.9853574271631618,
    1.9758087893260832,
    2.424510371381483,
    2.6903432284112982,
    0.9623172371003901,
    0.6694150993982668,
    4.674330350754859,
    2.6681215725085115,
    0.5497427847175063,
    0.998683213778417,
    23.54257637585248,
    2.912495273287182,
    0.6654944901245274,
    0.17513663565302556,
    1.0247357802970503,
    2.971915949272443,
    25.031984204262763,
    3.084811170898676
  ],
  "theta_full": [
    2.1107281451007505,
    0.09309456467890775,
    3.9853574271631618,
    1.9758087893260832,
    2.424510371381483,
    2.6903432284112982,
    0.9623172371003901,
    0.6694150993982668,
    4.674330350754859,
    2.6681215725085115,
    0.5497427847175063,
    0.998683213778417,
    23.54257637585248,
    2.912495273287182,
    0.6654944901245274,
    0.17513663565302556,
    1.0247357802970503,
    2.971915949272443,
    25.031984204262763,
    3.084811170898676
  ],
  "active_indices": [
    0,
    1,
    2,
    3,
    4,
    5,
    6,
    7,
    8,
    9,
    10,
    11,
    12,
    13,
    14,
    15,
    16,
    17,
    18,
    19
  ]
}