{
  "n_obs": 6,
  "n_species": 5,
  "rmse_per_species": [
    1.8578997857280801,
    2.725368554692812,
    16.92983703566433,
    5.563655963473279,
    7.303211682411976
  ],
  "mae_per_species": [
    1.0286499804606357,
    2.1427968554553565,
    16.798076274961414,
    4.564191777728484,
    6.442677260740461
  ],
  "rmse_total": 8.738306197254465,
  "mae_total": 6.19527842986927,
  "max_abs": 20.1136124831719
}
