{
  "n_obs": 20,
  "n_species": 5,
  "rmse_per_species": [
    0.006366337094029119,
    0.01059502742330786,
    0.022888177874407202,
    0.018778131135419967,
    0.010240022053206954
  ],
  "mae_per_species": [
    0.006047425864872755,
    0.009438890858295256,
    0.019169476008811213,
    0.01589684521999814,
    0.007916798635639969
  ],
  "rmse_total": 0.015060742352853353,
  "mae_total": 0.011693887317523466,
  "max_abs": 0.0447239073811625
}
