{
  "model": "M1",
  "theta_base_policy": "prior_mean_full_vector",
  "rom_error_MAP_vs_FOM": 0.0,
  "rom_error_MEAN_vs_FOM": 0.0,
  "fit_MAP": {
    "n_obs": 20,
    "n_species": 2,
    "rmse_per_species": [
      0.008734081529054997,
      0.010810870656917803
    ],
    "mae_per_species": [
      0.007386803475182567,
      0.008996532381291618
    ],
    "rmse_total": 0.009827489621383124,
    "mae_total": 0.008191667928237093,
    "max_abs": 0.0234277463289069
  },
  "fit_MEAN": {
    "n_obs": 20,
    "n_species": 2,
    "rmse_per_species": [
      0.009170461990069264,
      0.01113533537974813
    ],
    "mae_per_species": [
      0.008016579035501523,
      0.009389236169659967
    ],
    "rmse_total": 0.010200320267785114,
    "mae_total": 0.008702907602580745,
    "max_abs": 0.021806569033830853
  }
}