{
  "credibility": 0.95,
  "hdi_lower": [
    0.2112344909509294,
    -0.499919395579969,
    0.0005387698997747492,
    0.006894289557857647,
    0.008341791166591256,
    0.258558905028643,
    -0.47789284358724515,
    0.039311556252298985,
    0.2483786368372602,
    0.13184498103053693,
    -2.737368441079571,
    -0.4936512163565494,
    1.8061757688144997,
    -0.437336716985695,
    0.03153606123646435,
    0.0026909984934899434,
    -0.4999773382308029,
    -0.43483579308121645,
    3.0935344202455894,
    0.0028287137750879765
  ],
  "hdi_upper": [
    4.885164475891398,
    2.8119414045973032,
    4.269024567585065,
    2.837810466803357,
    2.850552710816854,
    4.956827854597515,
    2.8340575834539763,
    4.756316751496524,
    4.964113790810973,
    2.9852128632772312,
    2.991217272105108,
    2.8039044291342567,
    27.774521245887826,
    2.849383409697818,
    4.719219883346236,
    0.4754142301661488,
    2.7989832512654496,
    2.872627451500284,
    29.92871586108015,
    18.3859674887459
  ],
  "et_lower": [
    0.1414149404952391,
    -0.4270780133473759,
    0.08158079992630145,
    0.07062118322524578,
    0.04902428969939476,
    0.17296925656263015,
    -0.4163865825700356,
    0.11042366694926944,
    0.1424284021560803,
    0.059097337107042534,
    -2.877079866250846,
    -0.4466402144617283,
    2.3129227136115533,
    -0.41679897404137883,
    0.11988297468509398,
    0.015432019777882907,
    -0.4360304285254177,
    -0.4110064465785003,
    1.7096196159078951,
    0.34363217073895574
  ],
  "et_upper": [
    4.843369559648614,
    2.900207124491653,
    4.580291247805344,
    2.9115760301056945,
    2.9275461761778936,
    4.892939104862941,
    2.9155016952561237,
    4.853616901289045,
    4.879415132213763,
    2.9286660425623787,
    2.886926949130576,
    2.9092443910523924,
    28.7080044880926,
    2.885092388321455,
    4.831739629769069,
    0.48989463061587957,
    2.893397138560435,
    2.9113386601390783,
    29.382157447341584,
    19.23145056389382
  ],
  "median": [
    2.3397804722812747,
    1.2703513990874944,
    1.599839980419715,
    1.4839707968359281,
    1.5128323481420303,
    2.6737941952798607,
    1.1636311486596576,
    2.4727917648174627,
    2.492536389309233,
    1.538427823117829,
    0.11960491401711648,
    1.171744177000882,
    8.790027114971128,
    1.2443611868046112,
    2.299872892060436,
    0.26061580753387126,
    1.1224735120455096,
    1.2347748384872999,
    19.38208615563384,
    7.366936615436545
  ],
  "param_names": [
    "a11",
    "a12",
    "a22",
    "b1",
    "b2",
    "a33",
    "a34",
    "a44",
    "b3",
    "b4",
    "a13",
    "a14",
    "a23",
    "a24",
    "a55",
    "b5",
    "a15",
    "a25",
    "a35",
    "a45"
  ]
}
