{
  "MAP": {
    "n_obs": 6,
    "n_species": 5,
    "rmse_per_species": [
      0.03271709784938632,
      0.12604674175943606,
      0.2152532533648979,
      0.08541646232495813,
      0.4187428626876444
    ],
    "mae_per_species": [
      0.020557144167650174,
      0.0976481915734818,
      0.18536745468970395,
      0.05849850643454735,
      0.402986239301749
    ],
    "rmse_total": 0.22178084217171856,
    "mae_total": 0.15301150723342646,
    "max_abs": 0.4747732802639551,
    "estimate_type": "MAP"
  },
  "Mean": {
    "n_obs": 6,
    "n_species": 5,
    "rmse_per_species": [
      0.03241481631471483,
      0.1242712329974675,
      0.22343497293729914,
      0.08460398071481467,
      0.40726509893581303
    ],
    "mae_per_species": [
      0.020078701768498335,
      0.10107696034096042,
      0.19225533074443388,
      0.06019642031501662,
      0.38699635114320347
    ],
    "rmse_total": 0.21883324297871629,
    "mae_total": 0.15212075286242255,
    "max_abs": 0.46435434012890886,
    "estimate_type": "Mean"
  },
  "species_names": [
    "S. oralis",
    "A. naeslundii",
    "V. dispar",
    "F. nucleatum",
    "P. gingivalis"
  ]
}
