{
  "elapsed_time": 226864.77716326714,
  "converged": [
    true,
    true
  ],
  "MAP": [
    1.9740044559786907,
    2.0240043345577092,
    1.0370065917725793,
    1.8332431664457336,
    0.3155659971644196,
    0.047684461324509764,
    1.5538245812701827,
    4.088946924502166,
    2.0232877393556796,
    0.3457650941277001,
    2.2898749825182083,
    0.8990530121506259,
    2.910387522140354,
    -0.38842958388453397,
    0.0670782575693405,
    0.41346859264350877,
    0.13071082737938244,
    1.0987155123373264,
    26.643242160237882,
    3.968190540662725
  ],
  "mean": [
    2.3922295334180763,
    1.2464020979683625,
    1.8314440757247374,
    1.5074866813123917,
    1.4968251093661973,
    2.61132752812163,
    1.1887344124300152,
    2.498714747976091,
    2.5156702987291375,
    1.5083250991844628,
    0.09300351242746004,
    1.178542250150746,
    11.860560668571068,
    1.2310741683865452,
    2.3777649976975592,
    0.2572385966908294,
    1.1763779079247174,
    1.2357829095392734,
    17.90794998412305,
    8.433941454574363
  ]
}
