{
  "theta_sub": [
    2.3922295334180763,
    1.2464020979683625,
    1.8314440757247374,
    1.5074866813123917,
    1.4968251093661973,
    2.61132752812163,
    1.1887344124300152,
    2.498714747976091,
    2.5156702987291375,
    1.5083250991844628,
    0.09300351242746004,
    1.178542250150746,
    11.860560668571068,
    1.2310741683865452,
    2.3777649976975592,
    0.2572385966908294,
    1.1763779079247174,
    1.2357829095392734,
    17.90794998412305,
    8.433941454574363
  ],
  "theta_full": [
    2.3922295334180763,
    1.2464020979683625,
    1.8314440757247374,
    1.5074866813123917,
    1.4968251093661973,
    2.61132752812163,
    1.1887344124300152,
    2.498714747976091,
    2.5156702987291375,
    1.5083250991844628,
    0.09300351242746004,
    1.178542250150746,
    11.860560668571068,
    1.2310741683865452,
    2.3777649976975592,
    0.2572385966908294,
    1.1763779079247174,
    1.2357829095392734,
    17.90794998412305,
    8.433941454574363
  ],
  "active_indices": [
    0,
    1,
    2,
    3,
    4,
    5,
    6,
    7,
    8,
    9,
    10,
    11,
    12,
    13,
    14,
    15,
    16,
    17,
    18,
    19
  ]
}
