{
  "theta_sub": [
    1.9740044559786907,
    2.0240043345577092,
    1.0370065917725793,
    1.8332431664457336,
    0.3155659971644196,
    0.047684461324509764,
    1.5538245812701827,
    4.088946924502166,
    2.0232877393556796,
    0.3457650941277001,
    2.2898749825182083,
    0.8990530121506259,
    2.910387522140354,
    -0.38842958388453397,
    0.0670782575693405,
    0.41346859264350877,
    0.13071082737938244,
    1.0987155123373264,
    26.643242160237882,
    3.968190540662725
  ],
  "theta_full": [
    1.9740044559786907,
    2.0240043345577092,
    1.0370065917725793,
    1.8332431664457336,
    0.3155659971644196,
    0.047684461324509764,
    1.5538245812701827,
    4.088946924502166,
    2.0232877393556796,
    0.3457650941277001,
    2.2898749825182083,
    0.8990530121506259,
    2.910387522140354,
    -0.38842958388453397,
    0.0670782575693405,
    0.41346859264350877,
    0.13071082737938244,
    1.0987155123373264,
    26.643242160237882,
    3.968190540662725
  ],
  "active_indices": [
    0,
    1,
    2,
    3,
    4,
    5,
    6,
    7,
    8,
    9,
    10,
    11,
    12,
    13,
    14,
    15,
    16,
    17,
    18,
    19
  ]
}
