model,chain,stage,beta,beta_next,delta_beta,ess,ess_target,accept_rate,logL_min,logL_max,linearization_enabled,rom_error_pre,rom_error_post,delta_theta0
Dysbiotic_HOBIC,1,1,0.0,0.4315025210380554,0.4315025210380554,25.000000337150816,25.0,0.636,3.2437897663155564,10.126807584269427,0,nan,nan,nan
Dysbiotic_HOBIC,1,2,0.4315025210380554,0.9315025210380554,0.5,32.28196808233999,25.0,0.436,6.05494342181255,10.126807584269427,0,nan,nan,nan
Dysbiotic_HOBIC,1,3,0.9315025210380554,0.999999997958616,0.06849747692056063,49.747884728725396,25.0,0.384,3.1973812278429277,10.126807584269427,0,0.0,nan,32.76555912072705
Dysbiotic_HOBIC,1,4,0.999999997958616,1.0,2.0413839507682496e-09,50.00000000000001,25.0,0.368,6.64533463913134,10.126807584269427,0,nan,nan,nan
Dysbiotic_HOBIC,2,1,0.0,0.4355018436908722,0.4355018436908722,25.0000003047379,25.0,0.592,1.818586190601408,9.720939001829963,0,nan,nan,nan
Dysbiotic_HOBIC,2,2,0.4355018436908722,0.9355018436908722,0.5,31.293627419761634,25.0,0.508,4.068712958531464,9.610886393562568,0,nan,nan,nan
Dysbiotic_HOBIC,2,3,0.9355018436908722,0.9999999980778052,0.06449815438693296,49.77338172623825,25.0,0.464,6.576783001234239,10.105367592454387,0,0.0,nan,35.44003713907438
Dysbiotic_HOBIC,2,4,0.9999999980778052,1.0,1.9221948477365913e-09,50.0,25.0,0.5,6.900867959072436,9.929334156253937,0,nan,nan,nan
