{
  "n_obs": 751,
  "n_species": 5,
  "rmse_per_species": [
    0.006927276193150049,
    0.0038902176438956214,
    0.005382968269474901,
    0.003785021205290386,
    0.010198547828519082
  ],
  "mae_per_species": [
    0.005663557022124994,
    0.003122297419927713,
    0.004277382501380846,
    0.0028404069443841414,
    0.007884265292961677
  ],
  "rmse_total": 0.006487434924503257,
  "mae_total": 0.004757581836155876,
  "max_abs": 0.022902217131286193
}
