{
  "n_obs": 751,
  "n_species": 5,
  "rmse_per_species": [
    0.14245462052760802,
    0.1278273651390501,
    0.13354393023092392,
    0.12183986465886025,
    0.09150867889565403
  ],
  "mae_per_species": [
    0.13868880413029228,
    0.12140540953630892,
    0.12731802353373547,
    0.11666907232008891,
    0.07511308446120486
  ],
  "rmse_total": 0.12464824621541694,
  "mae_total": 0.11583887879632608,
  "max_abs": 0.17982
}
