{
  "DI": {
    "pairwise": {
      "CS-CH": {
        "bhattacharyya": 0.9053119307433293,
        "cohens_d": 1.1464274683778568,
        "mean_diff": 53.34873823007683
      },
      "CS-DH": {
        "bhattacharyya": 23.550851391000663,
        "cohens_d": 13.648343782704025,
        "mean_diff": 663.350805601799
      },
      "CH-DH": {
        "bhattacharyya": 253.62763938820697,
        "cohens_d": 45.024140882167316,
        "mean_diff": 716.6995438318759
      }
    },
    "kruskal_wallis_H": 116.35106754966887,
    "kruskal_wallis_p": 5.428585718434199e-26,
    "E_range_Pa": 716.6995438318759,
    "E_ratio": 3.572556965456441,
    "per_condition": {
      "commensal_static": {
        "mean": 941.9450421747918,
        "std": 65.3785321288431,
        "ci90": [
          801.2708389250084,
          999.647378335083
        ]
      },
      "commensal_hobic": {
        "mean": 995.2937804048686,
        "std": 7.52443490144319,
        "ci90": [
          980.5720130951808,
          999.9829952445717
        ]
      },
      "dh_baseline": {
        "mean": 278.59423657299277,
        "std": 21.216874866691153,
        "ci90": [
          263.32577509585343,
          318.24100709230777
        ]
      }
    }
  },
  "\u03c6_Pg": {
    "pairwise": {
      "CS-CH": {
        "bhattacharyya": 0.49694341222475247,
        "cohens_d": 1.6299667179875752,
        "mean_diff": 0.9268163975834796
      },
      "CS-DH": {
        "bhattacharyya": 2.5266195138335967,
        "cohens_d": 2.8857321760937737,
        "mean_diff": 1.511002667580442
      },
      "CH-DH": {
        "bhattacharyya": 16.063271658032267,
        "cohens_d": 10.956179708684637,
        "mean_diff": 2.4378190651639216
      }
    },
    "kruskal_wallis_H": 118.26278145695369,
    "kruskal_wallis_p": 2.0871963151100143e-26,
    "E_range_Pa": 2.4378190651639216,
    "E_ratio": 1.002443793721621,
    "per_condition": {
      "commensal_static": {
        "mean": 998.4819879305079,
        "std": 0.7402553841551903,
        "ci90": [
          997.4350036064023,
          999.6309156240793
        ]
      },
      "commensal_hobic": {
        "mean": 997.5551715329244,
        "std": 0.3140988007179947,
        "ci90": [
          997.2844786387279,
          998.1432621027958
        ]
      },
      "dh_baseline": {
        "mean": 999.9929905980883,
        "std": 0.018975115788374637,
        "ci90": [
          999.9868840776162,
          999.9988094550878
        ]
      }
    }
  },
  "Virulence": {
    "pairwise": {
      "CS-CH": {
        "bhattacharyya": 0.575631764882048,
        "cohens_d": 1.8134209396912644,
        "mean_diff": 1.4187916575903046
      },
      "CS-DH": {
        "bhattacharyya": 2.5471874745368037,
        "cohens_d": 2.8863463089899186,
        "mean_diff": 2.0792140521489273
      },
      "CH-DH": {
        "bhattacharyya": 17.379366559922346,
        "cohens_d": 11.419431486904756,
        "mean_diff": 3.498005709739232
      }
    },
    "kruskal_wallis_H": 122.17099867549666,
    "kruskal_wallis_p": 2.9573635329206908e-27,
    "E_range_Pa": 3.498005709739232,
    "E_ratio": 1.0035103204370341,
    "per_condition": {
      "commensal_static": {
        "mean": 997.9106426105495,
        "std": 1.0184370069090738,
        "ci90": [
          996.4705197407591,
          999.491708342273
        ]
      },
      "commensal_hobic": {
        "mean": 996.4918509529592,
        "std": 0.43247627990660964,
        "ci90": [
          995.9774373484081,
          997.3081538735179
        ]
      },
      "dh_baseline": {
        "mean": 999.9898566626985,
        "std": 0.02507464069887699,
        "ci90": [
          999.981436979133,
          999.9983257218609
        ]
      }
    }
  }
}