{
  "condition": "dysbiotic_static",
  "n_samples_total": 51,
  "n_samples_kept": 51,
  "n_filtered": 0,
  "is_real_posterior": false,
  "method": "0D Hamilton ODE",
  "di_scale_0d": 1.0,
  "di_0d_map": 0.8454431433543875,
  "E_di_map": 32.34225336971628,
  "di_0d_mean": 0.8454018101860902,
  "di_0d_median": 0.8454431433543875,
  "di_0d_std": 0.0008664268577311216,
  "di_0d_ci90": [
    0.8439083352128913,
    0.8467491182922734
  ],
  "di_0d_ci_width": 0.00284078307938207,
  "E_di_mean": 32.355369091098375,
  "E_di_ci90": [
    31.953334646576863,
    32.80369118960324
  ],
  "E_di_ci_width": 0.8503565430263791,
  "E_phi_pg_mean": 999.9959443247839,
  "E_phi_pg_ci90": [
    999.9957536686234,
    999.9961122251324
  ],
  "E_phi_pg_ci_width": 0.00035855650901339686,
  "E_vir_mean": 999.9944080290974,
  "E_vir_ci90": [
    999.9941449338651,
    999.9946397435119
  ],
  "E_vir_ci_width": 0.0004948096468524454,
  "phi_Pg_mean": 0.011246505292969812,
  "timing_s": 18.0
}
