Day,Vol_S.oralis,Vol_A.naeslundii,Vol_Veillonella,Vol_F.nucleatum,Vol_P.gingivalis
1,0.018000000000000002,0.0045000000000000005,0.423,0.0022500000000000003,0.0022500000000000003
3,0.012,0.004,0.388,0.002,0.002
6,0.052500000000000005,0.09,0.6375,0.00375,0.00375
10,0.0744,0.093,0.46499999999999997,0.0496,0.0031
15,0.012,0.21,0.21,0.12,0.012
21,0.006,0.21,0.15,0.18,0.108
