Day,Frac_S.oralis,Frac_A.naeslundii,Frac_Veillonella,Frac_F.nucleatum,Frac_P.gingivalis
1,0.04,0.01,0.94,0.005,0.005
3,0.02941176470588236,0.009803921568627453,0.9509803921568629,0.004901960784313726,0.004901960784313726
6,0.06666666666666668,0.1142857142857143,0.8095238095238096,0.004761904761904763,0.004761904761904763
10,0.1085972850678733,0.13574660633484162,0.6787330316742082,0.07239819004524888,0.004524886877828055
15,0.021276595744680854,0.3723404255319149,0.3723404255319149,0.21276595744680854,0.021276595744680854
21,0.009174311926605507,0.3211009174311927,0.22935779816513766,0.27522935779816515,0.1651376146788991
