{
  "job": "two_layer_T23_commensal_static_phi_pg.odb",
  "mises_max": 45.20050811767578,
  "mises_mean": 1.7390365044064124,
  "disp_max": 398.72509765625,
  "disp_mean": 173.19199133184924
}
