time,sp1,sp2
0.0,0.020973428306022467,0.019703471397657633
1e-05,0.01727133707999671,0.016987688274193606
2e-05,0.012559770220544804,0.009372367831989921
3.0000000000000004e-05,0.013895392718532962,0.008519035895594471
4e-05,0.007967682530346272,0.006059955369446393
5e-05,0.0064948514902260545,0.0026304542805885983
6.000000000000001e-05,0.006689531027445358,-0.001241074079249262
7.000000000000001e-05,0.0017544052717820332,0.0008240883873317192
8e-05,0.0023523467064704697,0.002210379101051843
9e-05,0.0018816022044695724,-0.0014229104942595826
0.0001,0.006073018717333461,0.0008720513903642609
0.00011,0.0028299030678354863,-0.0015571909919739825
0.00012000000000000002,0.0012569928147321144,0.0015024583590632818
0.00013000000000000002,-0.00021754627191845509,0.002028272921198818
0.00014000000000000001,0.0006977744176349396,0.000692985581142809
0.00015000000000000001,0.0005713638558789071,0.004981770671726076
0.00016,0.0016686304736447347,-0.000836783390626563
0.00017,0.003292357126072065,-0.0011613589372655793
0.00018,0.0020364261202840597,-0.0026371947139915697
0.00019,-0.0010540345716562908,0.001677748463524813
0.0002,0.003070248216127254,0.0016286749526807003
0.00021,0.001357342574773922,0.0006856591628783949
0.00022,-0.0013705267980640486,-0.00014988664712924267
0.00023,0.0006646138486843302,0.0034059836373863226
0.00024000000000000003,0.0022733793014118675,-0.0022324042923396233
0.00025,0.002235078287977813,0.0005254460757709486
0.00026000000000000003,0.0002341404684134355,0.0025208946241584386
0.00027,0.0036512419802608477,0.003162029877151243
0.00028000000000000003,-8.782033835469144e-05,0.0006829682450081774
0.00029,0.0022545850169561426,0.003254402126308174
0.00030000000000000003,0.0006352004257900933,0.0009339081118341099
0.00031,-0.0006175974320838913,-0.001085277820542271
0.00032,0.003221671985917326,0.004021519900440472
0.00033000000000000005,0.0014541668428652858,0.003318005013147051
0.00034,0.0023230414751005263,2.2593960667485237e-05
0.00035000000000000005,0.0023241563959931584,0.004390795664917324
0.00036,0.0015313207946054633,0.0044458936551710765
0.00037000000000000005,-0.0036348988078025012,0.0029622898603603722
0.00038,0.0017803140605237475,0.0007223433085006955
0.00039000000000000005,0.0017913793042228122,-0.0026529120534754848
0.0004,0.0011701605093085014,0.002038313257162286
0.00041000000000000005,0.004566947081952305,0.0002894045562762378
0.00042,-4.16582080052714e-06,0.00032428229691896745
0.00043000000000000004,0.003445295242265265,0.0019871444834097213
0.00044,0.0005566470208360297,0.0023580174787971994
0.00045000000000000004,0.0018120053400636363,0.0032706073936738496
0.00046,0.0002154328687178752,0.0006798223572050908
0.00047000000000000004,0.0008370171949078889,-0.0015900595812052565
0.00048000000000000007,0.002215173772602482,0.0018608989427771278
0.0004900000000000001,0.0016348647791711054,0.0008714266281061069
0.0005,-0.0012043943694890157,0.0005011171556072541
0.00051,0.0009426316158050494,-0.0002603454221928143
0.0005200000000000001,0.0013072067419112867,0.0021541065548928554
0.0005300000000000001,0.00540387117467148,0.0016969506048575944
0.00054,0.002148324771179042,0.0012006877033428436
0.00055,-0.002202590682148821,0.0012983307639423704
0.0005600000000000001,0.0017571428094998835,0.0062796161521812615
0.0005700000000000001,0.001253693734943564,0.001957994466253191
0.00058,0.001570727794618569,-0.0009806939862890842
0.00059,0.003927534797403653,0.002862284926948791
0.0006000000000000001,0.0032256928407194086,-0.0004586047966534928
0.0006100000000000001,0.004450959078335223,-0.0014417862679586004
0.00062,0.002820827681347106,0.00574456736290112
0.00063,-0.00033221478798276536,0.00023279543130160277
0.00064,0.0018499061036351021,0.00036016890457829455
0.0006500000000000001,-0.0014489770161276866,0.0015059700461475646
0.0006600000000000001,-0.0004705103217914181,0.0023177474220721197
0.00067,-0.00018300348352646642,0.004472144435484214
0.00068,9.108673819284907e-05,0.0007298602785719897
0.0006900000000000001,0.003286376399452115,-0.0010860429943422348
0.0007000000000000001,0.002116010630993664,0.003991668138330468
0.00071,-0.0015521268979425452,0.0017483420239807579
0.00072,0.0021843538440661082,0.002944406436226416
0.0007300000000000001,-0.0008075647387632144,-0.0012584714159995518
0.0007400000000000001,0.0027119678578894114,0.001978087029415289
0.00075,0.002170817965425461,0.0020786847539162844
0.00076,0.00031152973703283456,0.001851961184658672
0.0007700000000000001,0.0022594703071917256,-3.958876230786084e-05
0.0007800000000000001,0.005406619720243842,0.002338435051799787
0.00079,-0.0007057919058565817,0.0027055264413763215
0.0008,-0.0002708049076841682,0.0029682333489279215
0.0008100000000000001,0.003997491792989408,-0.0002456606492249624
0.0008200000000000001,0.003608793861820803,0.002222900641762573
0.0008300000000000001,0.0033279015696789692,0.005192554533812638
0.00084,0.0011947432574300923,-0.00010687897342922777
0.0008500000000000001,-9.177261788236002e-05,-0.0002294073956222132
0.0008600000000000001,0.0015347880087459307,0.0020861320013790714
0.0008700000000000001,0.0022441065719645387,0.0030598045119207534
0.00088,0.0017184605906193369,0.004314111241246997
0.0008900000000000001,0.001164873193019608,0.0068489816305392776
0.0009000000000000001,0.002947249760808723,-0.0003040764413033033
0.0009100000000000001,-0.0004441436350996126,0.0023767740663449277
0.00092,0.0012524401155176096,0.0028414160049591826
0.00093,0.0026475632318455626,0.001269338215388764
0.0009400000000000001,9.220758899104904e-06,-0.0016131221153208436
0.0009500000000000001,0.0008114963658315776,0.0031309415118524284
0.0009600000000000001,0.0021344296448054453,-0.0010717667229064233
0.00097,0.002054317657725916,0.0021919078537528344
0.0009800000000000002,-5.804770063828316e-05,0.0017302809406857522
0.00099,0.0018277936460589976,-0.0008615568314483423
0.001,0.0024286575962948974,0.002547501279415892
0.00101,0.0038808896166692333,0.0035350802463196187
0.00102,-0.0010388498014979924,-0.00044663454293122104
0.00103,0.00274825878515874,0.002458122338339727
0.0010400000000000001,0.002749980416456785,0.009137543848203965
0.0010500000000000002,0.0028633603013020386,0.0037047381340960138
0.0010600000000000002,0.0036312744537118132,0.002737910925243287
0.00107,0.0010944214642892283,0.0029545840400599325
0.00108,0.00018099590214137613,0.0009645211949566277
0.00109,0.0007576029361933821,0.0016034151547552808
0.0011,0.0063593281623774405,-0.002293359358330125
0.00111,0.0031042096783778796,-0.00178276085631106
0.0011200000000000001,0.0007895010822177358,0.003622067672455615
0.0011300000000000001,0.0018635975931032486,-0.0007098317268823681
0.0011400000000000002,0.00030610008102028696,0.002806340459937281
0.0011500000000000002,0.0002776413639539836,0.0018815450814596798
0.00116,0.001831182599075415,0.00014690597881173643
0.00117,0.0060295885357053445,0.0027194193461124744
0.00118,-0.0023069262496633715,0.0018259604382794342
0.00119,0.0004214416734161226,0.0031593848893521066
0.0012000000000000001,0.00016162590294199427,0.0012265076754005703
0.0012100000000000001,0.0027582917979479624,0.0031889492364610183
0.0012200000000000002,-0.0006506286439583117,0.0007898906409472125
0.0012300000000000002,0.0008017175355037397,0.00015368491007524136
0.00124,0.005284157671914176,0.002271753081038759
0.00125,-0.0007668806487913635,0.0032989558814878837
0.00126,0.006000834747348246,0.0035296009040266356
0.00127,-0.001280585469562827,0.0004976367227895447
0.00128,0.0042936058766961825,5.219653555049502e-05
0.0012900000000000001,0.0026490485496179087,0.0030182303070466817
0.0013000000000000002,-9.082814306694245e-05,0.00135133437891266
0.0013100000000000002,-0.0047178817881438516,-0.0005769711211729136
0.0013200000000000002,0.0012611336602551056,-0.0010223469303522695
0.00133,0.005032706615693323,-0.0013856518267802243
0.00134,0.0008894060481429992,0.001737519824466468
0.00135,0.004653649578027986,-0.001394281624965559
0.00136,0.004099035443486845,0.0014993090950819906
0.0013700000000000001,-0.00018870746592718917,0.0024044465266227066
0.0013800000000000002,0.0021740280793054734,0.0002811987593381452
0.0013900000000000002,0.0019171086628951173,0.0007123946069496681
0.0014000000000000002,0.002006131939173508,0.002808668808991945
0.00141,0.004952720586396944,-0.0009898414855165761
0.00142,0.006048340357644301,-0.002417007621308072
0.00143,0.0014802870208029143,0.002665177290071396
0.00144,0.002347421497130137,0.00024451519079640304
0.0014500000000000001,0.001370770760287902,0.0005052801884819933
0.0014600000000000001,0.0006098601956972501,0.0031918505731399387
0.0014700000000000002,0.0025041920803824005,0.00010818802357381646
0.0014800000000000002,0.003590929209856387,0.0021099636241615014
0.0014900000000000002,0.003419019000596111,0.0027559761873562783
0.0015,0.00013686700043280368,0.00037770691633068863
0.00151,0.0032910034496604745,0.002720156612105376
0.00152,0.0017561692290452722,0.0017354145427085387
0.0015300000000000001,0.004354855349462488,0.00031895732250883315
0.0015400000000000001,0.0028952704276948085,0.0010990517673961245
0.0015500000000000002,0.001367260336395336,0.0037023244149319836
0.0015600000000000002,0.0034549994920700677,0.003133120306739518
0.0015700000000000002,0.004416665437363936,0.0015494357452091885
0.00158,0.0031711517765265927,0.0008882182975868653
0.00159,0.0024571135361442864,0.0012497861905560086
0.0016,0.002004304749379541,0.002701703596296944
0.00161,0.00017540043700534124,0.0056974781183312985
0.0016200000000000001,-0.00019866697454125034,-0.0009143628440152652
0.0016300000000000002,0.004131112526600809,0.003098647394672077
0.0016400000000000002,0.0030646504164382115,0.0027733174784380947
0.0016500000000000002,0.0017934342565757288,-0.00027658098466187917
0.0016600000000000002,0.0019710509615773098,0.00016490249605172983
0.00167,0.003771192383876063,0.0012264061962031195
0.00168,0.0001714666303392477,0.0008790412122687917
0.00169,0.0026498290806451826,0.0003956526393130806
0.0017000000000000001,0.00018102757681370167,0.0020117619468461366
0.0017100000000000001,0.002316900760234614,0.0005117838981467202
0.0017200000000000002,0.0008863873177362275,0.001991049811081817
0.0017300000000000002,-0.0010662113753874079,-0.0012867009462164689
0.0017400000000000002,0.000394559318329905,0.0011026059600943053
0.00175,0.002454750426881624,0.004481483369206506
0.00176,0.003549739165704411,0.0012121615738538035
0.00177,0.0017978692231198016,-0.0004717553545820546
0.0017800000000000001,0.0018003541899220888,0.0009572478958425932
0.0017900000000000001,0.002484293516364503,-0.00011863784083740252
0.0018000000000000002,0.002879022476286323,0.004602557833853381
0.0018100000000000002,0.00162427932896175,0.0023417565179090763
0.0018200000000000002,0.0032235549210296284,0.0007371423152546378
0.0018300000000000002,0.002292916354404163,0.0015660153804130732
0.00184,0.0020415451903594223,-3.944519587625178e-06
0.00185,0.0018966721014902603,0.002539313264168914
0.00186,0.004751394893502431,0.003463097146402824
0.0018700000000000001,0.006156925691165883,1.1096374618717493e-05
0.0018800000000000002,0.003596652329226567,0.0019137087261407047
0.0018900000000000002,0.006233064391453729,-6.834141928019539e-05
0.0019000000000000002,0.0001754595077133748,0.0003506975340875334
0.0019100000000000002,-0.002391446383381333,0.000499197706114549
0.0019200000000000003,0.00033951882973228464,0.0018527175119537951
0.00193,0.0025427324148095576,0.005305491085948109
0.00194,0.0037615016812752294,0.000400558857556909
0.0019500000000000001,6.525544354414495e-05,0.0025394185798681464
0.0019600000000000004,-0.0007769535982786386,0.0052197091568006535
0.00197,0.004223818343439427,0.0006196490429367101
0.00198,-0.0015599084046782146,0.004266951164801954
0.00199,0.0016387007883668502,0.004036042470367741
0.002,-0.0013196577308698578,0.0003628606043427369
0.00201,0.0018810993851214556,0.0016567700286462034
0.00202,0.0009718927414760543,0.002809704296775287
0.00203,-0.00026180816711357416,0.001280438466062384
0.00204,0.0021154302794630423,0.002595265534176893
0.00205,0.003299472422494763,-0.0006817084489580477
0.00206,-0.0011905846902521182,0.004124114698557332
0.0020700000000000002,0.002543669988110577,7.29707373983712e-05
0.0020800000000000003,0.004982741585458874,0.0018024733256995088
0.0020900000000000003,0.004240425037162125,0.0017073387624996382
0.0021000000000000003,0.006004716925389804,0.005084158731815252
0.0021100000000000003,0.0013866805652376323,0.0035177917112236834
0.0021200000000000004,0.003176745936187518,0.004313083213164308
0.0021300000000000004,-4.247031262061447e-05,0.002949090844895866
0.00214,0.004005605559028369,-0.0019393256713859496
0.00215,-0.0004763830493025097,-0.002499148115968342
0.00216,0.0013526951204426982,0.0030155612625014966
0.00217,0.004897595138153571,0.0017298244080501497
0.00218,0.00515148180980353,-0.001177412376368847
0.00219,-0.001511147026527267,0.0014728484431963328
0.0022,0.002665113341163399,0.0015197052652577898
0.00221,-0.002236539699356938,0.0014080032337736566
0.00222,-0.0007092349677594969,0.002926734603998036
0.00223,0.0026342575418077073,-0.00029122621938408155
0.0022400000000000002,0.0008746817238799022,-0.0005287521790518126
0.0022500000000000003,0.0017784093742512156,0.003501098692756651
0.0022600000000000003,-6.63350036056473e-05,0.002600043956362035
0.0022700000000000003,0.0008459488913186142,7.339831811682771e-06
0.0022800000000000003,0.0016937479745760793,-0.00047626686923775397
0.0022900000000000004,0.000801852186315606,-0.0008004080113170823
0.0023000000000000004,0.005839940710135123,0.0016670026057234125
0.00231,0.0005123766290259448,0.002025560791417177
0.00232,0.0016885063083869343,0.0011567849898158735
0.00233,0.003142828141276716,0.0031148605891170083
0.00234,0.0008548223586510497,0.0004493274394482519
0.00235,0.0013670487600906235,-0.003001761875146957
0.00236,-0.001111904873082426,0.004336943314895742
0.00237,0.005209735380176553,0.0011062348288256646
0.00238,0.0030742341946025523,0.002227917157289346
0.00239,0.008080199822674494,0.0038456744336803975
0.0024000000000000002,0.0016679185905082053,-0.0003034506754917869
0.0024100000000000002,-0.0012878256604522032,0.002015660914505259
0.0024200000000000003,0.0004136763434073043,-0.0012346724873918335
0.0024300000000000003,0.0006345405751329218,-0.0005521619246820482
0.0024400000000000003,0.0053032757875201945,0.003375310618572101
0.0024500000000000004,0.0019143510809760478,0.00457301428556937
0.0024600000000000004,0.0020863345059537242,-0.00010834960122070364
0.0024700000000000004,0.004979145261375221,0.0026931295824576397
0.00248,-0.00014029828822315397,0.0012357207419906445
0.00249,0.00018425213293338022,-0.0011481148419371784
0.0025,0.0037891360679557376,0.005437402350813099
0.00251,-0.0008590641194287387,0.00274558993040377
0.00252,0.0006380736755952647,0.0006464810230698687
0.00253,0.0007558564894609553,-0.00010617145966029633
0.00254,0.002038970864529711,-3.901389946388192e-05
0.00255,0.002484122285606682,0.001523484341652171
0.00256,0.0014665913285032647,-0.00019009455389269996
0.0025700000000000002,0.0007922213201194911,0.003136885422784583
0.0025800000000000003,0.0029488726943769266,-0.00032793931742337813
0.0025900000000000003,0.002146975054703371,0.00313101162879293
0.0026000000000000003,-0.00138923019887185,0.002716021994198569
0.0026100000000000003,0.0006256005677503372,0.002771561200149174
0.0026200000000000004,0.00042559530548052886,-0.001978340050143282
0.0026300000000000004,-0.0013017079057464857,0.0017286523759374305
0.0026400000000000004,0.002474083151297134,-0.0001750943845081445
0.00265,0.003233082077443417,-0.0016884468156987613
0.00266,0.0018249944166194854,-0.0007863865791546305
0.00267,0.0006547365020875204,0.00173149375121228
0.00268,0.00023883454838565963,0.0008686339932381351
0.00269,0.003973497323830214,0.0004850081088562815
0.0027,0.003633544228837663,-0.0006195769939974774
0.00271,0.003023014540344608,0.004524016933330139
0.00272,-0.0029786387478209025,4.813027506991364e-05
0.0027300000000000002,0.00312003647040965,0.0012368692331878846
0.0027400000000000002,0.0027094238296534946,0.0004360269842866502
0.0027500000000000003,0.002141549435488348,0.001333678380423771
0.0027600000000000003,0.004305169679754891,0.002154908180158294
0.0027700000000000003,0.002646044502200847,0.0008233443602799654
0.0027800000000000004,0.0009968582846740894,0.0007830118801887134
0.0027900000000000004,0.0027622045128984068,0.0008071874294879882
0.0028000000000000004,0.0025540773851816896,0.005800984303331902
0.0028100000000000004,0.003718002476763376,0.0009991601437956297
0.00282,0.004379404275312377,0.0008360791588738819
0.00283,-0.002098051308434545,-0.00036292181796697127
0.00284,-0.0017621667720933783,0.0009512429443236296
0.00285,0.002017471120692923,0.005008161862458138
0.00286,0.0026357043937032722,0.0012181017300828072
0.00287,0.0036418740910655325,-0.0027649540489481507
0.00288,0.002455503333228132,0.0032000589770193755
0.00289,-0.0009716889733514997,0.003946846941838997
0.0029000000000000002,0.0026636836543443895,0.0008297715469511357
0.0029100000000000003,0.003253459919700743,0.006202739869938326
0.0029200000000000003,0.0023528320797276585,0.002158800373813122
0.0029300000000000003,0.0010715791936168526,-3.632621651517443e-05
0.0029400000000000003,0.0036521720967806555,-4.7803526913042836e-05
0.0029500000000000004,0.0021358304639476147,0.0007100491220790579
0.0029600000000000004,0.0029518532285235763,0.002333686411985169
0.0029700000000000004,0.004070167121627115,0.0006473258914416237
0.0029800000000000004,0.0014565290939867834,-0.0002891739459375377
0.00299,0.001108882258058234,0.002423947583685215
0.003,0.0035126339140758196,-0.0001739926165840247
0.00301,0.0037390545192418573,0.004382603512437725
0.00302,0.002827896586097247,0.005425907518514149
0.00303,0.0004546305911091752,-0.0008160070725488561
0.00304,-0.0015540511831350881,0.00466637574638602
0.00305,0.0033132990750432017,0.0015641009260901858
0.0030600000000000002,0.0025656815915249763,-0.0005747263205399759
0.0030700000000000002,0.006898423010112474,0.001935674012228369
0.0030800000000000003,0.0022268814940504503,0.0031297431447661625
0.0030900000000000003,0.002971281370740011,0.002126954575043273
0.0031000000000000003,0.00042948315373235414,0.0026230982574159184
0.0031100000000000004,0.005775648376297072,0.004371975045534783
0.0031200000000000004,0.005199138123125464,0.0006596754101069252
0.0031300000000000004,3.4718889983754216e-05,0.0014315031383822059
0.0031400000000000004,0.0021265401962370944,0.003872428643170396
0.0031500000000000005,-0.001368678859785523,0.004744113290961742
0.00316,0.0017013928235884521,0.0008322159822164048
0.00317,-5.643709290100666e-06,-0.001622771321233396
0.00318,0.003666060835254333,0.001834540293599511
0.00319,-0.000559049294228398,-0.0009012924058564862
0.0032,0.0013504541625976546,0.0050278674161714845
0.00321,0.0015039901385256456,-0.0013155038591323453
0.00322,0.0015328342234281912,0.0011462910491893805
0.0032300000000000002,-0.003368307187570131,0.001584103063145535
0.0032400000000000003,0.0015647410270397215,0.0030860586050316177
0.0032500000000000003,0.005725664514960482,0.003947727491228668
0.0032600000000000003,0.0014911154360512182,-0.0005175043453732649
0.0032700000000000003,0.00717675117621209,0.0018149328690748225
0.0032800000000000004,0.002059027172504598,0.0016491928503975066
0.0032900000000000004,0.0024284734015225674,0.0014096677246212559
0.0033000000000000004,0.0008861134357759494,0.0006056146957312747
0.0033100000000000004,0.001969062762767741,0.0006134255771575879
0.0033200000000000005,0.0006100078814676641,0.001914076633038731
0.00333,0.0015268734513796242,0.0047101417355815325
0.00334,-0.003263984989597041,0.0038861075710365962
0.00335,0.004531250060484599,-0.002442749955383402
0.00336,0.0013548278486994086,0.0009620839585684014
0.00337,-0.0007736986724232566,0.00015026604078032402
0.00338,-0.00017870696930084948,0.005211372577844777
0.0033900000000000002,0.003914919842668559,0.0042508727109824935
0.0034000000000000002,0.0034880238549593544,-0.0005494116311849421
0.0034100000000000003,0.0009967542061748815,0.0026883689894868176
0.0034200000000000003,-0.0003973475202457637,0.003136543253920922
0.0034300000000000003,0.0015673690125216587,0.0009618298809937597
0.0034400000000000003,0.0034710498145689773,0.002600921802732032
0.0034500000000000004,0.0013283059793746505,0.0040319770564549925
0.0034600000000000004,-0.00011078154233249088,0.002946109525001512
0.0034700000000000004,0.003238652805113727,0.0010960648903830855
0.0034800000000000005,0.0027058198898521723,-0.0007861513242867445
0.0034900000000000005,0.003902709825254987,0.0013471882216801968
0.0035,0.0010103100779344826,0.003815926223938482
0.00351,0.0006481674660274289,-0.0010981009261688702
0.00352,-0.0010553063704594433,0.0029317540850892047
0.00353,-0.0005018111922924758,0.0052302336886760935
0.00354,-0.002103717355042665,0.005114467834962994
0.00355,0.0024832687603198143,0.0015290372845530764
0.0035600000000000002,0.0009724864398793396,0.0025216427879867385
0.0035700000000000003,0.001988144423826545,0.00393088002019789
0.0035800000000000003,0.0022929567739549844,0.002025784126653604
0.0035900000000000003,0.0013383631380888001,0.0016121923592984243
0.0036000000000000003,0.002682275629248534,-0.0016933515153794137
0.0036100000000000004,-0.000628615775629263,0.003214413786066071
0.0036200000000000004,0.002410567375209495,0.0013608179229808583
0.0036300000000000004,0.0021067842537698276,0.0024248456783136246
0.0036400000000000004,0.0009914753790565517,0.00017396916756259656
0.0036500000000000005,0.0024637620702711535,-0.00022527190260380222
0.0036600000000000005,0.002889652365259785,-0.0016727998335240237
0.00367,0.004132531900558855,0.00267845475472896
0.00368,0.0025873523498778656,0.003699532869905795
0.00369,0.005407312513704899,0.0037637808458340196
0.0037,-0.0016043156012683314,-0.0008232246977333897
0.00371,0.0008288634405802457,0.001788998566719284
0.00372,0.003114884874301235,0.000286214785607812
0.0037300000000000002,0.002454165107354161,0.00022782121229718744
0.0037400000000000003,0.0008586592299073342,-0.0010738517277406872
0.0037500000000000003,0.00023629011840124465,-0.0009630166280946741
0.0037600000000000003,0.0001320704014051116,0.0038485170261104637
0.0037700000000000003,0.00018607795317985274,0.007006877149222093
0.0037800000000000004,0.0030725688875571987,0.002112663594783598
0.0037900000000000004,0.00037027341655113165,0.0031444881795279294
0.0038000000000000004,0.0009367677563997146,0.001988763873039287
0.0038100000000000005,0.007209265462873709,0.0015534990212909517
0.0038200000000000005,0.0043886945665016636,0.0003401393056415242
0.0038300000000000005,0.002021221015276799,0.005288965524664918
0.0038400000000000005,0.0008383125223735159,0.005373132233400151
0.00385,0.0035087977144468694,0.0006241712002844062
0.00386,0.003359155095692026,0.0036950820607681194
0.00387,0.0033390038890474404,-0.0013896090899501333
0.00388,0.0006421525374904263,0.0012566690499962894
0.0038900000000000002,0.0019486015374496559,0.002993915274478386
0.0039000000000000003,0.0024539104904751957,-0.0009172540887204584
0.00391,0.0028599428744753735,0.0029754684636499706
0.003920000000000001,0.003220165347502256,0.00391671956762815
0.00393,0.0037694646396426263,0.002674378221439896
0.00394,0.001962323390645924,-0.001565045050604234
0.00395,0.002962924343326395,0.0021731097551120626
0.00396,0.0026478772837755433,-0.0007949063916707416
0.0039700000000000004,-5.636314995641038e-05,0.003865751664538207
0.00398,0.002027668566080368,0.0031233013731112973
0.0039900000000000005,0.0021644431947333387,0.0018206651042951914
0.004,0.003985400253115782,0.0007299150460838592
0.0040100000000000005,0.0023020990279978494,0.000838304436414438
0.00402,0.0012418884906929052,0.0011453601160785662
0.004030000000000001,0.0025561706029658448,0.0008070553105407875
0.00404,0.004624436071876188,-2.3815014302721715e-05
0.004050000000000001,0.0017401999444986614,0.0008867833590102325
0.00406,0.0050089170688353895,0.0021601997668760477
0.004070000000000001,0.004179667105720103,-0.0012031869373551522
0.00408,0.0026510939486400274,0.0035480378550841116
0.004090000000000001,0.0022825754531316505,0.0039005783330014537
0.0041,0.0010844433036983638,0.0045891526498346765
0.00411,0.006717827856154971,0.00104561970636219
0.00412,0.0012300366508731337,0.004678903714048013
0.00413,0.005281194753658786,0.0007272515164602129
0.0041400000000000005,0.0012826842842983788,0.0012102380459549833
0.00415,-0.000564836955528069,-6.266205087368916e-05
0.0041600000000000005,0.00011678737681414643,0.00023988017935136518
0.00417,0.0020567026790018995,0.002244737134663037
0.0041800000000000006,0.00522807568647448,-0.00021956915578987273
0.00419,0.0040967204524007695,0.0013499913928863676
0.004200000000000001,0.0020301479021736647,0.0031284371243397125
0.00421,-0.00011537034030362952,0.002544445597513619
0.004220000000000001,0.0024639752197655844,0.002765355508204258
0.00423,0.002710403914697038,0.0066918790483723465
0.004240000000000001,0.0008575812087743744,0.0007201095636297143
0.00425,0.0008877734054899907,0.0006719728604992752
0.004260000000000001,0.0008602722192522143,0.0041617827096919425
0.00427,0.004977045723613386,0.0006430785354561693
0.00428,0.0004723155771990746,0.002728222641361791
0.00429,0.0010335688763709612,0.0030520745032076393
0.0043,0.0025448479976419133,-0.0012444590864142881
0.0043100000000000005,0.005234998102799938,0.0053796017057169045
0.00432,0.0009153948202623051,0.0010132593989320724
0.0043300000000000005,0.002713686244343287,0.002458391204643394
0.00434,0.0034600260341368467,0.005810700757893465
0.004350000000000001,0.001790023827584157,0.00019451020002486208
0.00436,-0.0006137406081603439,0.0003300565742165465
0.004370000000000001,0.002079622242549035,0.0053818433055848845
0.00438,0.0011116307093838893,0.002241113368903803
0.004390000000000001,0.002114983416786466,0.004171132865388972
0.0044,0.00720266874803985,0.0007334165944563509
0.004410000000000001,0.001170898488054858,0.003884282688309062
0.00442,0.0035145326221183255,0.005490181354704149
0.004430000000000001,0.003319577079789946,0.001078987269009115
0.00444,0.00333400023679973,0.0040157823404782834
0.00445,0.003794623607583306,0.0028137259547079078
0.00446,0.004287976101113136,0.004138570774076171
0.00447,0.004919910991190224,0.0030982000596109726
0.0044800000000000005,0.0018223219495421838,0.0020950073421309346
0.00449,0.0045705399615650595,0.00016850730872435362
0.0045000000000000005,0.0028958313853948213,0.001016498707082664
0.00451,0.0022169359767492598,0.004360876740582634
0.004520000000000001,0.002542604857666983,0.0018976418008772161
0.00453,-0.0005583463386957706,0.0032980705343427703
0.004540000000000001,0.003453292361430305,0.006132866558095729
0.00455,0.001547724422716826,0.0022454504904151113
0.004560000000000001,0.0026630039944386076,0.004962848135541841
0.00457,0.001974600140871759,0.002366775388714255
0.004580000000000001,0.0033819376512420783,0.0021827403677683824
0.00459,0.0012742296796923718,0.0021984909175368234
0.004600000000000001,0.004315311539590737,-0.0002419318279291156
0.00461,0.002434937376594289,0.00041164401188834476
0.00462,0.004560040135175465,-0.0012337022623667288
0.0046300000000000004,0.0010530508956342133,0.0025678802401509866
0.00464,0.005302889228540742,0.001682739950897717
0.0046500000000000005,0.0010623875668263865,0.005577337637948034
0.00466,-0.0007222968570435671,-0.0025818063423607126
0.0046700000000000005,0.003054703044082948,0.0008124782425516072
0.00468,0.00013315058967576943,0.0032340797575604284
0.004690000000000001,0.0026641586143629735,0.0006899888272708799
0.0047,-0.000383111761579786,0.0035638390279027175
0.004710000000000001,0.0034788381298011114,0.0016213499859226124
0.00472,0.005872647396390386,-0.00031969141477803916
0.004730000000000001,-0.000870740411757687,0.00043743744745945853
0.00474,0.0020900733216459412,0.002308707022858511
0.004750000000000001,0.0016997075644477888,0.0025269125245530283
0.00476,-0.00031996593782152374,0.004711103619967014
0.004770000000000001,0.0020197426918127427,0.004058937830930259
0.00478,0.0028704267900628204,0.002738623440273367
0.00479,0.0033254406201710758,0.0027213040371195625
0.0048000000000000004,0.003472280458536801,0.0044849609759936016
0.00481,0.0025808050769889814,0.0032454315156799354
0.0048200000000000005,0.0020092180704661834,0.0047084256049005095
0.00483,0.0008368305020155077,0.005430838304628942
0.0048400000000000006,0.0021102237805337553,-0.0010318274067447673
0.00485,0.0024476720188712654,0.0004683839376636641
0.004860000000000001,0.003873672728724849,0.0005260028481173292
0.00487,0.0013009401434054676,-0.0019470679995363992
0.004880000000000001,0.001289614690721743,-0.0030149834312207203
0.00489,-0.0009726590551741563,0.003354365400573312
0.004900000000000001,0.0037676651177521686,0.0026852111871711448
0.00491,0.00026302967179248874,0.0017396324381957432
0.004920000000000001,0.002190692989276901,-0.000480916026982793
0.00493,0.005205609735053896,0.0035912952499916016
0.004940000000000001,0.0017577988054122474,0.0018910987832431662
0.00495,0.0026174057508334017,-0.00224538707375496
0.00496,0.001707197314891273,0.0004748688488023568
0.0049700000000000005,0.0001992229710654149,0.001277390567023754
0.00498,0.005798745924195352,0.0031220298120388104
0.0049900000000000005,0.0010619237420683037,0.0029862617200452296
0.005,0.005003900420206899,0.003691114724502749
0.0050100000000000006,0.002325357089295224,0.0005487241405133789
0.00502,0.0036034487588653442,0.002630317942294923
0.005030000000000001,0.003998293336373363,0.0031144393909881872
0.00504,0.004307916076854759,0.0007743731236780518
0.005050000000000001,0.0048445015153123225,0.0022407896607071305
0.00506,0.006361136857751103,0.0004679608673505895
0.005070000000000001,0.00568344344060626,0.0022429032726727313
0.00508,0.0009095795448184128,0.0008800543921829596
0.005090000000000001,0.0015726196520938112,0.002696901462272332
0.0051,0.0032598829623086325,0.0007019122276974298
0.005110000000000001,0.002166399523436608,0.0061345947781203045
0.00512,0.0056710907764817445,0.00272344238705954
0.00513,0.00229290613016371,0.0020915978517231774
0.0051400000000000005,0.0034448288686742407,-0.00019331061551691796
0.00515,0.001703932612195291,-0.0014841551480157364
0.0051600000000000005,0.003018023713116504,0.0031481425345095556
0.00517,0.0012540953437890703,0.005002461009783202
0.005180000000000001,-0.0002301732349449092,-0.0010735262741630315
0.00519,0.002671150575603641,0.0039501552716994645
0.005200000000000001,0.005590990196126976,0.0009389245003222949
0.00521,0.00438138338464646,0.0017804096282024427
0.005220000000000001,0.0018796530548512817,0.0036254791670625765
0.00523,0.003530438383406497,-0.0012938931110782757
0.005240000000000001,0.005179757335287104,0.004619805010066603
0.00525,0.0009764342819820876,0.002651959657764346
0.005260000000000001,0.0032165021491339756,0.0023824296040384323
0.00527,0.0011287126053279954,0.000518564012536875
0.005280000000000001,0.002179094954840915,0.004207996659604495
0.00529,0.0033182826396341517,0.0011220370283571185
0.0053,0.0037753580376321265,-0.0038330932764048782
0.0053100000000000005,0.004530369357680952,-0.001614710117389712
0.00532,0.0015088324718758165,-0.0003738976686950761
0.0053300000000000005,-0.00035477313944706724,0.004187819582870113
0.00534,0.0013000619286647286,0.002559896868372576
0.005350000000000001,0.002142496757209318,0.0028216930674662237
0.00536,0.0023908543475476625,-0.0006976515138774637
0.005370000000000001,0.004230615923946691,0.0008815405050792767
0.00538,-0.0008742107210998615,0.0010135433038381372
0.005390000000000001,0.005241342522564358,0.0035709362838658204
0.0054,0.0015433876138226418,0.0011726957863983601
0.005410000000000001,0.0015982898001612247,0.006025424781099256
0.00542,0.003006297907971069,0.002732728952858323
0.005430000000000001,0.0043038600957682055,0.0023509400485862042
0.00544,0.0017260741658654587,0.0014813773339726337
0.005450000000000001,0.0021018202963990606,0.0018003470922707205
0.0054600000000000004,0.0037011453504426934,0.001979397103569188
0.00547,0.0037120289580569905,0.0017147851738879853
0.0054800000000000005,0.002404880819516131,-0.0021194707953600452
0.00549,0.004081126520624697,0.0025706190045018374
0.0055000000000000005,0.00424535122262036,-0.003914157983330817
0.00551,0.00642693934574851,0.001599883480384526
0.005520000000000001,0.004467413606803217,-0.00020003990869945525
0.00553,0.0034774529266913936,-0.0002263507247974388
0.005540000000000001,0.0010052234467428638,0.00570925081433869
0.00555,0.0018722519287308048,0.0023167608089846026
0.005560000000000001,0.003994606666528974,0.0028739650474554333
0.00557,0.0025561626053111977,0.0026132287400854573
0.005580000000000001,0.007063008672551028,0.0017687738613715183
0.00559,0.0026592274219235518,0.003986024226260218
0.005600000000000001,0.004468932142379941,0.004259479284562979
0.00561,0.0035361907922181256,-0.00039988865056768755
0.005620000000000001,0.005526442610349102,-0.0004058678455836288
0.0056300000000000005,0.0028656988018612314,0.0003789722719331717
0.00564,0.0021329986340320804,0.002545749091895663
0.0056500000000000005,0.002904836346293571,0.002732765348708535
0.00566,0.005490390176158648,0.002796691283674223
0.0056700000000000006,0.0017754992267070121,0.0038184951309097473
0.00568,0.004643597473100411,-0.0005641974471633879
0.005690000000000001,0.00346029977373879,0.003294060333406003
0.0057,0.0016712149090334816,0.004643824419775312
0.005710000000000001,0.0019670721684226762,0.0021442589249484945
0.00572,0.0019218802677596915,0.001924958620291403
0.005730000000000001,7.631346555990806e-05,-0.0009856074488900184
0.00574,0.005458712640076279,0.00020126469664949725
0.005750000000000001,0.0002877558423051052,-0.002410900469352632
0.00576,0.000993454228799973,-0.0007496081750537279
0.005770000000000001,0.0055562443848296925,0.003916896535440816
0.00578,0.0008967488740354169,0.006402824205269492
0.005790000000000001,0.00423741519969552,0.0012489793599565271
0.0058000000000000005,-0.002724093379201722,0.006481216100845576
0.00581,-0.0005035938926205002,-0.0013907784115387385
0.0058200000000000005,0.004321524062824484,0.00678021132150178
0.00583,0.005045760163263618,0.0030292114768234093
0.005840000000000001,0.0034675537085436152,0.0036089103853255236
0.00585,0.003796731877276963,0.0024651474515976295
0.005860000000000001,0.0024881057535970103,0.0017782629902920754
0.00587,0.0007726023934213743,0.0013427830430121713
0.005880000000000001,-0.0011045548523379886,0.0017081372037108548
0.00589,0.00030500294804330225,-0.00030167960500520523
0.005900000000000001,0.0026427990342892697,0.004690185487477837
0.00591,0.004120468698912294,-0.0012341390922004265
0.005920000000000001,0.00030540315591676397,0.0037890850078270318
0.00593,0.0003205077732841531,0.0014589561668547613
0.005940000000000001,0.0033864090807888617,-2.7787288046764213e-05
0.00595,0.0024978774104013842,-0.0007584708918569501
0.005960000000000001,0.001085211820475545,0.002549821765658368
0.0059700000000000005,-0.0008972204516169285,0.002791884497404322
0.00598,0.0022503105233556207,0.003016591380759874
0.0059900000000000005,0.0027382326956823353,0.0046405681102565256
0.006,0.0025416709416547782,0.0010541512759861514
0.006010000000000001,0.0025366336555650497,0.0030002328553791844
0.00602,0.002390574709495834,0.001995493951517264
0.006030000000000001,0.000889686320637383,0.0005891818401295122
0.00604,-0.0005107265100261203,0.005414809603625596
0.006050000000000001,-0.00019242888812433896,0.0005305175011523205
0.00606,0.0008592958142074206,0.0037068477691654155
0.006070000000000001,0.0017070229668853653,0.0044131536197584385
0.00608,0.0009507522703681159,0.0024763276001513314
0.006090000000000001,0.0006278498268058382,0.006209306676252106
0.0061,-7.58432693673955e-05,0.002539318331414634
0.006110000000000001,0.0035677161886260894,0.0027479429429115823
0.0061200000000000004,0.0019303951915814585,0.0016613705339159394
0.006130000000000001,0.002389400762169094,0.001627674465354024
0.0061400000000000005,0.004230342588761599,0.0063433903583981115
0.00615,0.0011884065519854293,-0.0008165963644455282
0.0061600000000000005,0.002127631023771474,0.007083092863922354
0.00617,0.0006976502164198215,0.005202571749312344
0.006180000000000001,0.005661204447572427,0.0008178249622281511
0.00619,0.0034445716817816116,0.0051824573580251465
0.006200000000000001,0.0015491519841089188,0.0015191654180803946
0.00621,0.0011448468212846151,-0.0001025259347067493
0.006220000000000001,0.001010453984310767,-0.0005202322550965349
0.00623,0.0023779756801165287,0.0003883619328877621
0.006240000000000001,0.0027781794819547183,-0.0011828234145294604
0.00625,0.0029731662849164847,0.0035966846517263697
0.006260000000000001,-0.0016752680534884972,0.0026783980880493797
0.00627,0.004768337878527604,-0.0004883394985157202
0.006280000000000001,0.00565894058164406,0.002769637520224495
0.0062900000000000005,0.0009045672649957922,0.001820717682357276
0.006300000000000001,0.003432039225945687,0.002084922331668491
0.0063100000000000005,0.003393691067713723,9.22194502775823e-05
0.00632,0.002655693672018541,-0.000893207891933493
0.0063300000000000006,0.0020953121032527273,0.00012705966365527776
0.00634,0.0008474958053185343,0.004407714522398009
0.006350000000000001,0.004501966660438787,0.0031544570212782425
0.00636,0.00013551088451577804,0.0013040158710610765
0.006370000000000001,0.004747121075937011,0.00222091797361787
0.00638,0.006960373287209548,0.002724770587310339
0.006390000000000001,0.002706600242280632,0.0013205521299868872
0.0064,0.0025903708933378514,0.001634494924573527
0.006410000000000001,0.0037402927856672588,0.0038534881603196954
0.00642,0.0007528821354551884,-0.00072173405916006
0.006430000000000001,-0.0013467647882757275,0.0029573622162056114
0.00644,0.00011969692593064582,-0.002363754514533192
0.006450000000000001,0.0031043708081790336,0.006928672211156168
0.0064600000000000005,0.002315854518965134,0.0036203006273967967
0.006470000000000001,0.002492437085749393,0.0017461850729500394
0.0064800000000000005,0.004167712646507626,0.0013640599917767464
0.00649,0.002865124907403718,0.002588648794693011
0.006500000000000001,0.00099493925912773,0.003929981386183766
0.00651,0.00198197983017372,0.00043504927693048447
0.006520000000000001,0.0034056974994181822,0.00015024594646351826
0.00653,0.002389817888850587,0.0019295856375341845
0.006540000000000001,0.004506023762287228,0.0028978612253260745
0.00655,0.0022849550658716852,0.0035846378959913036
0.006560000000000001,0.005116199731904763,0.003065365858909829
0.00657,0.002357264823374177,-0.0006732878579827426
0.006580000000000001,0.00020710650819669683,0.0013405739717165625
0.00659,0.001119082983060078,0.0015777189626564212
0.006600000000000001,0.0024521800940984924,0.003011684681327044
0.00661,0.002198654850524259,0.002925939481324401
0.006620000000000001,0.002469372705526347,-0.001997360499622335
0.0066300000000000005,0.00046252386596562826,0.0016660333806890085
0.006640000000000001,-7.742474444590378e-05,0.003154701232078924
0.0066500000000000005,0.0054042358049907445,0.004393002177612509
0.00666,0.0019166171104365152,0.004937564873491503
0.006670000000000001,0.002641605793108946,0.0012825742078325462
0.00668,0.0011182328939275173,0.0013524397533293112
0.006690000000000001,0.0015694512436061963,0.0022988439745057205
0.0067,0.0026677188213149777,0.00196473540197102
0.006710000000000001,0.0032212124975497065,0.0043405671728503625
0.00672,0.004247209049559499,-0.0010098906210650642
0.006730000000000001,-0.0027589775472710836,0.00382917526304924
0.00674,-0.0003841294057527335,0.0015116341949312705
0.006750000000000001,1.0164533642323045e-05,-0.0016421668836605354
0.00676,0.003434077964434727,0.0034807327407473496
0.006770000000000001,0.001198892957855725,-0.003219034298426908
0.0067800000000000004,0.00126018544454207,0.0027472856006816584
0.006790000000000001,-0.0006043888828802906,0.0023310241729517164
0.0068000000000000005,0.002323573803250436,0.003123513516821909
0.006810000000000001,0.002594112820080479,1.9418261994667493e-05
0.0068200000000000005,0.004748853004379255,0.0016491220669517873
0.00683,0.0023018581773812585,0.00010026980841133792
0.006840000000000001,0.0014706593483274513,0.00019782425755012303
0.00685,0.0020120876655325957,0.005391470051615145
0.006860000000000001,-0.0003850672240581707,-0.001258446850833986
0.00687,0.005301830336364917,0.0015506508932455188
0.006880000000000001,0.0010220981681664356,0.0040497293751861445
0.00689,0.0011497658760393308,0.005622560631717937
0.006900000000000001,0.00371760135551489,0.0009953390451145116
0.00691,0.006677118045360928,0.0007603521258954264
0.006920000000000001,0.003847443718881666,0.0025709866980842965
0.00693,0.004967486261098157,0.005096042952122086
0.006940000000000001,0.002428762040634352,0.00046680329655194534
0.0069500000000000004,0.0032854474427039954,0.0006188262346420793
0.006960000000000001,0.006393026421674167,0.002247945032683179
0.0069700000000000005,0.0016363569506112167,0.002344851839227971
0.006980000000000001,-0.00032650504104732693,3.287946920217774e-05
0.0069900000000000006,0.004769322198178083,0.0006629347698829812
0.007,0.00027541862203713267,0.00305064407848796
0.007010000000000001,0.0047413944640031635,0.003415859905501103
0.00702,0.0043628264570548065,0.0004649772840205411
0.007030000000000001,-0.000472145952463472,0.004981848409427104
0.00704,0.0017268593650409548,0.0014781281854444727
0.007050000000000001,0.005029350355569012,0.003092866819586045
0.00706,0.0032854800139289113,0.006311023543715086
0.007070000000000001,0.0010874097769536008,0.00383731063500432
0.00708,0.0024892136268097184,0.00251942593439712
0.007090000000000001,0.005432864741791656,0.002998523361073961
0.0071,0.0034532599329580426,0.004128476470025718
0.007110000000000001,0.0016475015768939575,0.00030565188381518563
0.0071200000000000005,0.0002885272855708931,-0.0019480330599111807
0.007130000000000001,0.006491297948918535,-0.00022112823391304487
0.0071400000000000005,0.0019371138363583089,0.0014322697558616813
0.007150000000000001,0.0029951712539783245,0.0036179781193213575
0.0071600000000000006,0.004102040991515422,0.0008209556372730297
0.00717,0.002047586126527657,0.0025528767181879535
0.007180000000000001,0.0018851822251658682,0.00520301375574805
0.00719,0.0033652486896250796,0.003458683447061201
0.007200000000000001,0.003709795019133373,0.004336480346999624
0.00721,0.0027468086825375524,-0.0006035270199476915
0.007220000000000001,0.0031848739410919548,0.0006880268202333214
0.00723,0.0013289965369080296,0.003164071866145054
0.007240000000000001,0.004863527297695512,0.0020344896929333934
0.00725,0.0030053578272782873,0.005396978630606928
0.007260000000000001,0.002869928202368755,0.007196516663658142
0.00727,0.003520170571248965,-0.0015277738959340384
0.007280000000000001,0.0038965633552922162,0.0027566690733730726
0.0072900000000000005,0.0049701138520651215,0.0033413151825540744
0.007300000000000001,0.0021144240056801466,-0.0004530443199574335
0.0073100000000000005,0.001974016488963875,0.0002951104140308629
0.007320000000000001,0.0012317425351596825,0.0031739067993571545
0.007330000000000001,0.0057333242772511575,0.002786691217480734
0.00734,2.474382000501249e-06,0.002887151161857098
0.007350000000000001,0.004788228121821569,0.0007789771856309528
0.00736,0.0021276548637705448,0.0020285160548563276
0.007370000000000001,0.0008266160268508792,0.003296296707490475
0.00738,0.0021552392201941023,0.0028393964062963743
0.007390000000000001,0.0006228734358738905,0.0011260101017847865
0.0074,0.003843342192051316,0.0012558550884589474
0.007410000000000001,0.005853228275801024,0.0012028432188744761
0.00742,0.0028493905349650565,0.003867890959547023
0.007430000000000001,-0.00043599045792480726,-0.0015183151132450367
0.00744,-0.0006498522812053895,0.0045290634426845295
0.007450000000000001,0.0012984628128141168,0.007120886043454703
0.0074600000000000005,0.0012744020817726405,0.002374181826948043
0.007470000000000001,0.005487834777685755,0.006017856258426036
0.0074800000000000005,0.00652733903940601,0.004422993718933239
0.007490000000000001,0.004453173372602901,0.003191905446838105
0.007500000000000001,0.003962486330562988,0.000905069922478352
0.00751,0.000770081692173738,0.002001281763982383
0.007520000000000001,0.0020668249194284935,0.0011021634217431092
0.00753,0.0038006831906521286,0.003919818298008911
0.007540000000000001,0.002585435626508634,0.004964855923274907
0.00755,0.00012595661189217493,0.0016230642436741716
0.007560000000000001,0.000976402614354516,-0.001722103149127012
0.00757,0.0022453977295576483,0.0017680615136949464
0.007580000000000001,0.005438369864804102,0.003273765868608112
0.00759,0.0003638074392406116,0.005720913125733456
0.007600000000000001,0.004854958622136449,0.0031775084190302813
0.0076100000000000004,0.001960632611282141,9.501908406461096e-05
0.007620000000000001,0.001669896270543566,0.004191978869655266
0.0076300000000000005,0.006184190885161705,0.005101552287766811
0.007640000000000001,0.0014380273183215318,-0.00022358650521925403
0.0076500000000000005,0.002698205983401397,-0.0015206477095520321
0.007660000000000001,0.00306347568580203,0.0017216080401847651
0.007670000000000001,0.0014857734628000146,-0.001172011198637358
0.007680000000000001,0.0034457523311092458,0.0009525745125016293
0.007690000000000001,7.942354138731726e-05,-0.0037259674450869197
0.0077,0.0023649319420217256,0.005563640499092361
0.007710000000000001,0.005743184166079905,0.0011055246523835062
0.00772,0.0012169450477336693,0.0029578450739343354
0.007730000000000001,0.0004253011692282563,0.002624459294972172
0.00774,0.0039549349322558405,0.004475320414864465
0.007750000000000001,0.0022231680001984877,0.0016146844776084245
0.00776,0.0006682122081606676,0.0003688488207405872
0.007770000000000001,0.0019719202782796067,0.0027579176341869303
0.0077800000000000005,0.004252747447898387,0.00041740535268666593
0.007790000000000001,0.005411654920684286,0.0014820922280930594
0.0078000000000000005,0.002384242236426517,0.0005304917915283462
0.007810000000000001,-0.002420805197001975,0.0037935812065811054
0.00782,0.0039020610732461653,0.0014634101089184438
0.00783,0.0025630521271567397,0.0030585180139888063
0.007840000000000001,-0.0006953241482637023,0.0009691081263100455
0.007850000000000001,0.004018993257737457,-0.0004807919150537211
0.00786,0.0030182755570158284,-0.0006848036789585338
0.00787,0.0033647149139620345,0.0019576495142768343
0.00788,-0.0007977139630636872,0.004358983286805804
0.007890000000000001,0.0009640606990568227,0.0004095713541720509
0.0079,0.002835075896283958,0.004327922129508302
0.00791,0.0004029869793053427,0.002154577885786068
0.00792,0.003292956200638655,0.0034179997098908246
0.007930000000000001,0.0027888983615240908,0.0012983026811509172
0.007940000000000001,0.0007815263299396087,0.0022052155448829074
0.00795,0.00029311973780411175,-0.0038092042123684267
0.00796,0.0033112078318924937,0.0038419349698178293
0.007970000000000001,-0.0022870867134513456,1.5171969277750531e-05
0.007980000000000001,0.0036777760869381396,0.006150191968031802
0.00799,0.0024817438617982315,0.0005797623557481104
0.008,0.0020750519209628243,0.0047860878466140875
0.008010000000000001,0.0011496042778322438,0.00043851732646564665
0.008020000000000001,0.0014767329017852419,0.00013081001685557691
0.00803,0.0026882473663387006,0.005287389606896285
0.00804,0.003089751547882593,0.0015338907060825683
0.00805,0.001860656211189493,-0.0010872193220722642
0.008060000000000001,0.00421118353171777,0.001884052051701006
0.00807,0.00208468886063931,0.0084265052980509
0.00808,0.0030438386979019217,0.0005372713458413802
0.00809,0.0015943013660182008,0.004338307715936466
0.008100000000000001,0.0026742405416254247,-0.0008345772389376387
0.008110000000000001,0.004286840237633155,0.0007062525362161328
0.00812,0.006195660055610577,0.004203198398560964
0.00813,0.001555102334255524,0.004605696121475272
0.008140000000000001,0.002586138257672384,0.0037497714509517064
0.008150000000000001,0.003420573471837591,0.00035207106604728984
0.00816,0.001164688263768108,0.0041052658599210964
0.00817,0.0017829168468018,0.0012386067211986231
0.008180000000000002,0.0005429014273169465,0.002893660776771354
0.008190000000000001,0.006578874992820436,-8.804460926272123e-05
0.0082,0.0025029421302420287,0.004872020480277002
0.00821,0.0022958979921348347,0.002952880689461962
0.00822,0.0003310707721505264,0.002905308596985044
0.008230000000000001,0.0020822458492597406,0.004020711278400269
0.00824,0.004831982531145077,0.0072289350351825345
0.00825,0.0036171523220247014,0.0027019564288165822
0.00826,0.0028473296260799006,0.001344586835706009
0.008270000000000001,0.0031362032578298783,0.001460671808656475
0.008280000000000001,0.002796831572985895,0.004687224490451249
0.00829,0.0004474980418892149,0.004332340915247325
0.0083,0.005095486362491925,0.0018170006969713802
0.008310000000000001,-0.0017817810105817673,0.0008380473196945091
0.008320000000000001,0.005056589945335534,0.0020085082979339635
0.00833,0.0004646679584486683,0.0010452472951930044
0.00834,0.0041451835538101525,0.0031488165763879743
0.008350000000000002,0.0019867498880491966,0.0013222525066562646
0.008360000000000001,0.0016817678825985713,0.0002116324402981699
0.00837,0.005696705163515446,0.0014123629393334978
0.00838,0.00490093994059077,0.0051001866402538044
0.00839,0.004463913320949468,0.0011948641605554109
0.008400000000000001,0.0032754198432663273,0.0020102634144582416
0.00841,0.000661223592170989,0.0027079226243318056
0.00842,0.00011121489631870469,0.004435111864592143
0.00843,0.0015407265638854406,0.00246262102005687
0.008440000000000001,0.0030372030971207863,0.0015430399761347901
0.008450000000000001,0.0036446806690907823,0.0011115904208449981
0.00846,0.0042145528905926065,-0.0006300142198172637
0.00847,0.002725382202593286,0.005940350142139778
0.008480000000000001,0.00047262466125204275,0.0007075488038009504
0.008490000000000001,0.0035017667967376888,0.002422748507755435
0.0085,0.0031758746037687685,0.0030425050021109547
0.00851,0.00374472017184094,0.00428407582329493
0.008520000000000002,0.0032955769006106205,0.001582705828051392
0.008530000000000001,0.0038217488645798476,0.005865529606033731
0.00854,0.002211995369056443,0.00011725132761337986
0.00855,0.0046920851251086556,0.0018260914122211142
0.00856,-0.0018667548548771387,0.0037622405007688695
0.008570000000000001,0.0014085878425973018,0.0018868735920673178
0.00858,0.003143864380567972,0.002449482131009165
0.00859,0.0038994663870337036,0.001198052250352462
0.0086,0.0035074329116623884,0.0015504734623271676
0.008610000000000001,0.003959500369694502,0.0033008432181797854
0.008620000000000001,0.0006116596273177532,0.004242613522510414
0.00863,0.0014112672963657175,0.0036873055347675663
0.00864,0.00321842550110179,0.0057480975485670605
0.008650000000000001,0.0020375751305958924,0.0013736364689250352
0.008660000000000001,0.002446323638754354,0.0014664499717751429
0.00867,0.004085701944566197,-0.0011592725923668776
0.00868,0.00037910812831383305,-6.17185201283242e-05
0.008690000000000002,0.004387742513058212,0.005495652378857786
0.008700000000000001,0.0022788827919264245,0.0017373201107949848
0.00871,0.0026285389933073523,0.004399257699364894
0.00872,0.0006343813757701275,0.002552776210757416
0.00873,0.004440135420576264,0.003078763351144244
0.008740000000000001,0.002869555451655877,0.004079203577882635
0.00875,-0.002915420768711379,0.003433398029468951
0.00876,0.0011835435920353847,-0.0015830827888059402
0.00877,0.0035147508413083386,0.004826035327238042
0.008780000000000001,0.0022180988407245906,0.003985002181490924
0.008790000000000001,0.005718202158218635,0.004709616463254484
0.0088,0.005774224018569477,0.0035645766267188
0.00881,0.002645811101321301,-0.0011230762705863352
0.008820000000000001,0.0020034672578357134,0.00039489549200826066
0.008830000000000001,0.00683812562733271,0.0017301500086617937
0.00884,0.002743297312587322,0.003185424958598162
0.00885,0.0025847396476580647,0.0054730884831244294
0.008860000000000002,0.0012528826373242705,0.0024727331318862853
0.008870000000000001,0.0010138863460319148,-0.000555995357831057
0.00888,0.0012759350437746527,0.0020105071384065223
0.00889,0.0016415140369957977,0.0007002694659860849
0.0089,-0.00031187162781690656,0.0019194305996856136
0.008910000000000001,-0.0005080330812260174,0.0036062836181497446
0.00892,0.002666931094586413,-0.0008284017350755958
0.00893,0.001884276911828681,0.0005829176536491652
0.00894,0.0031416871200627334,0.004768660186379475
0.008950000000000001,-0.0012463642499328134,0.0023183399112904164
0.008960000000000001,0.0021843572459494167,0.0034314959943495113
0.00897,0.0029316577996212063,0.0005854048968439193
0.00898,0.0018677979369622396,0.000497819196635237
0.008990000000000001,0.00465856091047427,0.002133021189180465
0.009000000000000001,0.0063095683903401,0.001969602878099774
0.00901,0.0010910134318870904,-0.000935978032683432
0.00902,-0.001097812877873475,-0.0010762952531137284
0.009030000000000002,0.003043358848385854,0.0031099521938733696
0.009040000000000001,-0.0006526372224471733,0.0038831039248609658
0.00905,0.0015442602777678855,0.0023871381053701714
0.00906,0.005735461402158552,0.0038877551338300734
0.00907,0.0019745961800741296,0.0003122161085908383
0.009080000000000001,-0.001791336430081602,0.0006568176154926962
0.00909,0.0020906703587920215,0.00012128853207464931
0.0091,0.002251052934036559,0.0022498743231454247
0.00911,0.0020644905050043977,0.0007966880054896622
0.009120000000000001,0.0028521469822994153,0.00298109671584675
0.009130000000000001,0.0003346742232901989,0.004919602066037727
0.00914,0.0023189304241984635,0.0021359580831397038
0.00915,0.003933169417367132,0.002565212271949486
0.009160000000000001,0.004423647292976387,0.00267354915406477
0.009170000000000001,0.0012931323030848073,0.002822828330975075
0.00918,0.00023118723856926622,0.002317460792276163
0.00919,0.0024528118471030696,0.0016846274101906063
0.009200000000000002,0.0022628285557375664,-0.0016623175778024209
0.009210000000000001,0.0014230850891026904,0.0022875893489675957
0.00922,0.002840878590996242,4.706794395049072e-05
0.00923,0.005053211968295394,0.0003705868547026396
0.00924,0.004461340745030012,0.002957843247002571
0.009250000000000001,0.001230601360241943,0.005654593927988722
0.009260000000000001,0.00013641153160674118,0.0039427977574662265
0.00927,0.00452547862632584,0.0007637659081170694
0.00928,0.0053098729661098555,0.0016054298622242735
0.009290000000000001,0.0031029575815926884,0.0026266827838226964
0.009300000000000001,0.002257580379141676,0.003728171517741228
0.00931,0.00411380242492081,-0.0013899934590543704
0.00932,0.0051361321746741535,-0.0012173983212160123
0.009330000000000001,0.004593170386752764,0.004361510747949487
0.009340000000000001,0.00034677099152133134,0.001286986370400916
0.00935,0.0003179199742716107,0.001679287010894837
0.00936,0.0019138857882502974,0.0036689639148878763
0.009370000000000002,0.005151196481001177,0.004901523905087413
0.009380000000000001,0.0014068671551810364,0.0016922256240234613
0.00939,-0.0008350493684211777,0.0004994419819357118
0.0094,0.004462153678676315,0.005342860161413082
0.00941,6.437565462831443e-05,0.0009272780519332794
0.009420000000000001,0.002480884460489937,0.002673040600894177
0.009430000000000001,0.000915111101362102,0.0029613517428505823
0.00944,0.001587261205302549,0.0020848361410415015
0.00945,0.003628129745793883,0.002127095910059063
0.009460000000000001,0.0016634104118386224,0.0018955421095419648
0.009470000000000001,0.0023600768110079253,0.0013752496644555499
0.00948,0.0020198307346895135,0.005313075732476183
0.00949,0.003659881481244671,0.0015253300836257614
0.009500000000000001,0.00393257071510891,0.0014491607299080152
0.009510000000000001,0.004885530098024504,0.002856592745617635
0.00952,0.002325295048295215,0.0030132505272543273
0.00953,-0.000601234857043715,-0.00013521028461852772
0.009540000000000002,0.00015328514306880894,0.0024047184839934913
0.009550000000000001,0.006006782462240007,0.006581939892355347
0.00956,0.0038184715728271277,0.0031215355201419702
0.00957,-0.001059129591769176,0.0010350056063855556
0.00958,0.0009680344798658127,0.0008791643108067185
0.009590000000000001,0.0022079300548527997,0.0011771843197607447
0.009600000000000001,-0.0014137666185578051,0.0036176916221613547
0.00961,0.00039996186335246493,0.0026008701403783096
0.00962,0.006694227770071276,0.0002841121992031817
0.009630000000000001,-0.00251389849544869,0.0015513775773566454
0.009640000000000001,0.004749209543878015,0.006040585237348909
0.00965,8.88044138065043e-05,0.003117792752749504
0.00966,0.0016178956236029987,0.0019130012451413659
0.009670000000000002,0.007837815771896423,-0.0008805393849378221
0.009680000000000001,0.003057220548422851,0.0030612906046397917
0.00969,0.0047219256303789306,0.002322373228983368
0.0097,0.0031670654226916865,0.0013436121203281694
0.009710000000000002,0.0030898291980936514,0.0014410267100246447
0.009720000000000001,0.0037953296765906625,0.0013886922680161726
0.00973,0.0033069968759301617,0.0020698886655711513
0.00974,0.004805506391504868,0.002026127872871644
0.00975,-0.0009920496334170827,0.004653259023368815
0.009760000000000001,0.0007431597261213794,0.0008223837218337062
0.009770000000000001,0.0013639103770342307,0.004879292638474112
0.00978,-0.0017155072125275474,0.008406413248775262
0.00979,0.00466856269751248,0.002577893415867849
0.009800000000000001,0.0024472685563466214,0.002703022820819082
0.009810000000000001,0.003599908507389866,0.003422844604345379
0.00982,0.003669479291146668,0.0023120732346505394
0.00983,0.0021641998430922214,0.0018308634233858523
0.009840000000000002,0.0021696660642275935,0.00440144798234143
0.009850000000000001,0.0037472016279787336,-0.003746372002942948
0.00986,0.0038724949128160864,0.0025243748139664236
0.00987,0.0025238806416558956,0.0013583623573591441
0.009880000000000002,0.004810128008357032,0.004030948708154062
0.009890000000000001,0.0010167512662144593,0.0029504965603896175
0.0099,0.0006197967864868608,-0.000622348458848173
0.00991,0.0013102790809186263,0.00386217038293624
0.00992,0.004470566516790075,0.0031640495291519787
0.009930000000000001,0.004015110517670884,0.0031707301978121556
0.009940000000000001,0.0012825578940496136,0.003002713331884479
0.00995,0.00416694189863973,0.0036479452059377574
0.00996,0.004944550978573878,0.003556464229795347
0.009970000000000001,0.0032702216624811166,0.00428065068690504
0.009980000000000001,0.002514883365586666,0.00037709426897864135
0.00999,0.0022423922183765137,0.0006515313297513876
0.01,0.0012187694845644998,0.0018527920131159864
0.010010000000000002,0.0009848857074086833,0.0015263987181872432
0.010020000000000001,-0.0012169046423827355,0.0025694013033469368
0.01003,0.0025733344121597846,0.0005091284262985492
0.01004,0.0038900131965769204,0.004018937452699593
0.010050000000000002,-0.000642999841812159,0.0006188387989816497
0.010060000000000001,0.0010344328440710373,0.0002649730226972336
0.01007,0.0042322645143030345,0.0017576175067795994
0.01008,0.002044882065252813,-0.0018619646939937711
0.01009,0.0038453443569327565,-0.0003322668128346081
0.010100000000000001,0.0026949697374568254,0.0027014934868720398
0.010110000000000001,0.005297017481343411,-0.0004704118606970215
0.01012,-0.003462728576340393,0.0025154170466067448
0.01013,0.006177913177411119,0.004626099375978236
0.010140000000000001,0.002996804358038282,0.0011654227057452525
0.010150000000000001,0.004192325068431865,0.0002020907788873789
0.01016,0.003531389396662299,0.0031606112927594085
0.01017,0.004699687291419119,0.007669478543685791
0.010180000000000002,0.003364692665482443,0.0011327184016574224
0.010190000000000001,0.0025293049982283698,-0.001387019273263171
0.0102,0.001191619889256138,0.001333054240426816
0.01021,0.0015334615222706487,0.0024568151380140943
0.010220000000000002,0.0009373902585126334,0.0043946527035041445
0.010230000000000001,0.002583235697228892,0.002134476399559614
0.01024,0.0019276232180057387,0.002463943781066611
0.01025,0.004234199904073595,0.0004197870524248219
0.01026,0.0012683607609050144,0.0015470801962323335
0.010270000000000001,-0.00010655810242175042,0.0005165010041766106
0.010280000000000001,0.0016333316445966846,0.0039042792552266645
0.01029,0.003111485339082297,0.002543164587517249
0.0103,0.00428874753757564,0.0018817247602142821
0.010310000000000001,0.0033684698885639475,0.0019505081050785176
0.010320000000000001,0.003118853106812281,0.0009919172717987943
0.01033,-0.0022889180448586914,0.0018893589413232477
0.01034,0.00543480005248213,0.00401083045189477
0.010350000000000002,0.004520685903491018,0.004631143176226912
0.010360000000000001,0.0027677929162264864,0.0025539949365600057
0.01037,0.001355760389927274,0.001527699303203739
0.01038,0.003823192573855736,0.0045680950879213806
0.010390000000000002,0.002313343464020501,0.0012604285874648832
0.010400000000000001,0.002593877322241539,0.0033637012243080706
0.01041,-0.00029430318999209594,-0.0024305938644052275
0.01042,0.0014929174301620465,-0.00027917678796431696
0.01043,0.0015782950703659656,0.0018671671552361988
0.010440000000000001,0.0016886626342954379,0.005068142298268189
0.010450000000000001,0.0032492326189116297,0.0027646350928873333
0.01046,0.003840740666361909,-0.00011350100923946792
0.01047,0.004675132893403086,0.0020131152146579422
0.010480000000000001,0.003938453145567289,2.140759223771436e-05
0.010490000000000001,-0.0005094433756757271,0.003801379354570587
0.0105,0.0033514751070853523,0.0003619746200513214
0.01051,0.0008599114446492028,0.004417424698313972
0.010520000000000002,0.00022099502805735536,0.005452378147614704
0.010530000000000001,0.0007991582058844522,0.003444292915265121
0.01054,0.0019437432403735973,0.003374360460911847
0.01055,0.0015133323601450237,0.0018428760334796138
0.010560000000000002,0.002683978543983258,0.00016456289354055713
0.010570000000000001,0.004084368369671976,0.0011429863446649373
0.01058,0.0021460989911168717,0.0001811901143430614
0.01059,-0.002520789695000631,0.0017883084381801941
0.0106,0.007429686924938265,0.0037400473532856185
0.010610000000000001,0.0025665134401957664,0.001645531647889824
0.010620000000000001,0.002650543762569622,0.003266025780599511
0.01063,0.00024456378343569235,0.0044009048990727405
0.01064,0.0040375291423674926,0.0036091066365962175
0.010650000000000001,0.003484294747355607,0.002212441892388447
0.010660000000000001,0.003953642161235088,0.003357309953092473
0.01067,0.0019004143487923405,0.0010269509656277115
0.01068,0.002812784104871317,0.005272667357838703
0.010690000000000002,0.00013143276950376226,-0.0007599512152031947
0.010700000000000001,0.0029397436730302143,0.00227734669990421
0.01071,0.0029574800528140294,0.0026639493907464414
0.01072,0.002164966612577957,0.0051562412901263645
0.010730000000000002,-0.0005898627725859878,0.0005199915010177419
0.010740000000000001,0.002406009391819243,-0.0011089212140039397
0.010750000000000001,0.0022613834967189026,0.005500867317962647
0.01076,0.0026554383418395874,0.0026397990970272534
0.01077,9.39085612484381e-05,0.0009461444898793499
0.010780000000000001,0.0018644177244542893,0.001543906854502565
0.010790000000000001,0.005178670136261123,0.0032951886336125714
0.0108,0.00039303836165294464,0.0026732852556655244
0.01081,0.003612969170394065,0.004461042685375574
0.010820000000000001,0.005778178113487778,0.00015102485750068898
0.010830000000000001,0.0009959524544338526,-0.0003334741201589399
0.01084,0.0021501981651718665,0.0031148664271650303
0.01085,0.0045934769935969105,0.002030715436074411
0.010860000000000002,0.001979682661916185,0.002486600997824988
0.010870000000000001,0.0009496613246189306,0.006362629711961096
0.01088,-0.0005948058349875083,0.0025535004072771788
0.01089,0.006668297421463588,0.0021980856455833054
0.010900000000000002,0.0022415753496115754,0.0014700615442758106
0.010910000000000001,0.0022614381660219962,0.004931115499530351
0.010920000000000001,-0.0018009345093915668,0.005252751840288453
0.01093,-0.0002245575336584679,0.0016530453943731107
0.01094,0.0017654350633369291,0.003363921935546012
0.010950000000000001,-0.0005717579919594777,0.0031116257997355805
0.010960000000000001,0.006673676441899068,-0.0005386027412551853
0.01097,0.0030050356901682985,0.0008642454418738398
0.01098,0.003477963603520715,0.0022269696113984662
0.010990000000000002,0.001343780886257322,0.0031648826153568375
0.011000000000000001,0.0062360161146130366,0.0018077941815393243
0.01101,0.004067400647968967,-0.0003964807006548404
0.01102,0.0007155765570652035,0.0031353409520381167
0.011030000000000002,0.005597245593652442,0.002902218006515991
0.011040000000000001,0.0020034613807182714,0.0021900367643164034
0.01105,0.000129325558767086,0.0034009469829426016
0.01106,0.0043953704165052504,0.001288197773943621
0.011070000000000002,0.0016911829421524078,0.0027245967412852876
0.011080000000000001,0.0017583903925143685,0.0020610366284713657
0.011090000000000001,0.00683183575141302,0.00169971176571933
0.0111,0.0019162738595303766,0.0008991405995510604
0.01111,0.004121899779521061,0.0018322366424913922
0.011120000000000001,0.0013353311157283886,0.0048377535664496
0.011130000000000001,0.005473844240595426,0.0009947586186446703
0.01114,-0.00109788094816512,0.004211093113628904
0.01115,0.0012664997102583325,0.0037777766520991803
0.011160000000000002,-0.0013038881817465887,0.003982179586546759
0.011170000000000001,0.00021453537213205268,0.0036589723409810974
0.01118,0.0026659848289411195,0.0002900241940487632
0.01119,0.0018239252159867759,0.0035709986142114306
0.011200000000000002,0.00285034558307873,0.0033676460665280124
0.011210000000000001,0.006591996367760426,-0.0009292049743587407
0.01122,0.0058740985578576415,0.002408448006150869
0.01123,0.0008426632082103439,-0.00046043349940703103
0.011240000000000002,0.002262548108418584,0.00404395133617566
0.011250000000000001,0.0023862479229471065,0.005223418072729584
0.011260000000000001,-0.0002604482536252605,0.0021773871564655586
0.01127,0.00013767288990520566,0.0029292853977064973
0.01128,0.004416790901088342,0.0013609543661301602
0.011290000000000001,-0.002564855559859646,0.0026008303092176837
0.011300000000000001,0.0035176049801300467,0.0030119793291363676
0.01131,0.005116247674771275,6.173800531734767e-05
0.01132,0.0040056706081144245,0.004589315677145631
0.011330000000000002,-0.0009113819726641712,0.0028440593341304264
0.011340000000000001,0.001637988023942874,0.0020421651090765406
0.01135,0.003342254836542581,0.001231207843279903
0.01136,0.0012960395879721182,0.0022744240663045215
0.011370000000000002,0.000473517439143401,3.492297732756366e-05
0.011380000000000001,0.00400730914752149,-9.056108714897669e-05
0.01139,0.003981740542752871,0.003132663061599758
0.0114,-0.0008019452623145304,0.0008528044089486035
0.011410000000000002,0.0050384393511187404,0.0002460556344238067
0.011420000000000001,0.0017219640660056349,0.003132961211995322
0.011430000000000001,0.004218105351050166,0.0017062141282451495
0.01144,0.0014568553816385796,0.005054483844976421
0.01145,0.006130226234245511,0.004167912191138561
0.011460000000000001,0.002823614024914886,0.0005941163613858843
0.011470000000000001,0.0009926394577256914,0.003256127477735378
0.01148,0.003490874942002293,0.005014747663421621
0.01149,0.003955528613427165,-0.0007941591675325274
0.011500000000000002,0.004759073291085401,0.00021633088829400935
0.011510000000000001,0.0018877848385842394,0.0027133030111825287
0.01152,0.006647611388880057,0.008433189915609209
0.01153,0.0038702712547897256,0.001847409520581832
0.011540000000000002,0.003726384861473105,0.003989563314040176
0.011550000000000001,0.0020165864425881804,0.005805124628573092
0.01156,0.0031186110428774796,0.0032106372999127766
0.01157,0.003990865561402038,0.0030587732988048596
0.011580000000000002,0.0043374452934410255,0.0009815424115305854
0.011590000000000001,0.0015435077226317309,1.6188777269430556e-05
0.011600000000000001,0.0035396603330017486,0.0037748184607020088
0.01161,0.0035767499489194375,0.005566378283050337
0.01162,0.002650558227829316,0.0035553244427655277
0.011630000000000001,0.0004788942664975546,0.0014440891947392243
0.011640000000000001,0.00405391699201236,0.00391694004249794
0.01165,0.0020754527448708805,0.0020759842921683536
0.01166,-0.00037181598423298174,0.0015055711230257192
0.011670000000000002,0.004445242411104851,0.0033704860398198378
0.011680000000000001,0.00366635180816705,0.0023200696194807095
0.01169,0.0026796906707976754,0.0009003259585585975
0.0117,0.004063764889274225,0.0030633598738751973
0.011710000000000002,0.003650689147766697,0.0011697898028853162
0.011720000000000001,-0.0016394912770731876,0.004416610170713277
0.01173,0.0017100624699082786,0.0004971982342939294
0.01174,0.00405523772409819,0.0014391692320473858
0.011750000000000002,0.004788694907403447,0.00345765094704856
0.011760000000000001,0.0040365027242899604,-0.0005078281060040073
0.011770000000000001,0.005093793708392131,0.002747028432806128
0.01178,0.001931892818956447,0.002511748091038826
0.01179,-0.0008814822964277741,0.0030427203285246273
0.011800000000000001,0.0006127859371385489,-0.00047948255509719113
0.011810000000000001,-0.0003726489224174551,0.0044516778386078214
0.01182,0.001414082871736812,0.005294199341082852
0.01183,0.0016015466549493408,-0.0011875294009068417
0.011840000000000002,0.00044064033618147194,0.0046992521077195825
0.011850000000000001,0.002362432208611233,0.0011314963886491156
0.01186,0.0029948040782820577,0.0032320783285614894
0.01187,0.004910104034478762,0.005125952951501522
0.011880000000000002,0.001956307601529005,-0.00042269948381247827
0.011890000000000001,0.001849452775969354,0.0027503980595742694
0.0119,0.0007494031659252098,0.0003159761363841912
0.01191,0.00336503441695038,0.002133413944804754
0.011920000000000002,0.002743589995907684,0.000714168422624834
0.011930000000000001,0.0022177316439959036,0.00038313301018146994
0.011940000000000001,0.0044594666784307,0.004302537937780446
0.01195,-0.0010127693677070867,0.00037345728079389313
0.01196,-0.000312915935643985,0.0009328706287513263
0.011970000000000001,0.0025138025702673085,-0.0006659326815949963
0.011980000000000001,0.000837494536820281,0.00022588203803632946
0.01199,0.0030962841933692142,0.002372924245138919
0.012,0.001238809518041383,0.0025883158689912443
0.012010000000000002,0.0015894592646965835,0.0016918022227939394
0.012020000000000001,0.006030258143000369,0.0049164726311560075
0.01203,8.472573682320825e-05,0.003895453213166134
0.01204,0.004307215288045187,-6.010058425481857e-05
0.012050000000000002,0.004322511155428897,0.0053127272122346705
0.012060000000000001,0.0004403996651256557,0.0004022948821624456
0.01207,0.004721345342198914,0.0027807280615510734
0.01208,0.0037895078114538825,0.0029193525556414895
0.012090000000000002,0.0034684796772223034,-0.0004143336833051358
0.012100000000000001,0.004782255545290444,0.004578226776488213
0.012110000000000001,0.00222937066324481,0.0021525288784623423
0.01212,-0.000373531111384719,0.003268428045026957
0.01213,0.0038333302428734803,0.002115972022639137
0.012140000000000001,0.004938453268636641,0.001572634887370423
0.012150000000000001,0.0038194893142239252,0.00020189573398489988
0.01216,0.002643703798677946,0.001892950727248164
0.01217,0.003141954307303866,0.0015030399870166883
0.012180000000000002,0.0024289233598366175,0.0038946225594392314
0.012190000000000001,0.001818869890179731,-0.0009701918425073113
0.0122,0.006192095712416587,0.0050063044296030325
0.01221,0.0001089317793718683,0.003623245567099207
0.012220000000000002,0.0016880366206392594,0.0027712378430884053
0.012230000000000001,0.003282963138862244,0.0017758810393371806
0.012240000000000001,0.001127511996042529,0.00086404753490168
0.01225,0.0008631876702712305,0.0005819179949526851
0.012260000000000002,0.002561742823142595,0.0008144749776800209
0.012270000000000001,0.004060731165013492,0.005220919583962882
0.012280000000000001,0.0015370479098839322,0.002725668364945223
0.01229,0.003697051701303225,0.003191295769782195
0.0123,0.002850118833988502,0.003733087702509211
0.012310000000000001,0.003663232750709599,-0.00022717056695114495
0.012320000000000001,0.004437573251398437,0.004023167138508219
0.01233,0.001173214921959947,0.0023248920957882747
0.01234,0.004066970854407357,0.0018308195215886037
0.012350000000000002,0.004846794433900815,0.006977622661064515
0.012360000000000001,0.0011293914741417588,-0.0005117812478913708
0.01237,0.0033095256634669682,0.003693863031057904
0.01238,0.0022406803895582503,0.005157689185922734
0.012390000000000002,2.5725935278771844e-05,0.0036374347201905276
0.012400000000000001,0.0014917400235130247,0.00569078267804554
0.012410000000000001,0.00668901623484112,0.0007191428585097328
0.01242,0.001605394853670116,0.003972060753707624
0.012430000000000002,0.0019307711567380747,0.002162491267064946
0.012440000000000001,0.0027563323624176248,-0.0015856041084915426
0.012450000000000001,0.002678402828683669,0.0008747149348252853
0.01246,0.0017203552104726697,0.005141862547298646
0.01247,0.00019410933631092793,0.0038814367499033224
0.012480000000000002,0.002149719269335963,0.0016959336543818995
0.012490000000000001,0.004288910663101145,0.002935983974677726
0.0125,0.003849914342637355,0.004192677880251989
0.01251,0.0020465927955684096,0.0010322620435762428
0.012520000000000002,0.0005394294594255155,0.0006063411860771245
0.012530000000000001,0.008608440050966358,0.00474694792126782
0.01254,8.622893274183585e-06,-0.0003869008593402087
0.01255,0.0036750239123331855,0.0033529707241260294
0.012560000000000002,0.0038095793609320408,0.0017489553986327964
0.012570000000000001,0.0024614228102175797,0.002915051671851847
0.012580000000000001,0.0028846367215902436,-0.002178882702470791
0.01259,0.0022537705658160594,0.0005573303759678248
0.012600000000000002,0.0030643115222568768,0.00823108623340675
0.012610000000000001,0.0034493706126996447,0.001633933622087651
0.012620000000000001,0.004558528623181094,0.003226793317877627
0.01263,0.0035556326780961456,0.003475543061984195
0.01264,0.006829048645633051,4.891203336911468e-07
0.012650000000000002,0.003663743229518687,0.00040992763006572077
0.012660000000000001,0.0038280216699664252,0.00042574054998154314
0.01267,0.0018827797932456543,0.0016733572115550336
0.01268,0.004669663644429648,0.004100869179414959
0.012690000000000002,0.00022711198056451663,0.002374251549720743
0.012700000000000001,0.001299903294430155,-0.00025220367247814554
0.01271,0.0022855449166260125,0.001648263178341332
0.01272,0.007573527747107343,0.0031315707978516617
0.012730000000000002,-3.462472643570979e-05,0.0011365253164298892
0.012740000000000001,0.0047638921106219565,0.00644338083418417
0.012750000000000001,-0.0004503261156700495,-0.0014929317318638697
0.01276,0.0064640855932622185,0.003046566929689077
0.012770000000000002,0.0009860842574659335,0.0033370180705536126
0.012780000000000001,-0.0025483115328113195,0.0022749320219577194
0.012790000000000001,0.0033793402605320514,0.0041171421856511375
0.0128,0.0006964197258192261,0.002440396914815431
0.01281,0.0008738758400932166,0.0027802105766749517
0.012820000000000002,0.0009345456558581833,0.001453661648470556
0.012830000000000001,0.000734120466252838,0.0035725558603122605
0.01284,0.004443166191585784,0.001801462075295023
0.01285,0.002803252398134019,-0.0006260599865801999
0.012860000000000002,0.002127935309955909,0.002171133025273242
0.012870000000000001,0.007969386733910023,4.802741393122086e-05
0.01288,0.005656666723671062,0.004266098008246618
0.01289,0.003290096498207957,0.0057900402155125225
0.012900000000000002,0.0034735458265575487,0.0030515362144958283
0.012910000000000001,0.002623604516788179,0.004720773954523564
0.012920000000000001,0.004923294981595862,0.0010226997719665087
0.01293,9.237256590623969e-05,0.0018685110204436982
0.012940000000000002,0.001131300017723906,0.002147840885540506
0.012950000000000001,0.005206763357894944,0.0013607042556501442
0.012960000000000001,0.002646750018808733,0.002391770358265009
0.01297,0.004429767989950546,-0.0022176366644693166
0.01298,0.0015200148316248923,0.002699126295192398
0.012990000000000002,0.005134082281436087,0.0012931707152906973
0.013000000000000001,-0.0010186723439597604,0.0035168149946948586
0.01301,0.0014642167424318917,-0.00010152492991559719
0.01302,0.0014867589453356183,0.0019091737517517823
0.013030000000000002,0.0015264683533859492,-0.002132491774788215
0.013040000000000001,0.004530597787259401,0.0048288060881136845
0.01305,0.004040016840809852,4.10012490410349e-06
0.01306,0.0023344970088043657,0.0022668440897943235
0.013070000000000002,0.003935575828613985,0.0036169827467412573
0.013080000000000001,0.001270146179244911,0.002444707725986295
0.013090000000000001,0.003653561068163305,0.005192775896358402
0.0131,0.004148519575830011,0.0038596590610221336
0.013110000000000002,0.0029076657447009236,0.005102878206433308
0.013120000000000001,0.00356004382913324,0.0005601981212313139
0.013130000000000001,0.005547763681843022,0.0036785943082531117
0.01314,0.0018554409600158124,0.0013242154462646495
0.01315,0.003335185109831004,0.0032099843860244233
0.013160000000000002,0.0031371233249794335,0.0029066453535852724
0.013170000000000001,0.0061429580742218695,0.004427527319409279
0.01318,0.003124818796428952,0.004167474981989396
0.01319,0.0006790038534439293,0.003081120523382582
0.013200000000000002,0.006363168164627694,0.001849587033502598
0.013210000000000001,0.0010497911709396318,0.0009819132459072241
0.01322,0.0005662962751541642,0.0007169792038948667
0.01323,0.0020050492332552364,-0.0005242192226563025
0.013240000000000002,0.0027778049381559245,0.004091880757561157
0.013250000000000001,0.0009315585092986834,0.00532630565053639
0.013260000000000001,0.0037691574057866664,0.004349310166985546
0.01327,0.001432406240257529,0.003997610441815856
0.013280000000000002,0.0005647094267805576,0.004069465781002021
0.013290000000000001,0.0030927575474338255,0.0033958838108862554
0.013300000000000001,0.00039839105782544333,0.0004996520781321363
0.01331,0.0039445378680491704,0.00039350594642579293
0.01332,0.003676994939732306,-0.00044366366519848783
0.013330000000000002,0.004447431466668458,-0.00017402488806992364
0.013340000000000001,0.0038561833645890963,0.0035426932036393428
0.01335,0.0013585400626436289,0.0034558938667696264
0.01336,0.0032734681991038253,0.0012145662180770968
0.013370000000000002,0.00073597404016231,-0.001632592453174073
0.013380000000000001,0.0034528830020185536,-0.0008365378107623028
0.01339,0.00294477056891447,0.0017665799039059003
0.0134,0.004112866747310475,0.0016897937437523479
0.013410000000000002,0.0020961844142124483,0.0037580343607582123
0.013420000000000001,0.00342569459989798,0.002927012879018931
0.013430000000000001,0.0036946120408002077,-0.0007760354660329696
0.01344,0.0042701523055200365,0.003520453987625899
0.013450000000000002,0.0007237065379441933,0.0018077628751903638
0.013460000000000001,0.0026789558348594145,0.002027337480630596
0.013470000000000001,0.003425787724013269,0.005159471644179117
0.01348,0.0049220983930045575,-0.00032729347084424097
0.01349,0.004003201831351508,0.004955418195241654
0.013500000000000002,0.003533175571772258,0.004479918851576356
0.013510000000000001,0.006784595868299366,0.0043457833435637475
0.01352,0.003259168381809917,0.004388947255006457
0.01353,0.0030508228377481004,0.0023469822544654293
0.013540000000000002,0.0020587144488280326,0.005426408552418882
0.013550000000000001,0.0011251811050195775,0.005364722756999379
0.013560000000000001,0.0037622619692523843,-0.0004982197628145947
0.01357,0.0034983273611151,-0.001899255342882246
0.013580000000000002,0.00401453963091957,0.004071665530743758
0.013590000000000001,0.001579306277114832,0.0025487026559618438
0.013600000000000001,0.006672827416388225,0.00129051836197849
0.01361,0.0006471915048210123,0.00526574288927226
0.013620000000000002,0.006690674959890292,0.0023102115495062915
0.013630000000000001,0.004788920319657416,0.00498617596618013
0.013640000000000001,0.0012815192241625376,0.0013330162017596275
0.01365,0.005228729926602576,0.005674059975583182
0.01366,0.00389323560261892,0.0005448060653508204
0.013670000000000002,0.006742088858837118,0.0012428961396614858
0.013680000000000001,0.0020981835977214,0.0029899165761602077
0.01369,0.005877272297844606,0.004013595641368961
0.0137,0.0035991745254804666,0.0032326233389948006
0.013710000000000002,0.002856964702641667,0.003422727707922321
0.013720000000000001,-0.002288693176914099,0.0017136359707267926
0.013730000000000001,0.003253562234214222,5.224741684126729e-06
0.01374,0.0035440561589605325,0.0018987122973042252
0.013750000000000002,0.006282851852239478,0.0054540958305765875
0.013760000000000001,0.0018407800232208482,0.0020067824086210714
0.013770000000000001,0.002624986509929434,0.0014055401419996853
0.01378,0.0031634218629941874,0.0007926960302844011
0.013790000000000002,0.0005126312532190915,0.003555083500995854
0.013800000000000002,0.004033410894319821,0.0007014302306246551
0.013810000000000001,0.004565552165070177,0.0010473068001949969
0.01382,0.0032816611324368436,0.003951550604381
0.01383,0.0027085946551764196,0.0032207445363355088
0.013840000000000002,0.0017434494006981877,0.0019187294905778456
0.013850000000000001,0.0023650785065276528,0.0008189057224345397
0.01386,0.0024237374980558145,-0.000784774611215182
0.01387,0.0017954665624443163,0.001743110383902327
0.013880000000000002,0.002265902560878608,0.0018302656763768885
0.013890000000000001,0.00265522145224678,0.00327254261532974
0.013900000000000001,0.004528271563543244,0.0010145279502772133
0.01391,0.0003733230452807675,0.00023036821829483956
0.013920000000000002,0.0018058060321754998,0.001611012860160294
0.013930000000000001,0.0012407066386574607,-0.00027697956527581976
0.013940000000000001,0.001868943790826569,0.0026785050855139964
0.01395,0.003971730830658561,0.0012012036359755778
0.013960000000000002,0.0019561624866568763,0.00046305083646011884
0.013970000000000002,0.002719765801147786,0.0006199877130038751
0.013980000000000001,0.003929385558583617,-0.0012544906597722004
0.01399,0.002064356156903003,0.002919854160880908
0.014,0.0031517698839145757,0.007704103784761454
0.014010000000000002,0.003484186029873594,0.00031032405353148594
0.014020000000000001,0.0025941423962856135,-0.0012336628129803449
0.01403,0.0026243560821047336,0.0006531141632197201
0.01404,0.00461682060281189,0.0012205419680397195
0.014050000000000002,0.0025529924721030507,0.0010489028913812793
0.014060000000000001,0.006264711040660258,0.0016779289160718035
0.014070000000000001,0.006452606238679088,0.003949113664028071
0.01408,0.003752109202914102,0.003058671943484615
0.014090000000000002,0.003576053723202112,-0.0015337441830020962
0.014100000000000001,0.0022311754992456446,0.004012312062885842
0.014110000000000001,0.0026916308638749607,-0.0004879886100667037
0.01412,0.00268509905568947,0.0057309968974761285
0.014130000000000002,0.005284173896926626,0.0021991724462651465
0.014140000000000002,0.004693771312223563,0.0015905608431060808
0.014150000000000001,-0.0006163883398129749,0.0004750371454461408
0.01416,0.005917614230317812,0.001776377015132615
0.01417,0.002305550377984794,0.0017250806627547989
0.014180000000000002,0.006601072943530862,0.005577068582173477
0.014190000000000001,0.007230841443391453,0.0020074538466292205
0.0142,0.003385010950803311,-0.0007073474953937344
0.01421,0.00574811160730606,-9.228342827936192e-06
0.014220000000000002,0.003228274449544038,0.00013211868114654333
0.014230000000000001,0.0016174700209215316,0.0006525916716636324
0.014240000000000001,0.0015799332910998785,0.0012492637456643157
0.01425,0.0016996261465675416,0.003994569414772144
0.014260000000000002,0.0005869178604131489,0.002769376705739761
0.014270000000000001,0.005233041247664409,0.0013022932046378416
0.014280000000000001,0.0013617644447076753,0.0018680285869093626
0.01429,0.005157531712947826,0.0027176848246345956
0.014300000000000002,0.0017361315641477046,0.0032976144126145705
0.014310000000000002,0.0005944544981781362,0.0036929715008870516
0.014320000000000001,0.0036167318453323794,0.0017150267299372137
0.01433,0.001122823852939801,0.0005576728425118139
0.01434,0.003870108130496422,0.004789386529768929
0.014350000000000002,0.0015263357600192164,0.0032485895926522416
0.014360000000000001,-0.00137262519831673,0.0011629712082374477
0.01437,0.0027397883467307205,0.000513230143032229
0.01438,0.000929370625488671,0.0009974279951406708
0.014390000000000002,0.0033872457835614636,0.001958719026183418
0.014400000000000001,-0.001673125398419972,-0.0019076334633247299
0.014410000000000001,0.00159008324355175,0.0032495296172292453
0.01442,-0.0026907197651992996,0.0013350855204187718
0.014430000000000002,0.0017522703183839952,0.005111610681357282
0.014440000000000001,0.0020351983095766284,0.0031013021714540257
0.014450000000000001,0.0030882319054094964,-0.0019254198556023921
0.01446,0.004342607541611396,0.0027668948421667714
0.014470000000000002,0.0038232056619236293,0.010188965796765335
0.014480000000000002,-0.0013610824308513893,0.005786272061643295
0.014490000000000001,0.0022327232664924594,0.0029119247749386824
0.0145,0.0027170684636449445,0.0014891823293242943
0.01451,0.0016689015387614772,0.0029970603234228555
0.014520000000000002,-0.0002253057648454555,0.0038395888698378343
0.014530000000000001,0.0019771268444832807,7.867936578400455e-05
0.01454,0.001909963756744262,0.004853503813404841
0.01455,0.0017397929101406024,0.003056499778849743
0.014560000000000002,0.0013490239373627646,0.003855823232155325
0.014570000000000001,0.00418242516440634,0.006037584016095884
0.014580000000000001,0.0024607547874989366,0.003678062603721525
0.01459,0.0030084905431131763,0.004932883030332022
0.014600000000000002,0.0013751632684491043,0.003831536392648099
0.014610000000000001,0.002423905825384322,0.002213535541040644
0.014620000000000001,0.0029972775550114903,0.002846778644740634
0.01463,0.002581786463139531,0.0027721100033121565
0.014640000000000002,0.005970952422773482,0.004313968621927876
0.014650000000000002,0.004553497046130466,0.0014323756412065432
0.014660000000000001,0.0010371775536140236,0.004254441081304824
0.01467,0.004568223939734859,0.005289566417111858
0.01468,0.0016086400432357851,0.0018855126850623517
0.014690000000000002,-0.00046189629325988106,0.0015600525434137408
0.014700000000000001,0.004810683585907402,0.0014123885865972101
0.01471,0.004098972484671084,0.001964757552527855
0.01472,0.0034665970770191403,5.076523449952042e-05
0.014730000000000002,0.0029893718431579256,-0.003635739847740273
0.014740000000000001,0.0024456303481092717,-0.000914030482930729
0.014750000000000001,0.005231881215520115,0.0039021144511598143
0.01476,0.003753703462022743,0.00538969577195814
0.014770000000000002,0.0009229975699962193,0.0058427931165406025
0.014780000000000001,0.004685682651833174,0.0018753393805870753
0.014790000000000001,0.005093008527675609,0.0001362459959461
0.0148,0.0011732084188017292,0.0011320364716465169
0.014810000000000002,0.0017647496330453025,0.00023648336175702885
0.014820000000000002,0.00526933928966763,0.001832272407667162
0.014830000000000001,0.003528650997699895,0.0012096608688687248
0.01484,-0.0008170978351784864,0.002890860544110147
0.01485,-0.0009999336803479578,0.0022138597933112156
0.014860000000000002,8.841349725666799e-05,0.0063260617748036214
0.014870000000000001,0.004648236123776716,0.00256339908263088
0.01488,0.005353390939532157,0.0006596411019691775
0.01489,0.0039134030468650285,0.0027522753143980694
0.014900000000000002,0.0033549509582162245,0.004897742670661577
0.014910000000000001,0.00429236130806973,0.002930864053192726
0.014920000000000001,-0.0004819316618332086,0.00043370502786516346
0.01493,0.0025828912529116655,0.002540923091824807
0.014940000000000002,0.0005683673818155602,0.007177912253420687
0.014950000000000001,0.005862028454525145,0.0035591759363647058
0.014960000000000001,0.002973779381447747,0.001930901583595202
0.01497,0.0009263338559187247,0.0025106606229328915
0.014980000000000002,0.00334614077576497,-0.00012744166771280416
0.014990000000000002,0.003499453252131167,0.002045941117991263
0.015000000000000001,-0.0009840501730939365,0.0006360687616842337
0.01501,0.0020048182039061847,0.006132593500915082
0.01502,0.0039455996511859985,-0.00031336571340810334
0.015030000000000002,0.0038050299158140215,-0.0007366314787863272
0.015040000000000001,0.004998803183314936,0.0014161061056710516
0.015050000000000001,0.0026466122405364337,0.005010327450700915
0.01506,0.0002600208274420217,-0.00043512363203105546
0.015070000000000002,0.001667612462845483,0.00443624885925567
0.015080000000000001,-0.0002034180799488825,-0.0033044417833635155
0.015090000000000001,0.0019334191144032178,0.003463729105112989
0.0151,0.0052367228958728074,0.0014343027105209914
0.015110000000000002,0.002013808552502664,0.004668804669744921
0.015120000000000001,-0.000902359456943344,0.0015843392547236351
0.015130000000000001,0.0032184337035911243,0.003260195689003839
0.01514,0.0018184343244404665,0.002431017548850472
0.015150000000000002,-0.0021381454029281285,0.0010460158176097375
0.015160000000000002,0.0037459881282831406,0.00039830152861278266
0.015170000000000001,0.002957400352036488,0.003257011391750455
0.01518,0.002154794519437238,0.002704570563511191
0.01519,0.0009148886096967176,0.0019507969320205942
0.015200000000000002,0.004061246705580233,0.002678341721937132
0.015210000000000001,0.0016682122606370658,0.0028132047560333706
0.015220000000000001,0.004270954621832916,-0.001734734623216985
0.01523,0.005160343218901769,0.0016930142822671175
0.015240000000000002,0.0036936348117398913,0.004760393271986267
0.015250000000000001,9.976721511039928e-05,0.0009473929244523994
0.015260000000000001,0.0022664766903772076,0.0007991432313850428
0.01527,0.006313906514807513,0.0006534812701907554
0.015280000000000002,0.0017333988938157056,0.0027761785453138017
0.015290000000000002,0.0004406522991450062,0.0015764139230806443
0.015300000000000001,0.003480316581359087,0.001702429242703762
0.01531,0.002659094857875471,0.0013098603720061376
0.015320000000000002,-0.00018261371641351606,0.0030120854057418497
0.015330000000000002,0.00635665118117178,0.0024060764716847785
0.015340000000000001,0.0032977712181585825,0.00375509278846755
0.01535,0.000309039746413128,0.005775050503837457
0.015360000000000002,0.00325281589845165,0.005634108736496176
0.015370000000000002,0.001382549691113357,0.006006892375735154
0.015380000000000001,0.004399383857440926,0.0034772221363538634
0.015390000000000001,0.0033175787761410536,0.0018744580044239751
0.0154,0.005251049993497585,0.002652608098252498
0.015410000000000002,-0.0010836961102597092,0.00013788839535117505
0.015420000000000001,0.002479208224341191,0.002992632087695485
0.015430000000000001,0.0027381789943836596,0.004810948346106217
0.01544,-0.0010503917005953425,0.00266055512740368
0.015450000000000002,-0.0007836905559555616,0.003893176176120479
0.015460000000000002,0.0026638061455063404,0.003213343703007567
0.015470000000000001,0.0011254131452132189,0.004933425639294253
0.01548,0.004937083699139399,0.003541956242397732
0.015490000000000002,0.002595054994745711,0.0035349539108985024
0.015500000000000002,0.0014407592829658348,0.004086722205986042
0.015510000000000001,0.006153960951268135,0.004517203399404222
0.01552,0.0013962487800915115,0.003099188149520632
0.015530000000000002,0.000269625002875491,0.003521505217043923
0.015540000000000002,0.0037575691005985643,-0.001362537160302082
0.015550000000000001,0.0005332485855172125,0.0018111884938576141
0.015560000000000001,0.002255550591709691,-4.1116970234898395e-05
0.01557,0.0036356811717189463,0.0028811545765771323
0.015580000000000002,0.0024696388906471746,0.0008669946614695203
0.015590000000000001,0.004956044663785632,0.005689762036210364
0.015600000000000001,0.0018919605145583246,0.001154983969289437
0.01561,0.003841951699516519,0.0016636288831483144
0.015620000000000002,0.0025811946691407443,0.003859363630772608
0.01563,-0.0009582705872481158,0.00501703150750696
0.01564,0.003006254969439687,0.0015578099451123448
0.01565,0.0026828777612583126,0.002306024166828646
0.01566,-0.0006006045721726723,0.005371410980519635
0.01567,0.002944901080559926,0.0032679077017666986
0.015680000000000003,0.004765800954943304,0.00033994728760168265
0.015690000000000003,0.003810096626306393,0.0018473586295246463
0.015700000000000002,0.004557145609962694,-0.0018714455738733835
0.015710000000000002,0.0026658665073825537,0.0011777362578340388
0.01572,0.003729031874698659,0.003323834093933001
0.01573,0.0014497048667693768,0.0009597659880184737
0.01574,0.0026440764198873284,0.0005911971064502309
0.01575,0.004549824866287627,0.0016464348525885065
0.01576,-0.002947668826898647,0.0016355726804914944
0.015770000000000003,0.000789669924584581,-0.0008769674489300821
0.015780000000000002,0.0003923540627083456,0.0026047683620752347
0.015790000000000002,0.005524938587070144,0.003012687450873061
0.0158,0.0016550995642874728,0.003298493826689923
0.01581,0.0019503749493368719,0.0009978514798542944
0.01582,0.0005602792814606806,-0.0011162387647093482
0.01583,0.0020896060722404046,0.002703892308183843
0.01584,0.002676654832227679,0.0015562178010886305
0.015850000000000003,0.0009788585574119475,0.003605010218237381
0.015860000000000003,0.00023653516529435498,0.00394093968983662
0.015870000000000002,0.0008668131137338372,0.0008843792642775109
0.015880000000000002,-6.18752630430707e-05,0.001386811171751216
0.01589,0.00482276782212967,0.0034212372188073747
0.0159,0.004829434736782548,0.003434631560195191
0.01591,0.0006656982839684539,0.0017291332962435261
0.01592,0.0013130869320292552,0.005052226679863842
0.01593,0.00048035496776085117,0.0041788372279189965
0.015940000000000003,0.0046602868924763554,0.006051047080547704
0.015950000000000002,0.0020554526801226693,0.0038168156750219596
0.015960000000000002,0.007438576073240868,0.0011572525316630668
0.01597,-0.00019436173828046984,-0.001367119801542397
0.01598,0.004301588993148122,-0.0013730359178766344
0.01599,0.0021319728303912716,0.0032682549556612393
0.016,0.003247407833149072,0.0032448822448202363
0.01601,0.003322082116873283,0.004952087929623212
0.016020000000000003,0.0009733151123159671,0.0010407296644497877
0.016030000000000003,0.001333074274692722,0.004055467055438083
0.016040000000000002,0.004679635456563012,0.0032978974128209356
0.016050000000000002,0.005246270551367565,3.972823417648088e-05
0.01606,0.006214176201959435,0.0054426502595223344
0.01607,0.004351416558250774,0.005960133733380515
0.01608,-0.0004326294428837244,0.0013480023957741852
0.01609,0.0014104542838083629,0.003840219921144068
0.0161,0.0007812237828335204,0.00391261403065109
0.016110000000000003,0.0056230214312388005,0.003788391843655514
0.016120000000000002,0.003449894896294596,0.00042260152650965216
0.016130000000000002,0.0011891344471421075,0.004897948037187708
0.01614,0.004441977742495853,0.0023210330597292135
0.01615,0.0020479038234926744,-0.0016521819220949342
0.01616,0.0007424610832172957,0.006222633577951027
0.01617,0.00032369760954066573,0.0027791164797041695
0.01618,0.004899939354468114,-0.00010932721095928757
0.016190000000000003,0.0032549148399194008,0.004276710342188723
0.016200000000000003,0.0029109348423730884,0.008138046375107627
0.016210000000000002,-0.0004508201849004528,0.004519058174778592
0.016220000000000002,0.0025412168186302476,0.0039458021306962784
0.01623,0.0037698763838324126,0.0009360099877354278
0.01624,0.003345696478980199,-0.0013131201048434357
0.01625,0.004094640135621832,0.00299936000114173
0.01626,0.00416590673914551,0.004519639845896714
0.01627,0.003624267176794258,0.0026999420173790425
0.016280000000000003,0.0011273317448753214,0.0009796814881867287
0.016290000000000002,0.005263378407855174,0.005277153520385089
0.016300000000000002,0.0024141288718302796,0.002496847752897415
0.01631,0.001081561399243463,0.004750715354416174
0.01632,0.004222064029385089,0.0062879957985149115
0.01633,0.0011350242885774509,0.001649904245615621
0.01634,0.0033550021772589963,0.003699258093669334
0.01635,0.002461214774889437,0.0006607156685195842
0.016360000000000003,0.004655804654284756,0.003849267262512934
0.016370000000000003,0.0010608807706090108,0.00511824068455506
0.016380000000000002,0.005234265594444058,0.0026763064788311607
0.016390000000000002,0.003053502934302203,0.0035161872857695817
0.0164,0.001171339931890866,0.002468492818420069
0.01641,-0.0014095823244389314,0.0041616991251448975
0.01642,-0.00022736315803688519,0.005415985322677952
0.01643,0.0022358214508409937,0.001986169391412936
0.01644,0.0016410320085596408,0.0018337831548012658
0.016450000000000003,0.005734000523174961,-0.002565399004999649
0.016460000000000002,0.005451306447568499,0.0030866225338939315
0.016470000000000002,0.00048377005272119125,0.00026030790754669403
0.01648,0.006251036906592798,0.0005202759141885304
0.01649,0.0005919871655892589,0.004686275597845749
0.0165,0.003576231104988303,0.0005361520578383531
0.01651,0.003332812300057753,0.0003608544003168967
0.01652,0.005101641974288492,0.004535458113060119
0.016530000000000003,0.0039644482348103844,0.003136394580692834
0.016540000000000003,0.006423248578318382,0.0024128012471669852
0.016550000000000002,0.0005375604010183031,0.0033127324116916886
0.016560000000000002,0.007073838906234503,0.00038462145287452816
0.01657,0.0021792552612614822,0.0032473882283885116
0.01658,0.0027948069164804175,0.0004502445642279541
0.01659,0.00514676797931275,0.007055288601808861
0.0166,0.003295750669940958,0.000607425871225846
0.01661,-0.00019399798032734622,0.002931869566332217
0.016620000000000003,0.0051121129073071585,0.0033666081104776783
0.016630000000000002,0.002899985522903756,0.0012380841880467515
0.016640000000000002,0.0007209007567068378,0.004086484879091096
0.01665,0.0047332059158131795,-0.0006741227513107273
0.01666,0.006085775113962261,0.0035658337204373027
0.01667,0.005705720766273468,-0.000266209900657708
0.01668,0.00017531731751605417,0.00212046115566111
0.01669,0.003912968468648147,0.006011475461287867
0.016700000000000003,0.004319991263306094,0.0019337451635380479
0.016710000000000003,0.0008555286756305857,0.004879462625953212
0.016720000000000002,0.0009792897293769236,0.005676752215171451
0.016730000000000002,0.0023403646063714944,0.005601332737867774
0.01674,0.004267429645359893,0.002146530962779861
0.01675,0.0018712073163568142,0.0017390593981666232
0.01676,0.003767066274798183,0.002575541218783183
0.01677,0.0017232427393796066,0.0020903183416298714
0.01678,0.003068452116014809,-0.0018355342280854288
0.016790000000000003,0.003828066622962857,0.00046284417248436665
0.016800000000000002,0.0006054977596914118,-0.0009520495483020782
0.016810000000000002,-0.0006751904208481528,-0.0002879034733436485
0.01682,0.00149498450463721,0.006329862057988329
0.01683,0.0018616987495024954,0.0027791961087504386
0.01684,0.0037148523922424944,0.002686178245282228
0.01685,0.0027594340524148414,3.381218577701338e-05
0.01686,0.005816607261919898,0.006039144703996713
0.016870000000000003,-0.00045013419437424027,0.0003770458024455396
0.016880000000000003,0.0023559933747989113,0.0004963788257784411
0.016890000000000002,0.003927975869475464,0.0009692613061803444
0.016900000000000002,0.007246587438673416,0.004807254059220588
0.01691,0.003342053742463197,0.004480480420988421
0.01692,0.005129136745850199,0.0012989638064542306
0.01693,0.001285331461942664,0.002583495661268236
0.01694,0.004641468092023402,0.0027056809500605327
0.01695,-0.00023536739108817812,0.0008222617470731756
0.016960000000000003,0.0027711094147919845,0.0022769297734704483
0.016970000000000002,0.0068645689028229125,-0.00034336469047306986
0.016980000000000002,0.003931092278908007,0.005407187488369181
0.01699,0.0074632423709597604,0.001620516368046309
0.017,0.003903630709471741,0.0035691817369560112
0.01701,0.003312164030248438,0.0022323202937961544
0.01702,0.003793579948599657,-0.002634131934748475
0.01703,0.004286196591683351,0.0026830654482593616
0.017040000000000003,0.002477536099614285,0.006524783303575608
0.017050000000000003,0.0015730459770098054,0.00162525607129197
0.017060000000000002,0.006906448580380772,0.000767634443220079
0.017070000000000002,0.001823539211591623,0.0021380550758956316
0.01708,0.0046056663834826775,0.002848059673768643
0.01709,0.0003393742070956639,0.001368466135706645
0.0171,0.0017103433577221301,0.0022787096411352506
0.01711,0.003777166704874126,0.0032699115798257112
0.01712,-0.0006261171161413004,0.004561730246614621
0.017130000000000003,0.003431470929314254,0.005203260437224999
0.017140000000000002,0.00381515657844344,0.004637190195280357
0.017150000000000002,0.003860277074629923,0.005127343597339388
0.01716,0.003972114093109953,0.0022394092646524136
0.01717,0.007472908472940489,0.004213661542307275
0.01718,0.004075953926805709,-0.00011667412738948892
0.01719,0.00035227574454779363,0.0030217129457663023
0.0172,0.003220359111766947,0.0012083839952422065
0.017210000000000003,0.00321170769443735,0.005614229993228031
0.017220000000000003,0.004320972665673096,0.0001553059977478597
0.017230000000000002,0.0027075753261715002,0.0008277368040157647
0.017240000000000002,0.0021556182541996706,0.0016107850514085744
0.01725,0.001976151871191378,-7.19078757283444e-05
0.01726,0.002676558465717252,0.0013174939488020255
0.01727,-0.0029266049157767784,0.0065449994946296065
0.01728,0.00511025625140313,0.0016868000878809955
0.01729,0.0029707793646087106,9.643880429909858e-05
0.017300000000000003,0.006325011186470256,0.006234670718905481
0.017310000000000002,0.003247376896773233,0.004487500317499872
0.017320000000000002,0.003284986851437485,-0.00023266627938495254
0.01733,0.0021111902529365014,0.0027049859707390777
0.01734,0.002026165094822547,0.002004168790866422
0.01735,0.0027528848030347643,0.0022800635283823454
0.01736,0.003040624129235742,0.00032095543965447075
0.01737,0.0015024979247629771,-0.00012665804053822293
0.017380000000000003,0.004892584241905472,-0.0017684386042034245
0.017390000000000003,0.005244556593562932,0.005215898732941537
0.017400000000000002,0.0023334373423870647,-0.002762729707855534
0.017410000000000002,0.0022155998470133826,0.0023155205451705165
0.01742,0.0009174468310032247,0.0014137963507677561
0.01743,0.005999455813963063,0.0037744316044317425
0.01744,0.0010903591784622683,-0.000750277046989893
0.01745,0.0022858746087321986,0.002018351616922082
0.01746,0.003932729301306967,0.0013749755050793087
0.017470000000000003,0.003963751605971915,0.0063162606362166685
0.017480000000000002,0.004572175874987575,0.0023501190387262166
0.017490000000000002,0.0025752941091698425,0.00173329315384942
0.0175,0.005303297943827944,0.001192355770777511
0.01751,0.003032882451183789,0.002549721578682326
0.01752,0.001939289408576775,-0.00029726233671956885
0.01753,0.003589227409349725,0.002326003671473965
0.01754,0.003944179795943097,0.0013811537305691275
0.017550000000000003,0.005385761756834915,0.0006951493815319659
0.017560000000000003,0.006368619876708828,-0.0010462336028285463
0.017570000000000002,0.003814499434718274,0.003400243127236161
0.017580000000000002,0.0013542650142630561,0.00329851185586081
0.01759,0.0055048361819557984,-0.001983571607894395
0.0176,0.003951707997599347,-0.00253613360633442
0.01761,0.0010153081637861569,0.005709082600594481
0.01762,0.0017834929404367732,0.00010333165151398807
0.01763,0.0025516006339539117,0.006587245839388327
0.017640000000000003,-0.0007154694693318675,0.0003491547958190608
0.017650000000000002,0.005943177173191087,0.006167520635634101
0.017660000000000002,0.0027418699887376803,-2.5648253492452366e-05
0.01767,0.007140837920297564,0.005641683011719515
0.01768,0.004307463220578913,0.0008283344807812746
0.01769,0.0028519287409071933,0.002132759840892597
0.0177,0.003612108058636078,0.005355823577578501
0.01771,0.004709657407933235,0.00029940911980341723
0.017720000000000003,0.005704233951521676,0.003080766000495825
0.017730000000000003,0.004325790218733885,0.0053879237600785515
0.017740000000000002,0.0007289155533700977,0.002383531079631107
0.017750000000000002,0.001889584225045829,-0.0006801965435778946
0.01776,0.0036463304084650857,0.0074789753551324206
0.01777,-0.0007268280600035253,0.0023916408494918666
0.01778,0.004234830125309631,0.0027026981694620255
0.01779,0.0027279048268174966,-0.00014155139113673039
0.0178,0.0034201509450922144,0.0009436928264893311
0.017810000000000003,-0.0014248495725712636,0.00484674454159037
0.017820000000000003,0.004872181706191763,0.0025612212496965354
0.017830000000000002,0.003413975523125433,0.004606874392360827
0.01784,0.0034049213916974973,0.00426661242300548
0.01785,0.0023616934591781376,0.005082883612915501
0.01786,0.003598644947068962,0.002847358721109352
0.01787,0.0004173668036863945,0.0030335051165897237
0.01788,0.0012939944837931886,0.0011833664050900307
0.017890000000000003,0.0013275682517217174,0.0003278003206944346
0.017900000000000003,0.007208277355995262,0.00512328651111369
0.017910000000000002,0.006799884448027834,1.5156427080708149e-05
0.017920000000000002,0.003102071689644549,-0.0001257308286377939
0.01793,0.0015685890339522655,0.0006253682871519186
0.01794,0.005439561252327828,0.0016695006067446634
0.01795,0.005097566210640043,0.0036705393279489545
0.01796,0.00756849920411201,-0.0004962534347111567
0.01797,0.005480102189103499,0.004755854092250615
0.017980000000000003,0.0010152918962140864,0.004477576241472539
0.017990000000000003,0.0036347532143032064,0.002008694143004195
0.018000000000000002,0.0013150058836670399,0.0010257647318165422
0.01801,0.007062914472054051,0.0024656861219641167
0.01802,0.00452796356006013,0.0008828584476896803
0.01803,0.0014044107948455898,0.004628963434252609
0.01804,0.0002653772483867103,0.0016349027625331735
0.01805,0.0030329973318768137,0.0026884118625884576
0.018060000000000003,0.00260716863211651,0.0032576424597489145
0.018070000000000003,0.004351479260506861,0.003935614105318803
0.018080000000000002,0.0009945725326957955,0.0018983648136901014
0.018090000000000002,0.005356118129515001,0.004256305258257441
0.0181,0.00022128561322962538,0.003170306435900358
0.01811,-0.000989034017294992,0.002561552070036864
0.01812,0.0067633623351728185,0.0005722323408417366
0.01813,0.0012995938860182238,0.003996412726841772
0.01814,-0.00011695152287235014,0.0012031783712042686
0.018150000000000003,0.00416194516861159,0.0012004518819448222
0.018160000000000003,0.002497534160413247,0.0039577300234828515
0.018170000000000002,0.003812977398911572,0.0030033303002613408
0.01818,0.0022920516260477937,0.0032101505224233808
0.01819,0.0027232416330137668,0.003385974175457575
0.0182,0.0019772536076083608,0.0021055595501813327
0.01821,0.0009916125935064161,0.0024010167019843454
0.01822,0.001349936828383248,0.00024327332455919117
0.018230000000000003,0.003489671084775672,0.002897179959422635
0.018240000000000003,0.004538506348908378,0.0016097833314266902
0.018250000000000002,0.0037892745192821967,0.00357396355814674
0.018260000000000002,0.0038631262446489952,0.0008213948712779667
0.01827,0.0032727152538133478,0.003201316532641936
0.01828,0.0029887547404082566,-0.0016995857920846097
0.01829,0.0032957864290249876,0.006898765068158487
0.0183,0.0022551378753418055,0.001017882139048059
0.01831,0.0037223226214760574,0.0030991259818814124
0.018320000000000003,0.005361504779630805,-4.103364377860876e-05
0.018330000000000003,0.0044392037583672024,0.0036558797786406367
0.018340000000000002,0.0026925588415570153,0.003152743161193442
0.01835,0.005036175398784306,0.004220332035839141
0.01836,0.0006916301896449832,0.004116350281051082
0.01837,0.0028486998401142075,0.002622114616760433
0.01838,0.0031248791268778083,0.0021762128378591617
0.01839,0.005362308092218335,0.0023095951721259517
0.018400000000000003,0.0007402086529283277,0.0016903035380013086
0.018410000000000003,0.00333709801369264,0.004936124858504086
0.018420000000000002,0.004186305479158656,0.00077695665434293
0.018430000000000002,0.007950903330745888,0.0030079096377826652
0.01844,0.005531712220576431,0.0021752618348292864
0.01845,0.004048056340367966,0.0041579592794494915
0.01846,0.005418134240157633,0.004594090331974374
0.01847,0.0047265456419253605,0.0018495115921155086
0.01848,0.0018390662425604664,0.0031452312910226
0.018490000000000003,0.004849221015535312,0.002034905967380116
0.018500000000000003,0.005113715206474252,0.005385911841257286
0.018510000000000002,0.0011511357010268227,0.0008071678069401197
0.018520000000000002,0.0027034335455510304,0.003096565298158517
0.01853,0.0019354556201993094,0.005186075949864944
0.01854,0.0038331292154493287,0.002560895202169005
0.01855,0.00011358214978516093,-0.00014930013030116937
0.01856,0.0035478252637496897,-0.0017825294694770936
0.018570000000000003,0.005011487008815281,0.0021666842578819123
0.018580000000000003,0.009472803415857822,0.00709915449527067
0.018590000000000002,0.002624124486237486,0.002270977920108177
0.018600000000000002,0.004978590661846305,0.005890326959962102
0.01861,-0.0002882256107520466,-0.0010884394917030048
0.01862,0.001744167624579261,0.0036501161882616746
0.01863,0.003982389009683663,0.0046245133989184384
0.01864,0.0005896512264526518,-0.0021469878857191737
0.01865,0.004705478989958491,0.0008292365298886986
0.018660000000000003,-0.0010471209514744026,0.002776085687772822
0.018670000000000003,0.004576610193588088,0.0022421729361821138
0.018680000000000002,0.002074965946654078,0.0021678916253404616
0.018690000000000002,0.0022499009582273868,-0.00020914936030231885
0.0187,0.0015621087553205025,0.0035298333323905196
0.01871,0.0036352306807100766,0.0028237216780214016
0.01872,0.0010019799854099369,0.002124924170582014
0.01873,-0.0013614499299850358,0.0028452121365310184
0.018740000000000003,0.005850798655056428,-0.00045967725617533303
0.018750000000000003,0.0018216308321871617,0.0031471286498198346
0.018760000000000002,0.005499574250055734,0.0015927938297322043
0.018770000000000002,0.0016097909881515743,-0.00144827536702447
0.01878,0.0032015704340063126,0.006574050739212541
0.01879,0.0035498134913697814,0.0024456683274169076
0.0188,0.003639663444487629,0.002468369790587963
0.01881,0.0013698721975286628,0.00413744102848245
0.01882,0.0034478259710687075,0.002526434985676622
0.018830000000000003,0.0010459727169048018,0.005098551516500706
0.018840000000000003,0.004326511972682103,0.0013860210349571588
0.018850000000000002,0.005001157763991309,0.001497047976319568
0.018860000000000002,0.0014339025103922093,0.0009731102479640845
0.01887,-0.0005438263076815823,0.0034359279601308833
0.01888,-0.0006635777906903086,3.628213976644007e-05
0.01889,-0.0011520630201495591,0.002321356906451764
0.0189,0.0026988729741318903,0.0018404302422267756
0.018910000000000003,0.0009147592667671477,0.00014968142522068942
0.018920000000000003,0.003929055009516022,0.0013933712191979823
0.018930000000000002,0.003633432416808857,0.000724303748011901
0.018940000000000002,0.003363241615708594,0.005101683119760007
0.01895,0.004173847952614919,0.0016706252208822069
0.01896,0.003516314379553925,0.0020144482078592665
0.01897,0.003018076760710618,0.0018448820397417944
0.01898,0.0026740457976122613,0.002920616324918061
0.01899,0.0010163984939800764,0.0004649973272295477
0.019000000000000003,0.0002264303350576458,-0.0007034619775522833
0.019010000000000003,0.0005693494737863043,0.002816330383211687
0.019020000000000002,0.001218739108797585,0.003524959324213264
0.019030000000000002,0.003074140785003098,-0.0014389531168814808
0.01904,0.004315063469935983,0.004119977403613946
0.01905,0.0010177858322108608,0.0033390878889450514
0.01906,0.0012929134539586336,0.002694370135761095
0.01907,0.00047731172838707875,-0.001086859055214519
0.019080000000000003,0.0022410726433294234,0.0022522203134719403
0.019090000000000003,0.0022117459824375807,0.00013194133441602092
0.019100000000000002,0.0022077054594835683,0.003038916089630338
0.019110000000000002,0.0029181156046618447,0.002865652668138755
0.01912,0.0016680692123557928,0.004844410347803231
0.01913,0.0006563507558223912,0.003476418913029325
0.01914,0.005372877297943859,0.0034634381939881893
0.01915,0.00260444420852433,0.0014453514940434965
0.01916,0.00508206538302826,-0.0003436807949354025
0.019170000000000003,0.0010700388462233994,0.00170747688225718
0.019180000000000003,0.005485992035932129,0.0032624509325039144
0.019190000000000002,0.0010749900258047716,0.00188262338645714
0.019200000000000002,0.001782832144654508,0.0010839838392824061
0.01921,0.0049696543082000675,-0.0002396015184430514
0.01922,0.006229833529124969,0.004160666926693769
0.01923,0.005194391653876201,0.0015786512185146499
0.01924,0.0027131832380784602,-0.00036145080014966064
0.019250000000000003,0.0019641360943385075,0.003492485000708364
0.019260000000000003,0.005605983133050023,0.0002911840386207831
0.019270000000000002,0.0022832411054234704,0.0022032214889390906
0.019280000000000002,0.00022307041391927919,0.003688840560567582
0.01929,0.0015670638628444286,0.0021156834129048264
0.0193,0.0021115413597579615,0.0009281090326821906
0.01931,0.0030017455792107285,0.0020758887065957326
0.01932,0.002272515101653906,0.0010505063308217794
0.01933,0.003655675393376906,0.005814985712550926
0.019340000000000003,0.0032967955727602988,0.004500309097798338
0.019350000000000003,0.00023697218182824453,0.002823916930091686
0.019360000000000002,0.0008230741891388778,-0.00044513452882086494
0.019370000000000002,0.0015394626771119864,0.004892835161111862
0.01938,0.00491863168443195,0.002995366993830418
0.01939,-4.640668740085252e-05,0.00211711719586979
0.0194,0.0036227887258026333,0.002861071798305941
0.01941,-0.0006678043128984651,0.0007296843752828937
0.019420000000000003,0.00289202134238293,0.0035832225142933705
0.019430000000000003,-0.0013716848842391049,0.0021867132600896177
0.019440000000000002,0.0033070620557716776,0.004210505595817505
0.019450000000000002,0.004407073313423519,0.0036767445561751225
0.01946,0.0014218706314707186,-0.001304082163788816
0.01947,0.0022360395017778346,0.004515505844994109
0.01948,0.005809447313184551,0.003933660375601577
0.01949,0.003881613017291962,0.0032721613366075908
0.0195,0.0019110868631460978,0.0022530812140493946
0.019510000000000003,0.0063618562648343115,0.0006284054434757447
0.019520000000000003,0.0062536675227584885,0.0018697846926505797
0.019530000000000002,0.005675366759437405,-0.00029946957802251626
0.019540000000000002,0.0041967034153443696,0.001040939501268053
0.01955,0.0001947529729017755,0.0029518670831188893
0.01956,0.005044623149752176,0.0008252352392766427
0.01957,2.80397396361441e-05,0.0023317475990831528
0.01958,0.0028515929632813813,0.0036123952873640137
0.019590000000000003,0.0049260445962449355,0.0023972444675141253
0.019600000000000003,0.006738253788289305,0.0029648630103254366
0.019610000000000002,0.002334785724483453,-0.000706422612274037
0.019620000000000002,0.0025027111463799493,0.0018442566933564025
0.01963,0.004949031102915585,0.0034423162042188787
0.01964,0.0006700744633597227,0.002862175994562211
0.01965,0.004372266119393817,0.005574048100008153
0.01966,0.0048046026532193725,0.004039996743273975
0.01967,0.0031501575233281215,0.003295245392931317
0.019680000000000003,0.0055293860245737205,-0.0001466155713380525
0.019690000000000003,0.0023318881312541003,0.0009741194618374752
0.019700000000000002,0.0037894634592356632,0.004980018940660458
0.019710000000000002,0.001837598958111118,-0.002260716621202634
0.01972,0.0022074962250541418,0.004347156996604953
0.01973,0.0041075875784380034,0.0033768993415697166
0.01974,0.0024727311002150348,-3.721741848018278e-05
0.01975,0.004063696152734372,0.0008525975366211265
0.019760000000000003,0.007401690655968456,0.003662492570938199
0.019770000000000003,0.0018725901381272405,0.0012990245518860377
0.019780000000000002,0.002848387758445754,0.002043107990036675
0.019790000000000002,0.005268333025685376,0.0028952608560552043
0.0198,0.0015717911743801205,0.00630362646452286
0.01981,0.0031340603675327904,0.004060740919037593
0.01982,0.0018193796167256067,0.0032496091908086337
0.01983,0.003658441415955926,-0.001255604385234796
0.01984,0.007067160331680738,0.005105299279945399
0.019850000000000003,0.0022426080306966636,0.00031978693192288637
0.019860000000000003,0.0037325103180677966,0.0026980377620756902
0.019870000000000002,0.0037491132904055565,0.0029081130018117855
0.019880000000000002,0.0040506455501590505,0.005419885350234625
0.01989,0.004174758035625501,0.00042627859159541023
0.0199,0.0057640652602701055,0.005807134250379084
0.01991,0.009343440829105296,0.00027923248701942254
0.01992,0.0035254790674793405,-0.001637661526588514
0.019930000000000003,0.004146400910999293,0.0014304505060272219
0.019940000000000003,0.006887381621019832,0.0009779362812609947
0.019950000000000002,-0.00033748873526616863,0.0015849537552821056
0.019960000000000002,-0.0009097110161958304,0.004029995057627745
0.01997,-0.0010885145043302955,0.002585026119527706
0.01998,-0.0011135851131103187,0.0018878300533438303
0.01999,0.006329181653208588,0.0032500360473369607
0.02,0.0013158248233465675,0.002466647785512951
0.02001,0.0030792323458233395,0.0034746298509660194
0.020020000000000003,0.0003098683205133932,0.0037148179999090406
0.020030000000000003,-0.0023648118938059525,0.001270228537553644
0.020040000000000002,0.0020678098839062467,0.0037969653817068643
0.020050000000000002,0.0030900053507591004,-0.0002805003935644119
0.02006,0.0010751433476546197,0.0029282996152117068
0.02007,0.002887380746830931,0.0013730051562832865
0.02008,0.0020842335602962976,0.003923903046864488
0.02009,0.0020109015799314456,0.002355698139116121
0.020100000000000003,0.007386545365870439,-0.0003151711742441221
0.020110000000000003,-0.0006566279316102953,0.0040996867992752605
0.020120000000000002,0.0016901566286708718,0.0018963456822356545
0.020130000000000002,0.0014855150927073645,0.0020135336222007944
0.02014,0.006245289048963192,0.004137703885042504
0.02015,0.004773044702535597,-0.00029869418156972015
0.02016,0.0007466749379369426,-0.0031440845285238862
0.02017,0.0014306053795476764,0.004447791921954897
0.02018,0.0040836445423693265,0.0020916716804041794
0.020190000000000003,0.0030055353111840847,0.0011572396767536106
0.020200000000000003,0.003460037889858748,0.0040670797750156
0.020210000000000002,-0.00018086932454434036,0.003134930944515671
0.020220000000000002,0.00491615799629273,0.0017057472424200906
0.02023,0.004453073361715518,0.008165568859599534
0.02024,0.0028433703136743612,0.0033231861198567978
0.02025,0.0015763253736805467,0.002899386293208382
0.02026,0.003973366311602936,0.0029268804957512705
0.020270000000000003,0.001013815822233726,0.0029502311041992623
0.020280000000000003,0.005977981618576111,0.003435090736127402
0.020290000000000002,0.004977947278348253,0.00206410681191756
0.020300000000000002,0.0045541564177879875,0.0030969778725965773
0.02031,0.001152917398072161,0.003175795549439878
0.02032,0.0010717283289398008,0.0012733042332905963
0.02033,0.0034341609487442584,0.003133864472659372
0.02034,0.0006774219624070604,0.004647658510806056
0.02035,0.004200281887724099,0.001130541039543195
0.020360000000000003,-1.8517942956152843e-05,0.0022504995947913737
0.020370000000000003,0.0021651464213931896,0.002766900409195207
0.020380000000000002,0.0023311826064288943,-0.0014739835842393508
0.020390000000000002,0.002281104012310247,0.001930002457382964
0.0204,0.004325501779277929,0.0011451517727545525
0.02041,0.006415910798033473,-0.0012814196366010338
0.02042,0.005681278049289848,0.00209353376602139
0.02043,0.004778494281702024,0.0027020848193998973
0.020440000000000003,0.0053388169734264225,0.001768067966191673
0.020450000000000003,0.0008628462965067749,0.005384110414444539
0.020460000000000002,0.002833506981807337,0.002986528632426321
0.020470000000000002,0.005530353109688576,0.00047981094701490465
0.02048,0.004252211966318732,0.0013642415651341703
0.02049,0.002797272230702172,0.0026888985565948257
0.0205,6.154787165268873e-05,0.0009869759889415074
0.02051,0.005764517913628791,0.004317341801577545
0.02052,0.0029374733901995406,0.0030315155924082802
0.020530000000000003,0.002474647831523259,0.005258744599241375
0.020540000000000003,0.002662807867135679,0.003009571065365715
0.020550000000000002,0.005355953373016517,0.0009914528663017206
0.020560000000000002,0.006181851397909867,-0.0005144181271296844
0.02057,0.006323937117595323,0.0018014622823616948
0.02058,0.002579635068537289,-0.0012328982325677134
0.02059,0.0021558227207094803,0.0004678176089797058
0.0206,0.00185049893854811,0.00227311720247251
0.020610000000000003,0.0049817542147184025,0.0029632542017284276
0.020620000000000003,0.0036819035317937512,0.00035731698805159355
0.020630000000000003,0.0013054211678403301,0.006146113971277943
0.020640000000000002,0.001596906282502715,0.005861388509617897
0.02065,0.002581564842273744,0.0025538558508919115
0.02066,0.00520879633161804,0.005093372697835557
0.02067,0.0028468195449326103,0.001773409524598282
0.02068,0.0029569823060822146,0.0032261183681964217
0.02069,0.004851808997898492,0.002558970612296861
0.020700000000000003,0.004307352524727229,0.005827537843990101
0.020710000000000003,0.003832577341315036,0.0031744314792383674
0.020720000000000002,3.251453838536275e-05,-0.0027100272159302457
0.020730000000000002,0.0038474656025741256,0.002362091788461136
0.02074,0.0020415266336935084,0.003039107755563851
0.02075,0.0029506622484918293,0.004807914847577779
0.02076,0.003244069050812131,0.0010588146783161675
0.02077,0.005052557283759467,0.0021187059038153843
0.020780000000000003,0.004125675548962596,0.0015984533497552108
0.020790000000000003,0.0017733256707226613,0.002721917834203835
0.020800000000000003,0.003099013873318881,0.003513541959593127
0.020810000000000002,0.002536442108632279,-0.0011185252602422453
0.02082,0.0022085627616932543,0.004142137563513928
0.02083,0.0024797351686917254,0.0020620400496900977
0.02084,0.005047617022078867,0.0011311665293357949
0.02085,-1.0365858257204048e-05,0.0022341567776549506
0.02086,0.0021072691286565547,0.000623232313845791
0.020870000000000003,0.0027252364573370816,0.0035390420883624012
0.020880000000000003,0.0030577924691253264,0.003170298683704039
0.020890000000000002,0.006703561097655306,0.0018708844637012876
0.020900000000000002,0.00363381896360514,0.001538521014200952
0.02091,0.0013847781336517584,0.0013874378893201794
0.02092,0.0021203561950014016,0.0032765101522558046
0.02093,0.007776400561665037,0.0011257769499405964
0.02094,0.0022453739129413963,0.0024319229660008513
0.020950000000000003,0.003870597643280943,0.0030855756903397005
0.020960000000000003,0.0056475668413173054,-0.0022940050958825185
0.020970000000000003,-0.0016941092934501067,0.0015673275845515303
0.020980000000000002,0.005274725901599312,-0.000571907346554182
0.02099,-0.0029347641871646474,0.0037020522219568548
0.021,0.0035681897915693078,0.00037958119363215234
0.02101,0.0011101708809826793,0.0006208150706001935
0.02102,0.0033026953420422288,0.0013079763651427342
0.02103,0.0040701270562137366,-0.0031483420955855275
0.021040000000000003,0.0013686698857632673,0.00030910752626549503
0.021050000000000003,0.00257006654370704,0.0014854240541959372
0.021060000000000002,0.004678809631442769,-0.0011568499437566524
0.021070000000000002,0.0031744790823669536,0.003678800379747011
0.02108,0.006797164947827422,0.0015988994303438447
0.02109,0.003733161115439189,-0.0010449904678656026
0.0211,-0.0016992947827400408,0.004252587519145983
0.02111,0.003073870644951441,0.0049203677031719045
0.021120000000000003,0.00033855894796779376,0.0036034500643678654
0.021130000000000003,0.006823373788041143,0.0034033603695767366
0.021140000000000003,0.0036392743866563064,0.002581364587952917
0.021150000000000002,-5.5278382694129175e-05,0.005275701477130629
0.02116,0.0018651422956817408,0.0035738252039188324
0.02117,-3.8838106377896316e-05,0.0002062423536906082
0.02118,0.0059577781245081455,0.0018708600025276255
0.02119,0.005994526985361806,0.0024093060663203667
0.0212,-0.0005954469174244254,0.004350205294224972
0.021210000000000003,0.0019089364762836186,0.003963750338522781
0.021220000000000003,0.003139515218354852,-0.0005195612211939386
0.021230000000000002,0.0034180552737592173,0.006959423948749275
0.021240000000000002,0.004075810808141051,0.0024522444948061202
0.02125,0.00524089673155766,0.002988919174290781
0.02126,0.0035096503132257774,0.00038463404940056265
0.02127,0.0035586497179471077,0.00463907328322603
0.02128,0.0014192010645336815,0.00541748005647095
0.021290000000000003,0.0029082849115939936,0.0007932512614687197
0.021300000000000003,0.005087332593746434,0.001995503590694046
0.021310000000000003,0.00461146958385743,0.001985876482406445
0.021320000000000002,0.002973158779848527,0.0035568157475452163
0.021330000000000002,0.0036749763292414934,-0.0014210667228016106
0.02134,0.0008510657702419438,0.004429118214252703
0.02135,0.002829650998298946,0.001523136953113174
0.02136,0.0003771469606463347,0.0004114281375766841
0.02137,-0.0009489315842296786,0.0023686404717566897
0.021380000000000003,0.001898161128624402,0.0006383271638510156
0.021390000000000003,0.002959159923187767,0.0032997451518909492
0.021400000000000002,0.007282173011411088,-0.0004516620968038599
0.021410000000000002,0.00541490949687546,0.0045186086243343224
0.02142,0.0015383320847051703,0.0029791780793735267
0.02143,0.0021816211079535718,0.002944383906922979
0.02144,0.0061155195666792485,0.003784519695289903
0.02145,0.004114844109734424,0.0017129889821884108
0.021460000000000003,0.00012988374705714262,0.002156971501286758
0.021470000000000003,0.005511582990597529,-0.00048012758227165093
0.021480000000000003,0.000988557438890432,0.00282704372025669
0.021490000000000002,0.001129795990418187,0.0009897613788504391
0.021500000000000002,0.0022522776721044385,-0.00015612660152524577
0.02151,0.0011516003092396495,0.00398226388275613
0.02152,0.0004854734940697874,-0.0006200364688591265
0.02153,0.001840532047155113,0.004039918464792078
0.02154,0.0027071072288361846,0.001647144871945927
0.021550000000000003,0.003190037169468035,-0.0009148083603043706
0.021560000000000003,0.004091099502677355,0.003343775954362955
0.021570000000000002,0.0022834397587936485,0.004589054210262084
0.021580000000000002,0.0008474329121877619,0.0048333223773326245
0.02159,0.0034117807357275545,0.0019046983243377448
0.0216,0.0030634143196615242,0.0023635729949228195
0.02161,0.005544095460595876,0.00042504320330484426
0.02162,0.0015788591584139562,0.004651306083415024
0.021630000000000003,0.00191319562695368,0.004380065204346852
0.021640000000000003,0.006503505215703616,0.0017757076556737174
0.021650000000000003,0.004467725547035079,0.00027221171627951537
0.021660000000000002,0.004614835026134651,0.002978742729933082
0.021670000000000002,0.004051812422433042,0.0012890490025561944
0.02168,-0.00021606365282651838,0.003586995574529524
0.02169,-0.001020335914291706,0.001946088668753957
0.0217,0.004989201228113106,0.0029648832430673993
0.02171,0.00700388978178767,0.0046316041045096875
0.021720000000000003,0.001799774604902911,0.0026363104970849867
0.021730000000000003,0.0030131967583044883,-0.0005823719411944595
0.021740000000000002,0.0012275070048392584,0.0014607575298019552
0.021750000000000002,-0.0009637696008320592,0.002677563948745436
0.02176,0.0026108941753846654,-0.0007629132116156153
0.02177,0.003917829947877168,0.00401491756950798
0.02178,0.0035638394205865075,0.0019353331292479453
0.02179,0.0042930209048786805,0.0039442075106484635
0.021800000000000003,0.0037253097723980557,0.0009348395094121173
0.021810000000000003,0.0036640700887115686,0.004975322443144428
0.021820000000000003,0.0019179762584243514,0.006780536861663269
0.021830000000000002,0.0020603382189448866,0.002649769162744466
0.021840000000000002,0.0017669944995611288,0.0030317936713990263
0.02185,-0.00037211219556733226,0.0014934651763154846
0.02186,0.0009284541806876441,0.002856522155087553
0.02187,0.005101956617717075,0.0038781544299171674
0.02188,-0.0016298916759904403,0.0066705778690273184
0.021890000000000003,0.003704351999791352,0.0010337367008347194
0.021900000000000003,0.0034284129232284477,0.0029394109567081267
0.021910000000000002,0.0017808245119954645,0.0029831608875688833
0.021920000000000002,0.0018999421253453773,0.0017788997200536777
0.02193,0.0017426930778788035,-0.00027742281006263875
0.02194,0.003407288832818413,0.0037588146179331114
0.02195,0.004145747521814771,0.004228362137222292
0.02196,0.003765025081321775,0.001523356434203737
0.021970000000000003,0.004796036616219888,-0.0001259319386596341
0.021980000000000003,0.0013157302429132138,0.0006609986203319669
0.021990000000000003,0.005277549141392291,0.004475271325446835
0.022000000000000002,0.0040924114070535365,0.004733849473478913
0.022010000000000002,0.001359599172743279,0.0032874753406326456
0.02202,0.0028681795802378268,0.004284344578568855
0.02203,0.002888443566249118,0.0018209897759663485
0.02204,0.004201072557816481,0.004343508981321693
0.02205,0.001782928515412596,0.002469314310618433
0.022060000000000003,0.001003100917384289,-0.00240436146298156
0.022070000000000003,0.0035212646222850395,0.0038098661155577494
0.022080000000000002,0.003644842047728413,-0.0013067732889872718
0.022090000000000002,0.0024193725348854956,-0.0018440507176132096
0.0221,0.005860836471295016,0.0004208302067804084
0.02211,0.005632604231397888,0.0044849731395381846
0.02212,0.0013209789595190974,0.0003279583434788705
0.02213,0.0038232626451770424,0.0009051744782492368
0.022140000000000003,0.0033278539403121944,0.0016284615904244267
0.022150000000000003,-0.0004390698334876472,-0.0018665251339006622
0.022160000000000003,0.003576977727815147,0.001471589456949271
0.022170000000000002,0.00201779172839249,0.003986726586077719
0.022180000000000002,0.005471217942970799,0.0020502033365285303
0.02219,0.0024434978995394882,0.0035958726299892265
0.0222,0.00041118599385921075,0.0030421863709783337
0.02221,0.004229190793125281,0.003956634289316634
0.02222,-0.0007477249429003636,0.001073756857203594
0.022230000000000003,0.0013696154655596401,0.002796534743386299
0.022240000000000003,0.004087992536400302,0.00559047500067709
0.022250000000000002,0.0021369337184189542,0.0016022024539192926
0.022260000000000002,0.0054265699159135265,0.003190794505950671
0.02227,0.00566288999632015,0.003175389726926153
0.02228,0.0008137147291700478,-6.802998290437448e-05
0.02229,2.5284358072228102e-05,0.003922623315705464
0.0223,0.005505863288975512,0.006297536762355188
0.022310000000000003,0.0048152409911540114,0.004924782381966969
0.022320000000000003,0.0019693582420774475,0.0002865662547084772
0.022330000000000003,0.004829910050344994,0.003435051968022695
0.022340000000000002,0.003345000509640976,0.0033747259142698953
0.022350000000000002,0.003776842998725495,0.005167909076347116
0.02236,0.005720803373769746,0.0036890083791964847
0.02237,0.0048227980171414815,0.003628985011544448
0.02238,0.0022092127734553114,0.004114281403067106
0.02239,0.0003429219630200868,0.004709227218808787
0.022400000000000003,0.0007432259822016539,0.0031733426632763154
0.022410000000000003,0.0014423236037334032,0.003708805945862461
0.022420000000000002,0.0030651406255145235,-0.0005871921319661483
0.022430000000000002,0.003974749794200197,0.0014467699500253037
0.02244,0.0048960033266667174,0.0026055545152361224
0.02245,0.003924911106852119,0.0006880567766228449
0.02246,0.0019557638224920945,0.0016862088782093679
0.02247,0.004848192293412724,0.005958531704715948
0.022480000000000003,0.0015248027754078918,0.004757765112111713
0.022490000000000003,-0.0012038497121313607,0.00021598122936381707
0.022500000000000003,0.0012183069539083052,-0.0001003662234577039
0.022510000000000002,-3.0954271721123604e-05,0.0034309400187605495
0.022520000000000002,0.002708445652655737,0.0033640439440047517
0.02253,0.004517884859371937,0.003136758004759965
0.02254,0.004452824177281837,0.002466750230923865
0.02255,0.0007636692851311203,0.004721733865478921
0.02256,0.0019597899319257444,0.0007352035222390287
0.022570000000000003,0.0027825364806829027,0.0007810648126571713
0.022580000000000003,0.0023038694022492023,0.0032950849414852762
0.022590000000000002,0.003835771477863628,0.0008116073282990535
0.022600000000000002,0.0021640349858983183,0.004756223749228515
0.02261,0.004132603599043349,0.006757978012730424
0.02262,0.005500417242267425,0.00489672418136791
0.02263,0.0003647812245848414,0.004136148773660656
0.02264,0.0030346620523917208,0.0015067544054558166
0.022650000000000003,0.003477263566790478,0.004499430939948083
0.022660000000000003,0.004143253197398182,0.0008523500423495887
0.022670000000000003,0.004626864872037392,0.0013344122513675942
0.022680000000000002,0.003575670212114678,0.0020031768072896437
0.022690000000000002,0.0027049282999937947,0.004142652415349186
0.0227,0.0010626300931305195,0.0065008460532073676
0.02271,-0.0004987979764378226,0.001415409893951349
0.02272,0.003884154471588266,0.003779662865622549
0.02273,0.0029431356803528374,0.0024965423155840208
0.022740000000000003,0.0039655436222538,0.00214947387211217
0.022750000000000003,0.005931162197954478,0.004290600077597277
0.022760000000000002,0.004890804515038653,0.0006798773412266938
0.022770000000000002,0.0029867349956880724,0.002011547746147219
0.02278,0.0011346650251946935,0.0033330967839495626
0.02279,0.002070932093762781,0.0039238647651367985
0.0228,0.0010061962170296924,0.0060514269374676785
0.02281,0.0013542696599497528,0.0030522389095624883
0.022820000000000003,0.004731009133117455,0.001472641815229223
0.022830000000000003,0.00485258323537885,0.00015584383764701568
0.022840000000000003,0.006052236684086063,0.002642797838008577
0.022850000000000002,0.00195553370809964,0.0020164239553223965
0.022860000000000002,0.004766550202319773,0.0014461650259076952
0.02287,0.001650351325438128,0.0021722904412635443
0.02288,0.0007954974208173606,0.006256739396588217
0.02289,0.0020169873073975016,0.0042791730148499805
0.0229,0.0035690714020598707,0.0006471591208806831
0.022910000000000003,0.00313857646281558,0.004184520477452189
0.022920000000000003,0.0027743177591560025,0.005003028425209152
0.022930000000000002,0.00519422566466223,0.004454919775250123
0.022940000000000002,0.00223223568607607,0.0004576926206063879
0.02295,0.0019247282732449975,0.0030101467656077296
0.02296,0.004243831066279985,-0.0017251906392132185
0.02297,0.0031363852932037493,0.002934417824975259
0.02298,0.002597877143046455,0.005201074174428983
0.022990000000000003,0.003996879665538905,0.0052391973527337096
0.023000000000000003,0.0027217522398764824,0.0044940554799259725
0.023010000000000003,0.006424159735422753,0.005242774270022264
0.023020000000000002,0.0009700973276227194,0.0021123220112406423
0.023030000000000002,0.002464404574085414,0.003598469949669128
0.02304,0.004527794467981809,0.0009424621630575722
0.02305,0.0032911176612877503,-0.0014193206031503226
0.02306,0.0060396838231625925,0.001596072048380566
0.02307,0.003267874772026873,0.002001807488907629
0.023080000000000003,0.0054485550258881535,-0.003053619660124781
0.023090000000000003,0.003123632077547492,0.0024100419321558004
0.023100000000000002,0.0022499327762385652,0.006074418681657173
0.023110000000000002,0.0013828993258876523,0.004165844006903868
0.02312,0.003870416416213201,0.005145576138420512
0.02313,0.0018238851675422903,0.001156885734947494
0.02314,0.005350755553512568,0.0034737519686876004
0.02315,6.909334989862364e-05,0.001544785060978214
0.023160000000000004,0.00393208555894615,0.004299209189978422
0.023170000000000003,0.0018012110562350627,-0.003204545656606994
0.023180000000000003,0.004206470748908504,0.00018361043849971339
0.023190000000000002,-0.0008743013004850158,-0.0030401146169427976
0.023200000000000002,0.00478868983806187,0.002882057467808127
0.02321,0.0027097670817989054,0.005403156546289097
0.02322,0.004436080838546168,0.005857993078623176
0.02323,0.0003763120612313097,0.002556576837595226
0.02324,-7.129230740778167e-05,0.002167198433681657
0.023250000000000003,0.002665254075804421,0.0038794753034313238
0.023260000000000003,0.0032539647904665293,0.003873347156658215
0.023270000000000002,0.004570068443369671,0.006936675005795877
0.023280000000000002,0.002532945919561668,0.0007450569404233796
0.02329,0.003656057418010265,0.0010228268980562003
0.0233,0.006128162585764083,0.002061235404933778
0.02331,0.002033439078995087,0.0016853244909779104
0.02332,0.004601777331945283,0.0023127463372970996
0.023330000000000004,0.001881959419475354,0.00595922842956809
0.023340000000000003,0.0014533038576901526,0.002699940953085953
0.023350000000000003,0.004470606226123219,-0.0006335772849203748
0.023360000000000002,0.004126865214283365,0.0005191616360983664
0.023370000000000002,0.004812259966455934,0.0007043589346752525
0.02338,0.004552582566617648,0.004841610982921712
0.02339,0.004890267557200972,0.0031328619590493463
0.0234,0.0027051425280426138,0.0014776732426226508
0.02341,0.006110163608521789,0.0012318056082110992
0.023420000000000003,0.0010943117978197024,0.003961817492457385
0.023430000000000003,0.001576519961812916,0.0007312361219524838
0.023440000000000003,0.0002819345722941636,0.001665826853160708
0.023450000000000002,0.003004062482577472,0.0031181133233603945
0.02346,0.005072454358062497,0.0036860089721442784
0.02347,0.0027884466748738014,0.0022361049496995187
0.02348,0.004190855201817898,0.005177919726891005
0.02349,0.003423517718519143,0.0016948007121726063
0.023500000000000004,0.0011855062785717384,-0.00025706516763087566
0.023510000000000003,0.004504126491711793,0.0037895852701693173
0.023520000000000003,0.004326662970478699,0.002376592113035016
0.023530000000000002,0.005986154090515029,0.0016659567206264753
0.023540000000000002,0.005083171657504345,0.0025569905451377625
0.02355,0.001956280144048583,0.0038198194963925004
0.02356,0.003992602307118074,0.003348986868305926
0.02357,0.0033362352162973306,0.0025595375757839875
0.02358,0.007950770566519116,0.0050041193405415026
0.023590000000000003,0.004620028485567395,0.0028594865990287646
0.023600000000000003,0.005189037117898964,0.0036721599894743765
0.023610000000000003,0.0032274801497202943,0.00202932386188105
0.023620000000000002,0.0030135838027369344,-0.0037041169619146937
0.02363,0.003596967897037249,0.0016600642688115138
0.02364,0.0063614538619429575,0.002675986411663923
0.02365,0.0007985345798639924,0.00253781972466475
0.02366,0.0010845667090529916,0.0035846765491538467
0.023670000000000004,0.003759050974854199,0.004553822586735638
0.023680000000000003,0.0015957399366021826,0.002706441045802692
0.023690000000000003,0.00044780710983862793,0.0040416958681150136
0.023700000000000002,0.004215940149222795,0.003630597719386527
0.023710000000000002,0.0031817828457226523,0.0034688147541760486
0.02372,0.006387569901373173,0.002069361676037403
0.02373,0.003456528861069704,0.0004675787315920046
0.02374,0.0014430632865580527,0.0028357389783397447
0.02375,0.005387798926540553,0.0021278317282676282
0.023760000000000003,0.0027084453052364887,0.0018269037948533701
0.023770000000000003,0.0021111114603031347,0.0032308980248991178
0.023780000000000003,0.0001864558572375794,0.0052031150190165396
0.023790000000000002,0.0018504728044760037,0.004085323511397419
0.0238,0.0006416663666890528,0.003979477399142194
0.02381,0.0045258988455142875,0.0034104818023348096
0.02382,0.0011934985624255166,0.0031414544805910766
0.02383,0.0008165891204920958,0.002137111957127056
0.023840000000000004,0.005241873483667834,0.0042363226102919045
0.023850000000000003,0.003213758866559396,0.0006935858160960527
0.023860000000000003,0.0044749140135377325,0.002682241578143198
0.023870000000000002,-0.001456547091506854,0.004209018813253406
0.023880000000000002,0.003135963861097377,0.0050489416375812035
0.02389,0.0009942338232162636,-0.0037090885806071857
0.0239,0.003743287817903849,0.003227726226547122
0.02391,-0.0001958780053772438,0.0006878795321304133
0.02392,0.008696245794272231,0.002033937069571979
0.023930000000000003,0.00464807322502016,0.0013441182405476535
0.023940000000000003,-0.000994105651500887,0.002305200922539628
0.023950000000000003,0.0026556358081371223,0.001846240383137146
0.023960000000000002,0.0029579079488303924,0.0031748127716562363
0.02397,0.002887300317163013,0.00011854318396306573
0.02398,0.004160248311379153,-0.0012519087756393903
0.02399,-0.0009124917689077505,0.004125474863264105
0.024,0.004202608016220923,0.002532602206329222
0.024010000000000004,0.00039801469767719805,0.0012318500415591826
0.024020000000000003,0.0026637623560623607,-0.0005438371039442939
0.024030000000000003,0.001711542588711075,0.003952890343773241
0.024040000000000002,0.006044554595795474,0.0018096389202908092
0.024050000000000002,0.004703264447509184,-0.001179333033354241
0.02406,0.004509534002027645,0.001041168884655886
0.02407,0.0038056664434662673,0.002153839408051516
0.02408,0.005832146829257279,0.0009007514024536203
0.02409,0.00444687491390478,0.0020908861513777945
0.024100000000000003,0.0028753947813682937,0.0022824715947771185
0.024110000000000003,0.0015010028565836022,0.0026222596767464766
0.024120000000000003,0.0030673958591527347,0.003133216257229443
0.024130000000000002,0.003362045742309568,0.004247002935940723
0.02414,0.005040395740311463,0.0005500451938571819
0.02415,0.004931266476519007,0.00027889690863798283
0.02416,0.0043697761286238986,0.0038913251822087634
0.02417,-0.0006282266440130885,0.0028380838804596006
0.024180000000000004,0.0022577576095695433,0.0011348725708321477
0.024190000000000003,0.005896797104743371,0.0013453224294864203
0.024200000000000003,0.001582681102303478,0.002804348139637878
0.024210000000000002,0.004566956880531696,0.002369938561333715
0.024220000000000002,0.005528860816931687,0.0037154644559199874
0.02423,-0.0011599606658864205,0.0015948565285788473
0.02424,0.00207311993324307,0.0036127896110675923
0.02425,-0.002052487911983187,0.007752364295326451
0.02426,0.004259540369882267,0.0029523755845265176
0.024270000000000003,0.005560965502832828,0.007342207106285822
0.024280000000000003,0.004939665159705478,0.0045528021427939415
0.024290000000000003,0.0034598936306865255,0.0023724013175789554
0.024300000000000002,0.0022472643157334378,0.0010035056406692126
0.024310000000000002,0.0018251685371474871,-4.510557942771255e-05
0.02432,0.0030477952788587467,-0.0007130521546088852
0.02433,0.0035817125831388353,0.002583898359821625
0.02434,0.0034940913972488956,0.0016125729374565833
0.024350000000000004,0.00935428271752323,0.005377344305026293
0.024360000000000003,0.0007118180648031185,0.003123125032318347
0.024370000000000003,0.001985231778092878,0.0006287056825292799
0.024380000000000002,0.0005214408319601498,0.0035223747216736835
0.024390000000000002,0.0018391653256157499,0.004593869518198944
0.0244,0.00518983095772982,0.005406322296397816
0.02441,0.0014978336408626673,0.0036095007290690108
0.02442,0.004467856162125949,0.0017106890651214467
0.02443,0.0016597442814352023,0.005878362580510586
0.024440000000000003,0.003658620326674322,0.0039315325100467684
0.024450000000000003,0.0015598168422137396,0.00022130376132940398
0.024460000000000003,0.0020654095192752676,0.002412105531480547
0.024470000000000002,0.001076209168805531,0.0026407342270331246
0.024480000000000002,-0.00017202116766491587,0.0004206044637043915
0.02449,0.004547151642969009,0.0038685557397973086
0.0245,0.002421915465556159,0.0006257213980223274
0.02451,0.0011512016552240388,0.0019149887676157824
0.024520000000000004,0.004495385415604358,0.004518291811946783
0.024530000000000003,0.002213624547539049,0.00035509067353586745
0.024540000000000003,0.003742714792636245,0.0010152806070385892
0.024550000000000002,0.002170861649852967,0.005313177678536693
0.024560000000000002,0.004861937107709661,0.0029788489981751954
0.02457,0.0006642074837460861,0.0030859683113104476
0.02458,0.005333699215390278,0.0019121825742718238
0.02459,0.005910951874142201,0.005249215141059714
0.0246,0.006536528331378622,0.0032744853981427078
0.024610000000000003,0.004384184952255405,0.005492648231684789
0.024620000000000003,0.004104528225021217,0.0016620798763202478
0.024630000000000003,0.002312993388814923,0.003141932363311176
0.024640000000000002,0.0006292948417723379,0.0023785789159327443
0.024650000000000002,0.005403850458785353,-0.0017171367376881959
0.02466,0.006280058875499013,0.004910393547163072
0.02467,0.0022919038028183037,0.003752700837797199
0.02468,0.0032180667639043195,0.0051261739184594556
0.024690000000000004,0.005177475784346039,-0.00013367433797455055
0.024700000000000003,0.004386972427609958,0.0022554852552443567
0.024710000000000003,0.003378450756813027,0.001210670942109695
0.024720000000000002,0.006709397682392251,0.004747412092801075
0.024730000000000002,0.0017339190579156228,-1.6591244008418334e-06
0.02474,0.002442453879012692,0.003536840945551967
0.02475,0.003694548497422089,0.005174374794430485
0.02476,0.0047943138359655335,0.00460752061554819
0.02477,0.003868522688470268,-0.00010994154955871593
0.024780000000000003,0.002823752234230917,0.0047891086652227174
0.024790000000000003,0.00311244076243884,0.003675383124964908
0.024800000000000003,0.002578327225705627,0.0006098518207642801
0.024810000000000002,0.002969472878619982,0.0032878434619109296
0.024820000000000002,0.0019051226321663134,0.0021985990720455512
0.02483,0.0013379085654150018,0.004908784310764429
0.02484,0.00262826042648745,0.0055760784077784524
0.02485,0.006275004449058628,0.0025087481580333124
0.024860000000000004,0.001200948003290043,-0.0015006829699299794
0.024870000000000003,0.0002741079568915647,-7.628423804328542e-05
0.024880000000000003,0.005975457906638811,0.0029033071406309257
0.024890000000000002,0.003998064162938394,-0.0017689115690163971
0.024900000000000002,0.0008232586336841285,0.0044463624127251845
0.02491,0.003793076008631268,0.00237806464179017
0.02492,0.0043495487072545275,0.005944343079159758
0.02493,0.0027781151836665857,0.0028117592683770017
0.02494,0.003605729983445331,0.007457511058275466
0.024950000000000003,-0.000977840433000313,0.00404000987051346
0.024960000000000003,0.0029916034628449046,0.0038073792751021234
0.024970000000000003,0.0019067986316263859,0.0025761776714521016
0.024980000000000002,0.004644700592584311,0.008900199974376952
0.024990000000000002,0.004838287421336747,0.0009785201440812119
0.025,0.002375031202265332,0.0017680948200077843
