{
  "credibility": 0.95,
  "hdi_lower": [
    0.1952309852822356,
    -0.3495390553746984,
    0.001801112051424636,
    0.11307549164816244,
    0.1836960602611713,
    0.6709803799040319,
    -0.3922254748659719,
    0.10490145256395222,
    0.13533535080082437,
    0.12833660561326588,
    -2.608929891925291,
    -0.3128068135037676,
    4.092626120851461,
    -0.32849244816009515,
    0.04947037889301953,
    0.016570671764419398,
    -0.4750989416191882,
    -0.3456595778692759,
    0.2878892885069353,
    0.10304478726286187
  ],
  "hdi_upper": [
    4.805845623078657,
    2.8577911059578476,
    4.179358024017869,
    2.9611223704421947,
    2.9959307725356625,
    4.972446045554506,
    2.918912441690548,
    4.7178121736459815,
    4.833869868150013,
    2.857982970067584,
    2.931230304120085,
    2.8678395540546564,
    28.658502454250286,
    2.9791823864592635,
    4.693620469489392,
    0.48266860868279116,
    2.6998935180054437,
    2.9012409723429893,
    4.858800976787985,
    4.717535761682264
  ],
  "et_lower": [
    0.20040381259136733,
    -0.36231114876176473,
    0.07291408077053682,
    0.09254387458195226,
    0.10096046142062155,
    0.4350148944822199,
    -0.4377979415073488,
    0.21401496011637042,
    0.1744245758051407,
    0.1204348094510158,
    -2.7321277920793436,
    -0.3117255289304106,
    4.092626120851461,
    -0.4046285838163345,
    0.09940313587757954,
    0.014338393861166476,
    -0.4343228433974856,
    -0.34483709085091224,
    0.28948120447837977,
    0.1504852515653105
  ],
  "et_upper": [
    4.819963454422973,
    2.854310228769619,
    4.353335664196448,
    2.9473673510158367,
    2.968213863590678,
    4.913459074618917,
    2.888454721189812,
    4.848834235188863,
    4.891887792579724,
    2.8486460054172773,
    2.812058159384807,
    2.8661014092188024,
    28.96340596497156,
    2.9510091914629637,
    4.800705654651324,
    0.47925319762033974,
    2.812049245398909,
    2.898920839616221,
    4.8536392745637045,
    4.777481495287433
  ],
  "median": [
    2.583051282550271,
    1.3135094355125432,
    1.5788020965084417,
    1.5986319933422704,
    1.4539956657713982,
    2.7184037898907087,
    1.354658415441564,
    2.29055259075312,
    2.5247657281877736,
    1.4676311474262567,
    0.11792768506230189,
    1.0782732930245076,
    10.398729382831668,
    1.4836281053417433,
    2.801122037568997,
    0.23914345628151024,
    0.821562884487592,
    1.3495107638799868,
    2.826873715983484,
    2.464603459285515
  ],
  "param_names": [
    "a11",
    "a12",
    "a22",
    "b1",
    "b2",
    "a33",
    "a34",
    "a44",
    "b3",
    "b4",
    "a13",
    "a14",
    "a23",
    "a24",
    "a55",
    "b5",
    "a15",
    "a25",
    "a35",
    "a45"
  ]
}
