{
  "MAP": {
    "n_obs": 6,
    "n_species": 5,
    "rmse_per_species": [
      0.03354027231464794,
      0.10541348585702527,
      0.2691388441409917,
      0.1610731677935164,
      0.1028002347288358
    ],
    "mae_per_species": [
      0.020388183971952002,
      0.09973909339328019,
      0.25130344453013165,
      0.13690934227786553,
      0.08471767762898845
    ],
    "rmse_total": 0.15568244855240496,
    "mae_total": 0.11861154836044359,
    "max_abs": 0.39093638000579056,
    "estimate_type": "MAP"
  },
  "Mean": {
    "n_obs": 6,
    "n_species": 5,
    "rmse_per_species": [
      0.03497608706093442,
      0.322486585529781,
      0.24940533484872318,
      0.0877537282219358,
      0.04272298911550534
    ],
    "mae_per_species": [
      0.023378947492085248,
      0.2969330932738101,
      0.2166618018028983,
      0.058629090095175494,
      0.022024133207260613
    ],
    "rmse_total": 0.18812225608872943,
    "mae_total": 0.12352541317424597,
    "max_abs": 0.4639439754410301,
    "estimate_type": "Mean"
  },
  "species_names": [
    "S. oralis",
    "A. naeslundii",
    "V. dispar",
    "F. nucleatum",
    "P. gingivalis"
  ]
}
