{
  "elapsed_time": 7356.435468673706,
  "converged": [
    true,
    true
  ],
  "MAP": [
    3.479275156384531,
    2.808806033761931,
    1.9491949471869678,
    2.88109661108332,
    1.306054403642432,
    2.287588834627739,
    2.8025807280513604,
    3.1703531610125104,
    2.0762884710878016,
    0.4695672494677071,
    -2.5569211278185717,
    2.5727635106977518,
    4.092626120851461,
    2.9510091914629637,
    3.5167707747057557,
    0.05736420791558655,
    0.497377845897798,
    1.2906345355450857,
    3.5624534483806802,
    2.413851796733323
  ],
  "mean": [
    2.4971821807297356,
    1.2831205969170196,
    1.693541992986205,
    1.5444276794337883,
    1.4796154801520416,
    2.8526516369235178,
    1.3153284762550297,
    2.420298791400374,
    2.5875683899569055,
    1.4807867661818834,
    0.11508066070790941,
    1.214221560487407,
    13.926566786379153,
    1.3708821883481819,
    2.677916201667395,
    0.2392841408402512,
    0.9675156546118924,
    1.320462141419161,
    2.6425340777734356,
    2.483240327773738
  ]
}
