{
  "theta_sub": [
    2.4971821807297356,
    1.2831205969170196,
    1.693541992986205,
    1.5444276794337883,
    1.4796154801520416,
    2.8526516369235178,
    1.3153284762550297,
    2.420298791400374,
    2.5875683899569055,
    1.4807867661818834,
    0.11508066070790941,
    1.214221560487407,
    13.926566786379153,
    1.3708821883481819,
    2.677916201667395,
    0.2392841408402512,
    0.9675156546118924,
    1.320462141419161,
    2.6425340777734356,
    2.483240327773738
  ],
  "theta_full": [
    2.4971821807297356,
    1.2831205969170196,
    1.693541992986205,
    1.5444276794337883,
    1.4796154801520416,
    2.8526516369235178,
    1.3153284762550297,
    2.420298791400374,
    2.5875683899569055,
    1.4807867661818834,
    0.11508066070790941,
    1.214221560487407,
    13.926566786379153,
    1.3708821883481819,
    2.677916201667395,
    0.2392841408402512,
    0.9675156546118924,
    1.320462141419161,
    2.6425340777734356,
    2.483240327773738
  ],
  "active_indices": [
    0,
    1,
    2,
    3,
    4,
    5,
    6,
    7,
    8,
    9,
    10,
    11,
    12,
    13,
    14,
    15,
    16,
    17,
    18,
    19
  ]
}
