{
  "theta_sub": [
    3.479275156384531,
    2.808806033761931,
    1.9491949471869678,
    2.88109661108332,
    1.306054403642432,
    2.287588834627739,
    2.8025807280513604,
    3.1703531610125104,
    2.0762884710878016,
    0.4695672494677071,
    -2.5569211278185717,
    2.5727635106977518,
    4.092626120851461,
    2.9510091914629637,
    3.5167707747057557,
    0.05736420791558655,
    0.497377845897798,
    1.2906345355450857,
    3.5624534483806802,
    2.413851796733323
  ],
  "theta_full": [
    3.479275156384531,
    2.808806033761931,
    1.9491949471869678,
    2.88109661108332,
    1.306054403642432,
    2.287588834627739,
    2.8025807280513604,
    3.1703531610125104,
    2.0762884710878016,
    0.4695672494677071,
    -2.5569211278185717,
    2.5727635106977518,
    4.092626120851461,
    2.9510091914629637,
    3.5167707747057557,
    0.05736420791558655,
    0.497377845897798,
    1.2906345355450857,
    3.5624534483806802,
    2.413851796733323
  ],
  "active_indices": [
    0,
    1,
    2,
    3,
    4,
    5,
    6,
    7,
    8,
    9,
    10,
    11,
    12,
    13,
    14,
    15,
    16,
    17,
    18,
    19
  ]
}
