{
  "commensal_static": {
    "condition": "commensal_static",
    "n_samples_total": 51,
    "n_samples_kept": 2,
    "n_filtered": 49,
    "is_real_posterior": false,
    "method": "0D Hamilton ODE",
    "di_scale_0d": 1.0,
    "di_0d_map": 0.42140992515545816,
    "E_di_map": 338.9805739601671,
    "di_0d_mean": 0.3008573158817839,
    "di_0d_median": 0.3008573158817839,
    "di_0d_std": 0.12055260927367428,
    "di_0d_ci90": [
      0.19235996753547702,
      0.40935466422809075
    ],
    "di_0d_ci_width": 0.21699469669261373,
    "E_di_mean": 506.3419975175327,
    "E_di_ci90": [
      355.7167163159036,
      656.9672787191619
    ],
    "E_di_ci_width": 301.25056240325824,
    "E_phi_pg_mean": 991.1227428384868,
    "E_phi_pg_ci90": [
      985.7993751485849,
      996.4461105283888
    ],
    "E_phi_pg_ci_width": 10.646735379803886,
    "E_vir_mean": 857.8093072917145,
    "E_vir_ci90": [
      733.7415723650269,
      981.877042218402
    ],
    "E_vir_ci_width": 248.13546985337518,
    "phi_Pg_mean": 0.0731250668690611,
    "timing_s": 18.1
  },
  "commensal_hobic": {
    "condition": "commensal_hobic",
    "n_samples_total": 51,
    "n_samples_kept": 22,
    "n_filtered": 29,
    "is_real_posterior": false,
    "method": "0D Hamilton ODE",
    "di_scale_0d": 1.0,
    "di_0d_map": 0.8427127160445667,
    "E_di_map": 33.16641685452279,
    "di_0d_mean": 0.8428481888208009,
    "di_0d_median": 0.8430386377051513,
    "di_0d_std": 0.0009339016682266227,
    "di_0d_ci90": [
      0.841106904250081,
      0.8441964098399147
    ],
    "di_0d_ci_width": 0.0030895055898337853,
    "E_di_mean": 33.12604581743654,
    "E_di_ci90": [
      32.716728858684675,
      33.65811916154389
    ],
    "E_di_ci_width": 0.9413903028592117,
    "E_phi_pg_mean": 999.9957255910605,
    "E_phi_pg_ci90": [
      999.9955005769465,
      999.9958954836828
    ],
    "E_phi_pg_ci_width": 0.00039490673634645646,
    "E_vir_mean": 999.9940929280378,
    "E_vir_ci90": [
      999.9937809650485,
      999.9943284731764
    ],
    "E_vir_ci_width": 0.0005475081279655569,
    "phi_Pg_mean": 0.011395112805292045,
    "timing_s": 18.0
  },
  "dh_baseline": {
    "condition": "dh_baseline",
    "n_samples_total": 50,
    "n_samples_kept": 50,
    "n_filtered": 0,
    "is_real_posterior": true,
    "method": "0D Hamilton ODE",
    "di_scale_0d": 1.0,
    "di_0d_map": 0.16125951955835072,
    "E_di_map": 705.0981887270722,
    "di_0d_mean": 0.7083143144103414,
    "di_0d_median": 0.8656606080672207,
    "di_0d_std": 0.24173823318605414,
    "di_0d_ci90": [
      0.22098675090526826,
      0.8884510010105868
    ],
    "di_0d_ci_width": 0.6674642501053185,
    "E_di_mean": 150.6010557059277,
    "E_di_ci90": [
      21.32768918564597,
      609.10987655435
    ],
    "E_di_ci_width": 587.782187368704,
    "E_phi_pg_mean": 912.7468551553178,
    "E_phi_pg_ci90": [
      149.55287103084288,
      999.999782520795
    ],
    "E_phi_pg_ci_width": 850.4469114899521,
    "E_vir_mean": 860.07790098695,
    "E_vir_ci90": [
      85.23839979265156,
      999.9997000876622
    ],
    "E_vir_ci_width": 914.7613002950106,
    "phi_Pg_mean": 0.056428365797990834,
    "timing_s": 17.6
  },
  "dysbiotic_static": {
    "condition": "dysbiotic_static",
    "n_samples_total": 51,
    "n_samples_kept": 51,
    "n_filtered": 0,
    "is_real_posterior": false,
    "method": "0D Hamilton ODE",
    "di_scale_0d": 1.0,
    "di_0d_map": 0.8454431433543875,
    "E_di_map": 32.34225336971628,
    "di_0d_mean": 0.8454018101860902,
    "di_0d_median": 0.8454431433543875,
    "di_0d_std": 0.0008664268577311216,
    "di_0d_ci90": [
      0.8439083352128913,
      0.8467491182922734
    ],
    "di_0d_ci_width": 0.00284078307938207,
    "E_di_mean": 32.355369091098375,
    "E_di_ci90": [
      31.953334646576863,
      32.80369118960324
    ],
    "E_di_ci_width": 0.8503565430263791,
    "E_phi_pg_mean": 999.9959443247839,
    "E_phi_pg_ci90": [
      999.9957536686234,
      999.9961122251324
    ],
    "E_phi_pg_ci_width": 0.00035855650901339686,
    "E_vir_mean": 999.9944080290974,
    "E_vir_ci90": [
      999.9941449338651,
      999.9946397435119
    ],
    "E_vir_ci_width": 0.0004948096468524454,
    "phi_Pg_mean": 0.011246505292969812,
    "timing_s": 18.0
  }
}
