{
  "target_condition": "dh_baseline",
  "n_iters": 500,
  "lr": 0.00010009770876212129,
  "K_hill": 0.05,
  "n_hill": 4.0,
  "n_steps_ode": 500,
  "target_di": 0.9309996618889924,
  "target_e_eff_gpa": 0.5,
  "target_e_eff_phi_pg_gpa": 10.0,
  "target_phi_pg": 2.4852293450567305e-09,
  "final_di": 0.9310045256099387,
  "final_e_eff_gpa": 0.5,
  "final_e_eff_phi_pg_gpa": 10.0,
  "final_phi_pg": 1.7082853980966022e-06,
  "theta_rel_error": 0.574749706854485,
  "final_loss": 0.007482215104567616,
  "timing_s": 54.5,
  "theta_target": [
    0.5205432728346953,
    1.8207970826367483,
    0.7441415924024912,
    2.079550814896673,
    2.4150726454161093,
    0.02381842698048997,
    -0.4405399465360915,
    2.8055397562966213,
    4.988259496272629,
    0.8919944578434205,
    -0.4394405153313352,
    -0.25301273261222956,
    1.653078969987149,
    1.42047351260726,
    0.009783074923792157,
    0.1909563915343552,
    1.5646252065632602,
    1.2470380878419847,
    17.335474403914507,
    4.578676373959917
  ],
  "theta_recovered": [
    -0.05244383964652324,
    -0.0017613343193775464,
    0.0005125667794344005,
    0.9723583619594947,
    0.6467940049800672,
    0.38384880660200105,
    0.0055239793169693675,
    0.8832149466295897,
    2.4707000519600903,
    -0.004963509622066533,
    -0.5054270660448525,
    -0.003264137209966245,
    0.21113160019039323,
    0.1421677480912436,
    -3.459360237312117e-05,
    0.0021254295228539458,
    0.0003720176156036655,
    0.03889093040134579,
    7.602733828230773,
    2.880014081306653
  ]
}
