{
  "target_condition": "commensal_static",
  "n_iters": 50,
  "lr": 0.01,
  "K_hill": 0.05,
  "n_hill": 4.0,
  "n_steps_ode": 100,
  "target_di": 0.1898625903486113,
  "target_e_eff_gpa": 0.5,
  "final_di": 0.1889536054001777,
  "final_e_eff_gpa": 0.5,
  "theta_rel_error": 0.12905403030751092,
  "final_loss": 0.0002749259919932005,
  "timing_s": 5.4,
  "theta_target": [
    1.536236640466116,
    1.3880556313842831,
    1.9197954201188194,
    2.150483767115132,
    2.2316741803232696,
    1.0296774349511466,
    1.0417656712645311,
    1.623797304470055,
    2.7544371454844288,
    0.5935035606458788,
    1.847419819245041,
    1.4271288753237532,
    2.6944938956805666,
    1.0717506611299759,
    2.6218711407667232,
    1.8829404991239027,
    0.7970839320495732,
    2.0153274210891707,
    1.3656251356446887,
    2.7882575113018295
  ],
  "theta_recovered": [
    1.7115627646866316,
    0.945043821691383,
    2.103708504773902,
    2.099695248816565,
    2.2458058714915894,
    0.9050317517347048,
    0.9508168933499236,
    1.507016704496628,
    2.766996109758554,
    0.5912280961467035,
    1.5984009802582149,
    0.8064371338529228,
    2.609043197355867,
    1.1464012287395793,
    2.504306547112574,
    1.8477759614834355,
    0.6270186809056315,
    1.8983425955776279,
    0.92702366681941,
    3.157518925569894
  ]
}