{
  "credibility": 0.95,
  "hdi_lower": [
    0.004777211869708364,
    -0.47037981875947654,
    0.05863157403428154,
    0.07178598911197698,
    0.47817680948133745,
    0.272244399141891,
    -0.43467098854159225,
    0.2967915275141064,
    0.42171785951249996,
    0.1649554862857389,
    -2.7215495182491836,
    -0.4891646393678133,
    1.6040230944981104,
    -0.4442082879278815,
    0.07619968251895592,
    0.015670625657511546,
    -0.4507318051873169,
    -0.16517258844308813,
    4.871256995617708,
    0.03171033336406737
  ],
  "hdi_upper": [
    4.664681271249668,
    2.5557869935331023,
    4.5020136751581505,
    2.7778160166444166,
    2.799265984945499,
    4.869117737432816,
    2.8850542856687307,
    4.912383447253835,
    4.863197784051046,
    2.8956406467100777,
    2.9359443591677374,
    2.528911313361765,
    26.46792348971658,
    2.6819746042405614,
    4.621920314647982,
    0.4423318015318214,
    2.896472016880411,
    2.8512976731059387,
    29.568454742244292,
    17.29024160914721
  ],
  "et_lower": [
    0.040227453671823774,
    -0.4300177876314807,
    0.11347379388770504,
    0.07343621692315569,
    0.2381103371731968,
    0.13997707462943046,
    -0.41374663041063,
    0.12374559833256804,
    0.28758256466389337,
    0.16599301294369,
    -2.8571450359548334,
    -0.44426171294746986,
    1.783488342741875,
    -0.42223286071418203,
    0.1411917750542132,
    0.01928817849386335,
    -0.43992106738937914,
    -0.20335668258712422,
    4.257333704900657,
    0.3311273206897856
  ],
  "et_upper": [
    4.772472217971872,
    2.616204496409349,
    4.6456711662180314,
    2.769089828395587,
    2.78454837384588,
    4.729163852126989,
    2.8836606107741636,
    4.867074460704379,
    4.738183886763398,
    2.8860532564987174,
    2.8767650917463334,
    2.7514172501068543,
    26.803011512986842,
    2.7362097668610543,
    4.6825861359235805,
    0.4520259066260023,
    2.9242389651333776,
    2.8251225508777438,
    29.527564800878995,
    18.141874928888626
  ],
  "median": [
    1.4659434586818634,
    0.8289551957298159,
    1.6132452617768402,
    1.837679868588781,
    1.886329633851057,
    2.2024441650263484,
    1.3243747967887995,
    1.9391425462425869,
    2.8593219526111975,
    1.6440642573932793,
    1.0125918561500313,
    0.26990079511740694,
    6.49384921709377,
    0.6599072065088316,
    2.2229500005181,
    0.24026828184325769,
    1.0983283276026512,
    1.2142077972086989,
    20.74706837452067,
    6.075476170651067
  ],
  "param_names": [
    "a11",
    "a12",
    "a22",
    "b1",
    "b2",
    "a33",
    "a34",
    "a44",
    "b3",
    "b4",
    "a13",
    "a14",
    "a23",
    "a24",
    "a55",
    "b5",
    "a15",
    "a25",
    "a35",
    "a45"
  ]
}
