{
  "MAP": {
    "n_obs": 6,
    "n_species": 5,
    "rmse_per_species": [
      0.0353949266100093,
      0.12920365368177475,
      0.21938692723096762,
      0.0881700163578807,
      0.43653382294420395
    ],
    "mae_per_species": [
      0.024395780195490383,
      0.09839750786936578,
      0.189457217351217,
      0.0575069617745747,
      0.418540943474406
    ],
    "rmse_total": 0.2299620573716996,
    "mae_total": 0.1576596821330108,
    "max_abs": 0.4951348036204042,
    "estimate_type": "MAP"
  },
  "Mean": {
    "n_obs": 6,
    "n_species": 5,
    "rmse_per_species": [
      0.03541329618674752,
      0.12865571879626794,
      0.2273303304499908,
      0.08768849952548907,
      0.42357714957177367
    ],
    "mae_per_species": [
      0.02443109269186514,
      0.10021157719270664,
      0.19748793111690965,
      0.05839050909354485,
      0.4039975473782707
    ],
    "rmse_total": 0.22653580258170106,
    "mae_total": 0.15690373149465942,
    "max_abs": 0.48213028694828874,
    "estimate_type": "Mean"
  },
  "species_names": [
    "S. oralis",
    "A. naeslundii",
    "V. dispar",
    "F. nucleatum",
    "P. gingivalis"
  ]
}
