{
  "model": "M1",
  "theta_base_policy": "prior_mean_full_vector",
  "rom_error_MAP_vs_FOM": 0.0,
  "rom_error_MEAN_vs_FOM": 0.0,
  "fit_MAP": {
    "n_obs": 20,
    "n_species": 2,
    "rmse_per_species": [
      0.37690546760035865,
      0.361785829297301
    ],
    "mae_per_species": [
      0.36230512531792264,
      0.3240966976215919
    ],
    "rmse_total": 0.36942300807298184,
    "mae_total": 0.34320091146975723,
    "max_abs": 0.4914935894488819
  },
  "fit_MEAN": {
    "n_obs": 20,
    "n_species": 2,
    "rmse_per_species": [
      0.37691467539655044,
      0.36188535494903484
    ],
    "mae_per_species": [
      0.3623179128081053,
      0.3242340983296744
    ],
    "rmse_total": 0.3694764421826349,
    "mae_total": 0.3432760055688898,
    "max_abs": 0.4915445410029389
  }
}