{
  "condition": "dh_baseline",
  "n_samples_total": 50,
  "n_samples_kept": 50,
  "n_filtered": 0,
  "is_real_posterior": true,
  "method": "0D Hamilton ODE",
  "di_scale_0d": 1.0,
  "di_0d_map": 0.16125951955835072,
  "E_di_map": 705.0981887270722,
  "di_0d_mean": 0.7083143144103414,
  "di_0d_median": 0.8656606080672207,
  "di_0d_std": 0.24173823318605414,
  "di_0d_ci90": [
    0.22098675090526826,
    0.8884510010105868
  ],
  "di_0d_ci_width": 0.6674642501053185,
  "E_di_mean": 150.6010557059277,
  "E_di_ci90": [
    21.32768918564597,
    609.10987655435
  ],
  "E_di_ci_width": 587.782187368704,
  "E_phi_pg_mean": 912.7468551553178,
  "E_phi_pg_ci90": [
    149.55287103084288,
    999.999782520795
  ],
  "E_phi_pg_ci_width": 850.4469114899521,
  "E_vir_mean": 860.07790098695,
  "E_vir_ci90": [
    85.23839979265156,
    999.9997000876622
  ],
  "E_vir_ci_width": 914.7613002950106,
  "phi_Pg_mean": 0.056428365797990834,
  "timing_s": 17.6
}