{
  "condition": "dysbiotic_static",
  "n_samples": 50,
  "di_mean_global": 0.04894254487376024,
  "di_ci_width": 0.0012232816225722853,
  "eeff_mean_gpa": 0.5,
  "eeff_ci_width_gpa": 0.0,
  "epg_mean_pa": 998.5281122195333,
  "epg_ci_width_pa": 0.01304089064420083,
  "evir_mean_pa": 997.9581622431625,
  "evir_ci_width_pa": 0.016010483860032423,
  "timing_s": 2470.5
}
