{
  "job": "two_layer_T23_commensal_static_virulence.odb",
  "mises_max": 45.20050811767578,
  "mises_mean": 1.7390365044153526,
  "disp_max": 398.7355041503906,
  "disp_mean": 173.19651186698658
}
