{
  "condition": "commensal_hobic",
  "n_samples_total": 51,
  "n_samples_kept": 22,
  "n_filtered": 29,
  "is_real_posterior": false,
  "method": "0D Hamilton ODE",
  "di_scale_0d": 1.0,
  "di_0d_map": 0.8427127160445667,
  "E_di_map": 33.16641685452279,
  "di_0d_mean": 0.8428481888208009,
  "di_0d_median": 0.8430386377051513,
  "di_0d_std": 0.0009339016682266227,
  "di_0d_ci90": [
    0.841106904250081,
    0.8441964098399147
  ],
  "di_0d_ci_width": 0.0030895055898337853,
  "E_di_mean": 33.12604581743654,
  "E_di_ci90": [
    32.716728858684675,
    33.65811916154389
  ],
  "E_di_ci_width": 0.9413903028592117,
  "E_phi_pg_mean": 999.9957255910605,
  "E_phi_pg_ci90": [
    999.9955005769465,
    999.9958954836828
  ],
  "E_phi_pg_ci_width": 0.00039490673634645646,
  "E_vir_mean": 999.9940929280378,
  "E_vir_ci90": [
    999.9937809650485,
    999.9943284731764
  ],
  "E_vir_ci_width": 0.0005475081279655569,
  "phi_Pg_mean": 0.011395112805292045,
  "timing_s": 18.0
}